{
  "format_version": "1.8.0",
  "render_controllers": {
    "controller.render.loadisk.bear": {
      "arrays": {
        "textures": {
          "Array.base": ["Texture.polar","Texture.black","Texture.brown"],
          "Array.armor": [
            "Texture.armor_none",
            "Texture.armor_leather",
            "Texture.armor_iron",
            "Texture.armor_gold",
            "Texture.armor_diamond"
          ]
        }
      },
      "geometry": "Geometry.default",
      "materials": [{ "*": "Material.default" }],
      "textures": [
        "q.is_saddled ? Texture.saddle : Texture.armor_none",
        "Array.base[q.skin_id]",
        "Array.armor[v.armor_type]"]
    },
    "controller.render.loadisk.bear.saddle": {
      "part_visibility": [
        { "saddle*": "q.is_saddled" },
        { "chest*": "q.is_chested" }
      ],
      "geometry": "Geometry.default",
      "materials": [{ "*": "Material.default" }],
      "textures": ["Texture.saddle"]
    }
  }
}
