{
  "format_version": "1.8.0",
  "render_controllers": {
    "controller.render.loadisk.camel": {
      "part_visibility": [
        { "Saddle": "query.is_saddled" },
        { "Saddle2": "query.is_saddled" },
        { "Bit*": "query.is_saddled" },
        { "Bridle": "query.is_saddled" },
        { "Reins*" : "query.is_saddled && query.has_rider" },
        { "chest1*" : "query.is_chested" },
        { "chest2*" : "query.is_chested" },
        { "MuleEar*" : false}
      ],
      "arrays": {
        "textures": {
          "Array.base": [
            "Texture.camel_brown00",
            "Texture.camel_brown01",
            "Texture.camel_creamy00",
            "Texture.camel_creamy01"
          ],
          "Array.gear": [
            "Texture.gear_default",
            "Texture.gear_aqua", 
            "Texture.gear_black", 
            "Texture.gear_blue",
            "Texture.gear_brown", 
            "Texture.gear_dark_aqua",
            "Texture.gear_dark_blue", 
            "Texture.gear_dark_green", 
            "Texture.gear_dark_red",
            "Texture.gear_gold", 
            "Texture.gear_gray", 
            "Texture.gear_green", 
            "Texture.gear_light_gray", 
            "Texture.gear_light_purple", 
            "Texture.gear_purple",
            "Texture.gear_red",
            "Texture.gear_white",
            "Texture.gear_yellow"
          ],
          "Array.armor": [
            "Texture.armor_none",
            "Texture.armor_leather",
            "Texture.armor_iron",
            "Texture.armor_gold",
            "Texture.armor_diamond"
          ]
        }
      },
      "geometry": "Geometry.default",
      "materials": [
        { "*": "Material.default" }
      ],
      "textures": [
        "Array.base[variable.skin_texture_slot]",
        "Array.gear[variable.gear_texture_slot]",
        "Array.armor[variable.armor_type]"
      ]
    }
  }
}
