{
  "format_version": "1.8.0",
  "render_controllers": {
    "controller.render.loadisk.deer": {
      "part_visibility": [
        { "saddle*": "q.is_saddled" },
        { "chest*": "q.is_chested" },
        { "antler*": "q.variant != 1" }
      ],
      "arrays": {
        "textures": {
          "Array.base": [
            "Texture.default_buck",
            "Texture.default_doe",
            "Texture.rein_buck",
            "Texture.rein_doe",
            "Texture.spotted_buck",
            "Texture.spotted_doe",
            "Texture.whitetail_buck", 
            "Texture.whitetail_doe",
            "Texture.mythic_green",
            "Texture.mythic_red",
            "Texture.mythic_blue"
          ],
          "Array.armor": [
            "Texture.armor_none",
            "Texture.armor_leather",
            "Texture.armor_iron",
            "Texture.armor_gold",
            "Texture.armor_diamond"
          ]
        }
      },
      "geometry": "Geometry.default",
      "materials": [{ "*": "Material.default" }],
      "textures": [
        "Texture.armor_none",
        "Array.base[q.skin_id]",
        "Array.armor[variable.armor_type]"
      ]
    }
  }
}
