{
  "format_version": "1.8.0",
  "render_controllers": {
    "controller.render.loadisk.donkey": {
      "part_visibility": [
        { "Saddle": "query.is_saddled" },
        { "Bit*": "query.is_saddled" },
        { "Bridle": "query.is_saddled" },
        { "Reins*" : "query.is_saddled && query.has_rider" },
        { "Bag*" : "query.is_chested" },
        { "Ear*" : false}
      ],
      "arrays": {
        "textures": {
          "Array.base": [
            "Texture.base_donkey00",
            "Texture.base_donkey01",
            "Texture.base_donkey02",
            "Texture.base_donkey03"
          ],
          "Array.gear": [
            "Texture.gear_default",
            "Texture.gear_aqua", 
            "Texture.gear_black", 
            "Texture.gear_blue",
            "Texture.gear_brown", 
            "Texture.gear_dark_aqua",
            "Texture.gear_dark_blue", 
            "Texture.gear_dark_green", 
            "Texture.gear_dark_red",
            "Texture.gear_gold", 
            "Texture.gear_gray", 
            "Texture.gear_green", 
            "Texture.gear_light_gray", 
            "Texture.gear_light_purple", 
            "Texture.gear_purple",
            "Texture.gear_red",
            "Texture.gear_white",
            "Texture.gear_yellow"
          ],
          "Array.armor": [
            "Texture.armor_none",
            "Texture.armor_leather",
            "Texture.armor_iron",
            "Texture.armor_gold",
            "Texture.armor_diamond"
          ]
        }
      },
      "geometry": "Geometry.default",
      "materials": [
        { "*": "Material.default" }
      ],
      "textures": [
        "Array.base[variable.skin_texture_slot]",
        "Array.gear[variable.gear_texture_slot]",
        "Array.armor[variable.armor_texture_slot]"
      ],
      "color": {
        "r": "variable.armor_texture_slot ? query.armor_color_slot(1, 0) : this",
        "g": "variable.armor_texture_slot ? query.armor_color_slot(1, 1) : this",
        "b": "variable.armor_texture_slot ? query.armor_color_slot(1, 2) : this",
        "a": "variable.armor_texture_slot ? query.armor_color_slot(1, 3) : this"
      }
    }
  }
}
