{
  "format_version": "1.8.0",
  "render_controllers": {
    "controller.render.loadisk.hag": {
      "arrays": {
        "textures": {
          "Array.skins": [
            "Texture.skin00",
            "Texture.skin01",
            "Texture.skin02",
            "Texture.skin03"
          ]
        }
      },
      "geometry": "Geometry.default",
      "materials": [
        {
          "*": "Material.default"
        }
      ],
      "textures": [
        "Array.skins[v.type]"
      ]
    },
    "controller.render.loadisk.star": {
      "ignore_lighting": true,
      "geometry": "Geometry.star",
      "materials": [{"*": "Material.default"}],
      "textures": ["Texture.star"],
      "overlay_color": {
        "r": "((Math.sin(query.life_time * 500.0) + 1.0) * 0.5)",
        "g": "0.0",
        "b": "0.0",
        "a": "0.50"
      } 
    }
  }
}
