{
    "format_version": "1.8.0",
    "render_controllers": {
      "controller.render.loadisk.mushi.face": {
        "arrays": {
          "textures": {
            "Array.face": [
              "Texture.default",
              "Texture.elder"
            ]
          }
        },
        "geometry": "Geometry.default",
        "materials": [{ "*": "Material.default" }],
        "textures": ["Array.face[query.mark_variant]"]
      },
      "controller.render.loadisk.mushi.face.shocked": {
        "arrays": {
          "textures": {
            "Array.face": [
              "Texture.shocked",
              "Texture.elder_shocked"
            ]
          }
        },
        "geometry": "Geometry.default",
        "materials": [{ "*": "Material.default" }],
        "textures": ["Array.face[query.mark_variant]"]
      },
      "controller.render.loadisk.mushi.base": {
        "arrays": {
          "textures": {
            "Array.base": [
              "Texture.red",
              "Texture.brown",
              "Texture.crimson",
              "Texture.warped"
            ]
          }
        },
        "geometry": "Geometry.default",
        "materials": [{ "*": "Material.default" }],
        "textures": ["Array.base[query.skin_id]"]
      },
      "controller.render.loadisk.mushi.bag": {
        //"part_visibility": [{ "bag": "q.is_chested" }],
        "geometry": "geometry.default",
        "materials": [ { "*": "Material.default" } ],
        "textures": [ "texture.bag" ]
      }
    }
  }
  