{
  "format_version": "1.8.0",
  "render_controllers": {
    "controller.render.loadisk.wild_cat": {
      "part_visibility": [
        { "saddle0*": "q.is_saddled" },
        { "saddle1*": "q.is_saddled" },
        { "tail_fringe*": "q.skin_id == 2 && !q.is_sheared" },
        { "mane*": "q.skin_id == 2 && !q.is_sheared" },
        { "tail3*": "q.skin_id != 2" }
      ],
      "arrays": {
        "textures": {
          "Array.base": [
            "Texture.yellow",
            "Texture.white",
            "Texture.brown",
            "Texture.black"
          ]
        }
      },
      "geometry": "Geometry.default",
      "materials": [{ "*": "Material.default" }],
      "textures": [
        "Array.base[q.skin_id]"
      ]
    }
  }
}
