{
    "format_version": "1.10.0",
    "animations": {
        "animation.lab.player.join": {
            "animation_length": 10.5,
            "loop": false,
            "timeline": {
                "10.0": [
                    "/function root/mob/player/on_join"
                ]
            }
        },
        "animation.lab.player.thirst": {
            "animation_length": 15,
            "loop": false,
            "timeline": {
                "7.0": [
                    "/scoreboard players remove @s[scores={score.thirst=0..}] score.thirst 1"
                ]
            }
        },
        "animation.lab.player.drink": {
            "animation_length": 2,"loop": false,
            "timeline": {"1.5": ["/function root/system/operations/drink.potion"]}
        },
        "animation.lab.player.sleeping": {
            "animation_length": 0.1,
            "loop": false,
            "timeline": {"0.0": ["/scoreboard players add @s hc.sleep 1"]}
        },
        "animation.lab.player.tick": {
            "animation_length": 1,
            "loop": true,
            "timeline": {
                "0.0": [
                    "/damage @s[scores={score.thirst=0}] 1"
                ]
            }
        }
    }
}