{
  "format_version": "1.8.0",
  "animations": {
    "animation.lab.down": {
      "loop": true,
      "animation_length": 0.1,
      "timeline": {
        "0.0": [
          "/tp @s ^^-0.3^ true"
        ]
      }
    },
    "animation.lab.speed0": {
      "loop": true,
      "animation_length": 0.4,
      "timeline": {
        "0.0": [
          "/tp @s ^^^0.3 true"
        ]
      }
    },
    "animation.lab.speed1": {
      "loop": true,
      "animation_length": 0.3,
      "timeline": {
        "0.0": [
          "/tp @s ^^^0.3 true"
        ]
      }
    },
    "animation.lab.speed2": {
      "loop": true,
      "animation_length": 0.2,
      "timeline": {
        "0.0": [
          "/tp @s ^^^0.3 true"
        ]
      }
    },
    "animation.lab.speed3": {
      "loop": true,
      "animation_length": 0.1,
      "timeline": {
        "0.0": [
          "/tp @s ^^^0.3 true"
        ]
      }
    }
  }
}