{
  "format_version": "1.8.0",
  "animations": {
    "animation.lab.hopper_tp": {
      "loop": true,
      "animation_length": 0.1,
      "timeline": {
        "0.0": [
          "/function root/components/hopper/root",
          "/event entity @e[type=lab:pump] lab:start_pumping_event"
        ]
      }
    },
    "animation.lab.pump.init": {
      "loop": false,
      "animation_length": 0.1,
      "timeline": {
        "0.0": [
          "/replaceitem entity @s slot.inventory 0 lab:pump_spawn_egg"
        ]
      }
    }
  }
}