{
	"format_version": "1.10.0",
	"animation_controllers": {
		"controller.animation.lab.pump.recall": {
			"initial_state": "state_filter",
			"states": {
				"hopper": {
					"transitions": [
						{
							"state_filter": "(0.1)"
						}
					],
					"on_entry": [
						"/playsound beacon.deactivate @a[r=6] ~ ~ ~ 1 1 1", 
						"/particle minecraft:large_explosion ~ ~1.5 ~",
						"/particle minecraft:large_explosion ~ ~-0.5 ~",
						"/tellraw @a {\"rawtext\":[{\"selector\":\"@p[r=3,c=1]\"},{\"translate\" : \"pump.recall\"}]}",
						"/event entity @e[family=lab.auto_miner] lab:off_event",
						"/tp @e[family=lab.auto_miner] @s",
						"/kill @e[family=lab.auto_miner,r=2]",
						"/event entity @e[type=lab:pump] lab:stop_pumping_event",
						"@s lab:stop_recall_event"
					]
				},
				"state_filter": {
					"transitions": [
						{
							"hopper": "q.is_sheared"
						}
					]
				}
			}
		},
		"controller.animation.lab.pump.target_state": {
			"initial_state": "state_filter",
			"states": {
				"default": {
					"transitions": [{"state_filter": "q.variant != 0"}],
					"on_entry": ["/tag @s add default",
						"/tag @s remove stone","/tag @s remove deepstone","/tag @s remove dirt","/tag @s remove gravel",
						"/tag @s remove log","/tag @s remove sandstone","/tag @s remove nether","/tag @s remove ores"]
				},
				"deepstone": {
					"transitions": [{"state_filter": "q.variant != 1"}],
					"on_entry": ["/tag @s add deepstone",
						"/tag @s remove default","/tag @s remove stone","/tag @s remove dirt","/tag @s remove gravel",
						"/tag @s remove log","/tag @s remove sandstone","/tag @s remove nether","/tag @s remove ores"]
				},
				"clay": {
					"transitions": [{"state_filter": "q.variant != 2"}],
					"on_entry": ["/tag @s add clay",
						"/tag @s remove default","/tag @s remove stone","/tag @s remove deepstone","/tag @s remove dirt","/tag @s remove gravel",
						"/tag @s remove log","/tag @s remove sandstone","/tag @s remove nether","/tag @s remove ores"]
				},
				"dirt": {
					"transitions": [{"state_filter": "q.variant != 3"}],
					"on_entry": ["/tag @s add dirt",
						"/tag @s remove default","/tag @s remove stone","/tag @s remove deepstone","/tag @s remove gravel",
						"/tag @s remove log","/tag @s remove sandstone","/tag @s remove nether","/tag @s remove ores"]
				},
				"gravel": {
					"transitions": [{"state_filter": "q.variant != 4"}],
					"on_entry": ["/tag @s add gravel",
						"/tag @s remove default","/tag @s remove stone","/tag @s remove deepstone","/tag @s remove dirt",
						"/tag @s remove log","/tag @s remove sandstone","/tag @s remove nether","/tag @s remove ores"]
				},
				"log": {
					"transitions": [{"state_filter": "q.variant != 5"}],
					"on_entry": ["/tag @s add log","/tag @s remove default","/tag @s remove stone","/tag @s remove deepstone",
						"/tag @s remove dirt","/tag @s remove gravel","/tag @s remove sandstone","/tag @s remove nether","/tag @s remove ores"]
				},
				"sandstone": {
					"transitions": [{"state_filter": "q.variant != 6"}],
					"on_entry": ["/tag @s add sandstone","/tag @s remove default","/tag @s remove stone","/tag @s remove deepstone",
						"/tag @s remove dirt","/tag @s remove gravel","/tag @s remove log","/tag @s remove ores"]
				},
				"stone": {
					"transitions": [{"state_filter": "q.variant != 7"}],
					"on_entry": ["/tag @s add stone","/tag @s remove default","/tag @s remove deepstone","/tag @s remove dirt",
						"/tag @s remove gravel","/tag @s remove log","/tag @s remove sandstone","/tag @s remove nether","/tag @s remove ores"]
				},
				"nether": {
					"transitions": [{"state_filter": "q.variant != 8"}],
					"on_entry": ["/tag @s add nether","/tag @s remove default","/tag @s remove deepstone","/tag @s remove dirt",
						"/tag @s remove gravel","/tag @s remove log","/tag @s remove sandstone","/tag @s remove stone","/tag @s remove ores"]
				},
				"ores": {
					"transitions": [{"state_filter": "q.variant != 9"}],
					"on_entry": ["/tag @s add ores","/tag @s remove default","/tag @s remove stone","/tag @s remove deepstone",
						"/tag @s remove dirt","/tag @s remove gravel","/tag @s remove log","/tag @s remove sandstone"]
				},
				"state_filter": {
					"transitions": [
						{"default": "q.variant == 0"},
						{"deepstone": "q.variant == 1"},
						{"clay": "q.variant == 2"},
						{"dirt": "q.variant == 3"},
						{"gravel": "q.variant == 4"},
						{"log": "q.variant == 5"},
						{"sandstone": "q.variant == 6"},
						{"stone": "q.variant == 7"},
						{"nether": "q.variant == 8"},
						{"ores": "q.variant == 9"}
					]
				}
			}
		}
	}
}