{
  "format_version": "1.19.50",
  "minecraft:entity": {
    "description": {
      "identifier": "loadisk:bear",
      "is_spawnable": true,
      "is_summonable": true,
      "is_experimental": false,
      "properties": {"ld:armor_type" :{"type": "int",  "range":  [0,4],"default": 0,"client_sync": true}}
    },

    "component_groups": {
      "loadisk:polar":{"minecraft:skin_id":{"value": 0}},
      "loadisk:black":{"minecraft:skin_id":{"value": 1}},
      "loadisk:brown":{"minecraft:skin_id":{"value": 2}},
      "loadisk:is_wild":{
        "minecraft:tameable": {
          "probability": 0.33,
          "tame_items": ["salmon","cod"],
          "tame_event": {
            "event": "loadisk:on_tame_event",
            "target": "self"
          }
        }
      },
      "loadisk:is_tame":{
        "minecraft:is_tamed": {},
        "minecraft:persistent": {},
        "minecraft:damage_sensor": {"triggers": [{"deals_damage": true,"cause": "fall","damage_modifier": -10}]},
        "minecraft:inventory": {"inventory_size": 16,"container_type": "horse"},
        "minecraft:equippable": {
          "slots": [
            {
              "slot": 0,"item": "saddle",
              "accepted_items": ["saddle"],
              "on_equip": {"event": "loadisk:saddled_event"},
              "on_unequip": {"event": "loadisk:kill.saddled_event"}
            },
            {
              "slot": 1,"item": "horsearmoriron",
              "accepted_items": ["horsearmorleather","horsearmoriron","horsearmorgold","horsearmordiamond"]
            }
          ]
        }
      },
      "loadisk:is_chested": {"minecraft:is_chested":{}},
      "loadisk:is_saddled": {
        "minecraft:is_saddled": {},
        "minecraft:input_ground_controlled": {},
        "minecraft:can_power_jump": {},
        "minecraft:behavior.player_ride_tamed": {}
      },
      "minecraft:baby": {
        "minecraft:is_baby": {},
        "minecraft:scale": {"value": 0.5},
        "minecraft:ageable": {
          "duration": 1200,
          "feed_items": ["salmon","cod"],
          "grow_up": {
            "event": "minecraft:ageable_grow_up",
            "target": "self"
          }
        },

        "minecraft:behavior.follow_parent": {
          "priority": 4,
          "speed_multiplier": 1.25
        }
      },

      "minecraft:baby_wild": {
        "minecraft:on_target_acquired": {"event": "minecraft:on_scared","target": "self"},
        "minecraft:behavior.nearest_attackable_target": {
          "priority": 4,
          "entity_types": [
            {
              "filters": {
                "all_of": [
                  {"test": "is_family","subject": "other","value": "player"},
                  {"test": "has_component","subject": "self","operator":"!=","value": "minecraft:is_tamed"}
                ]
              },
              "max_dist": 16
            }
          ]
        }
      },

      "minecraft:baby_scared": {
        "minecraft:angry": {
          "duration": 1,"broadcast_anger": true,"broadcast_range": 41,
          "calm_event": {"event": "minecraft:baby_on_calm","target": "self"}
        }
      },

      "minecraft:adult": {
        "minecraft:experience_reward": {"on_death": "query.last_hit_by_player ? Math.Random(1,3) : 0"},
        "minecraft:loot": {"table": "loot_tables/entities/polar_bear.json"},
        "minecraft:breedable": {
          "require_tame": true,
          "allow_sitting": true,
          "inherit_tamed": true,
          "breeds_with": {
            "mate_type": "loadisk:bear",
            "baby_type": "loadisk:bear",
            "breed_event": {"event": "minecraft:entity_born","target": "baby"}
          },
          "breed_items": ["salmon","cod"]
        },
        "minecraft:rideable": {
          "seat_count": 1,"crouching_skip_interact": true,"rider_can_interact": true,
          "family_types": ["player"],
          "interact_text": "action.interact.ride.bear",
          "seats": {"position": [0, 1.5, -0.4]}
        }
      },

      "minecraft:adult_wild": {
        "minecraft:on_target_acquired": {"event": "minecraft:on_anger","target": "self"},
        "minecraft:on_friendly_anger": {"event": "minecraft:on_anger","target": "self"},
        "minecraft:behavior.nearest_attackable_target": {
          "priority": 4,
          "entity_types": [
            {
              "filters": {
                "all_of": [
                  {"test": "is_family","subject": "other","value": "player"},
                  {"test": "has_component","subject": "self","operator":"!=","value": "minecraft:is_tamed"}
                ]
              },
              "max_dist": 16
            }
          ]
        }
      },

      "minecraft:adult_hostile": {
        "minecraft:attack": {"damage": 6.0},
        "minecraft:angry": {
          "duration": 500,"broadcast_anger": false,"broadcast_range": 20,
          "calm_event": {"event": "minecraft:on_calm","target": "self"}
        },

        "minecraft:behavior.stomp_attack": {
          "priority": 1,
          "track_target": true,
          "require_complete_path": true,
          "stomp_range_multiplier": 2.0,
          "no_damage_range_multiplier": 2.0
        }
      }
    },

    "components": {
      "minecraft:is_hidden_when_invisible": {},
      "minecraft:type_family": {"family": [ "bear", "mob" ]},
      "minecraft:breathable": {"total_supply": 15,"suffocate_time": 0},
      "minecraft:nameable": {},
      "minecraft:health": {"value": 30},
      "minecraft:hurt_on_condition": {
        "damage_conditions": [
          {
            "filters": { "test": "in_lava", "subject": "self", "operator": "==", "value": true },
            "cause": "lava",
            "damage_per_tick": 4
          }
        ]
      },
      "minecraft:collision_box": {"width": 1.3,"height": 1.4},
      "minecraft:movement": {"value": 0.25},
      "minecraft:variable_max_auto_step": {
        "base_value": 1.0625,
        "controlled_value": 1.0625,
        "jump_prevented_value": 0.5625
      },
      "minecraft:horse.jump_strength": {"value": 0.8},
      "minecraft:water_movement": {"drag_factor": 0.98},
      "minecraft:navigation.walk": {"can_path_over_water": true,"avoid_damage_blocks": true},
      "minecraft:movement.basic": {},
      "minecraft:jump.static": {},
      "minecraft:can_climb": {},
      "minecraft:follow_range": {"value": 48},
      "minecraft:despawn": {"despawn_from_distance": {}},
      "minecraft:behavior.float": {"priority": 0},
      "minecraft:behavior.breed": {"priority": 1,"speed_multiplier": 1.0},
      "minecraft:behavior.hurt_by_target": {"priority": 2},
      "minecraft:behavior.random_stroll": {"priority": 6},
      "minecraft:behavior.look_at_player": {"priority": 7,"target_distance": 6.0,"probability": 0.02},
      "minecraft:behavior.mount_pathing": {
        "priority": 7,"speed_multiplier": 1.5,"target_dist": 0.0,"track_target": true
      },
      "minecraft:behavior.tempt": {
        "priority": 5,
        "speed_multiplier": 0.5,
        "within_radius": 16,
        "can_get_scared": true,
        "items": ["salmon","cod"]
      },
      "minecraft:behavior.random_look_around": {"priority": 8},
      "minecraft:physics": {},
      "minecraft:pushable": {"is_pushable": true,"is_pushable_by_piston": true},
      "minecraft:leashable": {"soft_distance": 4.0,"hard_distance": 6.0,"max_distance": 10.0},
      "minecraft:balloonable": {},
      "minecraft:conditional_bandwidth_optimization": {},
      "minecraft:healable": {
        "items": [
          {"item": "salmon","heal_amount": 2},{"item": "cod","heal_amount": 1}
        ]
      },
      "minecraft:interact": {
        "interactions": [
          {
            "on_interact": {"filters": {"all_of": [
              { "test": "has_component", "subject": "self", "operator": "==", "value": "minecraft:is_tamed" },
              { "test": "is_family", "subject": "other", "value": "player" },
              { "test": "has_equipment", "domain": "hand", "subject": "other", "value": "black_dye" }]},
              "event": "loadisk:saddled_event","target": "self"},
              "use_item": true,"swing": true,"play_sounds": "saddle","interact_text": "action.interact.saddle"
          },
          {
            "on_interact": {"filters": {"all_of": [
              { "test": "has_component", "subject": "self", "operator": "!=", "value": "minecraft:is_chested" },
              { "test": "has_component", "subject": "self", "operator": "==", "value": "minecraft:is_tamed" },
              { "test": "is_family", "subject": "other", "value": "player" },
              { "test": "has_equipment", "domain": "hand", "subject": "other", "value": "chest" }]},
              "event": "loadisk:chested_event","target": "self"},
              "use_item": true,"swing": true,"play_sounds": "saddle","interact_text": "action.interact.attachchest"
          }
        ]
      },
      "minecraft:environment_sensor": {
        "triggers": [
          {
            "filters": {
              "all_of": [
                { "test": "has_equipment", "subject": "self", "domain": "any", "operator": "!=", "value": "leather_horse_armor" },
                { "test": "has_equipment", "subject": "self", "domain": "any", "operator": "!=", "value": "iron_horse_armor" },
                { "test": "has_equipment", "subject": "self", "domain": "any", "operator": "!=", "value": "golden_horse_armor" },
                { "test": "has_equipment", "subject": "self", "domain": "any", "operator": "!=", "value": "diamond_horse_armor" }
              ]
            },
            "event": "loadisk:equip.no_armor"
          },
          {
            "filters": {
              "any_of": [
                { "test": "has_equipment", "subject": "self", "domain": "any", "operator": "==", "value": "leather_horse_armor" }
              ]
            },
            "event": "loadisk:equip.leather_armor"
          },
          {
            "filters": {
              "any_of": [
                { "test": "has_equipment", "subject": "self", "domain": "any", "operator": "==", "value": "iron_horse_armor" }
              ]
            },
            "event": "loadisk:equip.iron_armor"
          },
          {
            "filters": {
              "any_of": [
                { "test": "has_equipment", "subject": "self", "domain": "any", "operator": "==", "value": "golden_horse_armor" }
              ]
            },
            "event": "loadisk:equip.gold_armor"
          },
          {
            "filters": {
              "any_of": [
                { "test": "has_equipment", "subject": "self", "domain": "any", "operator": "==", "value": "diamond_horse_armor" }
              ]
            },
            "event": "loadisk:equip.diamond_armor"
          }
        ]
      }
    },

    "events": {
      "loadisk:equip.no_armor": {"set_property": {"ld:armor_type": 0}},
      "loadisk:equip.leather_armor": {"set_property": {"ld:armor_type": 1}},
      "loadisk:equip.iron_armor": {"set_property": {"ld:armor_type": 2}},
      "loadisk:equip.gold_armor": {"set_property": {"ld:armor_type": 3}},
      "loadisk:equip.diamond_armor": {"set_property": {"ld:armor_type": 4}},
      "minecraft:entity_spawned": {
        "randomize": [
          {
            "weight": 9,
            "add": {"component_groups": ["minecraft:adult","minecraft:adult_wild","loadisk:is_wild"]},
            "trigger": "loadisk:define_type_event"
          },
          {
            "weight": 1,
            "add": {"component_groups": ["minecraft:baby","minecraft:baby_wild","loadisk:is_wild"]},
            "trigger": "loadisk:define_type_event"
          }
        ]
      },
      "loadisk:define_type_event": {
        "sequence": [
          {
            "filters": {
              "all_of": [
                {"test": "is_biome", "operator": "==","value": "ice"},
                {"test": "is_biome", "operator": "!=","value": "forest"}
              ]
            },
            "add": {"component_groups": ["loadisk:polar"]}
          },
          {
            "filters": {
              "all_of": [
                {"test": "is_biome", "operator": "==","value": "forest"},
                {"test": "is_biome", "operator": "!=","value": "ice"}
              ]
            },
            "add": {"component_groups": ["loadisk:brown"]}
          },
          {
            "filters": {
              "all_of": [
                {"test": "is_biome", "operator": "!=","value": "forest"},
                {"test": "is_biome", "operator": "!=","value": "ice"}
              ]
            },
            "add": {"component_groups": ["loadisk:black"]}
          }
        ]
      },
      "minecraft:entity_born": {
        "sequence": [
          {
            "filters": {
              "all_of": [
                {"test": "is_biome", "operator": "==","value": "ice"},
                {"test": "is_biome", "operator": "!=","value": "forest"}
              ]
            },
            "add": {"component_groups": ["minecraft:baby","minecraft:baby_wild","loadisk:polar"]}
          },
          {
            "filters": {
              "all_of": [
                {"test": "is_biome", "operator": "==","value": "forest"},
                {"test": "is_biome", "operator": "!=","value": "ice"}
              ]
            },
            "add": {"component_groups": ["minecraft:baby","minecraft:baby_wild","loadisk:brown"]}
          },
          {
            "filters": {
              "all_of": [
                {"test": "is_biome", "operator": "!=","value": "forest"},
                {"test": "is_biome", "operator": "!=","value": "ice"}
              ]
            },
            "add": {"component_groups": ["minecraft:baby","minecraft:baby_wild","loadisk:black"]}
          }
        ]
      },

      "minecraft:ageable_grow_up": {
        "remove": {"component_groups": ["minecraft:baby","minecraft:baby_wild","minecraft:baby_scared"]},
        "add": {"component_groups": ["minecraft:adult","minecraft:adult_wild"]}
      },

      "minecraft:on_calm": {
        "remove": {"component_groups": ["minecraft:adult_hostile"]},
        "add": {"component_groups": ["minecraft:adult_wild"]}
      },

      "minecraft:on_anger": {
        "remove": {"component_groups": ["minecraft:adult_wild"]},
        "add": {"component_groups": ["minecraft:adult_hostile"]}
      },

      "minecraft:baby_on_calm": {
        "remove": {"component_groups": ["minecraft:baby_scared"]},
        "add": {"component_groups": ["minecraft:baby_wild"]}
      },
      "minecraft:on_scared": {
        "remove": {"component_groups": ["minecraft:baby_wild"]},
        "add": {"component_groups": ["minecraft:baby_scared"]}
      },
      "loadisk:chested_event": {
        "add": {"component_groups": ["loadisk:is_chested"]}
      },
      "loadisk:kill.chested_event": {
        "remove": {"component_groups": ["loadisk:is_chested"]}
      },
      "loadisk:saddled_event": {
        "add": {"component_groups": ["loadisk:is_saddled"]}
      },
      "loadisk:kill.saddled_event": {
        "remove": {"component_groups": ["loadisk:is_saddled"]}
      },
      "loadisk:on_tame_event": {
        "add": {"component_groups": ["loadisk:is_tame"]},
        "remove": {"component_groups": ["loadisk:is_wild"]}
      },
      "loadisk:mod.blackbear_event": {
        "add": {"component_groups": ["loadisk:black"]},
        "remove": {"component_groups": ["loadisk:brown","loadisk:polar"]}
      },
      "loadisk:mod.brownbear_event": {
        "add": {"component_groups": ["loadisk:brown"]},
        "remove": {"component_groups": ["loadisk:black","loadisk:polar"]}
      },
      "loadisk:mod.polarbear_event": {
        "add": {"component_groups": ["loadisk:polar"]},
        "remove": {"component_groups": ["loadisk:brown","loadisk:black"]}
      }
    }
  }
}
