{
  "format_version": "1.19.50",
  "minecraft:entity": {
    "description": {
      "identifier": "loadisk:camel",
      "is_spawnable": false,
      "is_summonable": false,
      "is_experimental": false,
			"scripts": {"animate": ["loadisk:horse"]},
			"animations": {"loadisk:horse": "controller.animation.loadisk.horse.in_water" },
      "properties": {"ld:armor_type" :{"type": "int",  "range":  [0,4],"default": 0,"client_sync": true}}
    },
    "component_groups":{
      "loadisk:one_hump":{
        "minecraft:is_sheared":{},
        "minecraft:rideable": {
          "seat_count": 1,"crouching_skip_interact": true,
          "family_types": ["player"],
          "interact_text": "action.interact.ride.camel",
          "seats": {"position": [0, 2, 0.2]}
        }
      },
      "loadisk:two_hump":{
        "minecraft:is_charged":{},
        "minecraft:rideable": {
          "seat_count": 2,"crouching_skip_interact": true,
          "family_types": ["player"],
          "interact_text": "action.interact.ride.camel",
          "seats": [{"position": [0, 2, 0.2]},{"position": [0, 2, -0.6]}]
        }
      },
      "loadisk:is_pegasus":{},
      "loadisk:is_chested": {"minecraft:is_chested":{}},
      "loadisk:zombification_timer": {
        "minecraft:is_shaking": {},
        "minecraft:timer": {
          "looping": false,"time": 5,
          "time_down_event": {"event": "loadisk:zombify_event"}
        }
      },
      "loadisk:is_buoyant":{
        "minecraft:buoyant": {
          "base_buoyancy": 0.5,"apply_gravity": true,"simulate_waves": true,
          "big_wave_probability": 0.02,"big_wave_speed": 5.0,
          "liquid_blocks": ["minecraft:water","minecraft:flowing_water"]
        }
      },
      "loadisk:is_wild": {
        "minecraft:despawn": {"despawn_from_distance": {}},
        "minecraft:behavior.mount_pathing": {"priority": 2,"speed_multiplier": 1.5,"target_dist": 0.0,"track_target": true},
        "minecraft:tamemount": {
          "min_temper": 0,"max_temper": 100,
          "feed_text": "action.interact.feed","ride_text": "action.interact.mount",
          "feed_items": [
            {"item": "wheat","temper_mod": 3},
            {"item": "sugar","temper_mod": 3},
            {"item": "apple","temper_mod": 3},
            {"item": "golden_carrot","temper_mod": 5},
            {"item": "golden_apple","temper_mod": 10},
            {"item": "appleEnchanted","temper_mod": 10}
          ],
          "auto_reject_items": [
            {"item":"horsearmorleather"},
            {"item":"horsearmoriron"},
            {"item":"horsearmorgold"},
            {"item":"horsearmordiamond"},
            {"item":"saddle"}
          ],
          "tame_event": {"event": "loadisk:on_tame_event","target": "self"}
        }
      },
      "loadisk:is_tamed": {
          "minecraft:is_tamed":{},
          "minecraft:persistent": {},
          "minecraft:type_family": {"family": ["camel","mount","mob","tamed"]},
          "minecraft:sittable":{},
          "minecraft:inventory": {"inventory_size": 16,"container_type": "horse"},
          "minecraft:breedable": {
            "require_tame": true,"inherit_tamed": false,
            "breeds_with": [
              {
                "mate_type": "minecraft:camel","baby_type": "minecraft:camel",
                "breed_event": {"event": "minecraft:entity_born","target": "baby"}
              }
            ],
            "breed_items": ["golden_carrot","golden_apple","appleEnchanted"]
          }
      },
      "loadisk:horse_saddled": {
        "minecraft:is_saddled": {},
        "minecraft:input_ground_controlled": {},
        "minecraft:can_power_jump": {},
        "minecraft:behavior.player_ride_tamed": {}
      },
      "loadisk:is_baby": {
          "minecraft:is_baby": {},
          "minecraft:scale_by_age": {"start_scale": 0.5,"end_scale": 0.87},
          "minecraft:ageable": {"duration": 1200,
            "feed_items": [
              {"item": "wheat","growth": 0.016667},
              {"item": "sugar","growth": 0.025},
              {"item": "hay_block","growth": 0.15},
              {"item": "apple","growth": 0.05},
              {"item": "golden_carrot","growth": 0.05},
              {"item": "golden_apple","growth": 0.2},
              {"item": "appleEnchanted","growth": 0.2}
            ],
            "grow_up": {"event": "minecraft:ageable_grow_up","target": "self"}
          }
      },
      "loadisk:is_adult": {
        "minecraft:experience_reward": {
          "on_bred": "Math.Random(1,7)",
          "on_death": "query.last_hit_by_player ? Math.Random(1,3) : 0"
        },
          "minecraft:loot": {"table": "loot_tables/entities/horse.json"},
          "minecraft:behavior.run_around_like_crazy": {"priority": 4,"speed_multiplier": 1.2}
      },
      //#Visual Groups
      "loadisk:type_camel00": {"minecraft:skin_id": {"value": 0}},"loadisk:type_camel01": {"minecraft:skin_id": {"value": 1}},
      "loadisk:type_camel02": {"minecraft:skin_id": {"value": 2}},"loadisk:type_camel03": {"minecraft:skin_id": {"value": 3}},
      
      "loadisk:gear_default": {"minecraft:variant": {"value": 0}},"loadisk:gear_aqua": {"minecraft:variant": {"value": 1}},
      "loadisk:gear_black": {"minecraft:variant": {"value": 2}},"loadisk:gear_blue": {"minecraft:variant": {"value": 3}},
      "loadisk:gear_brown": {"minecraft:variant": {"value": 4}},"loadisk:gear_dark_aqua": {"minecraft:variant": {"value": 5}},
      "loadisk:gear_dark_blue": {"minecraft:variant": {"value": 6}},"loadisk:gear_dark_green": {"minecraft:variant": {"value": 7}},
      "loadisk:gear_dark_red": {"minecraft:variant": {"value": 8}},"loadisk:gear_gold": {"minecraft:variant": {"value": 9}},
      "loadisk:gear_gray": {"minecraft:variant": {"value": 10}},"loadisk:gear_green": {"minecraft:variant": {"value": 11}},
      "loadisk:gear_light_gray": {"minecraft:variant": {"value": 12}},"loadisk:gear_light_purple": {"minecraft:variant": {"value": 13}},
      "loadisk:gear_purple": {"minecraft:variant": {"value": 14}},"loadisk:gear_red": {"minecraft:variant": {"value": 15}},
      "loadisk:gear_white": {"minecraft:variant": {"value": 16}},"loadisk:gear_yellow": {"minecraft:variant": {"value": 17}}
    },
    "components": {
      "minecraft:nameable": {},
      "minecraft:balloonable": {},
      "minecraft:is_hidden_when_invisible": {},
      "minecraft:health": {"value": {"range_min": 15,"range_max": 60}},
      "minecraft:follow_range": {"value": 100,"max": 100},
      "minecraft:breathable": {"totalSupply": 15,"suffocateTime": 0},
      //Movement
      "minecraft:jump.static": {},
      "minecraft:movement": {"value": {"range_min": 0.1125,"range_max": 0.2152}},
      "minecraft:horse.jump_strength": {"value": {"range_min": 0.3,"range_max": 1.0}},
      "minecraft:leashable": {"soft_distance": 4.0,"hard_distance": 6.0,"max_distance": 32.0},
      "minecraft:navigation.generic": {
          "can_walk_in_lava": false,"can_path_over_lava": false,
          "can_jump": true,"can_walk": true,"can_path_from_air": false,
          "avoid_damage_blocks": true,"avoid_portals": true,"avoid_sun": false,
          "can_break_doors": false,"can_open_doors": false,"can_open_iron_doors": false,"can_pass_doors": true,
          "avoid_water": true,"can_sink": true,"can_swim": true,"can_breach": false,"is_amphibious": false,"can_path_over_water": false
      },
      "minecraft:movement.generic": {},
      //Filters
      "minecraft:interact": {
        "interactions": [
          {
            "on_interact": {"filters": {"all_of": [
              { "test": "is_variant", "subject": "self","operator": "!=", "value": 1 },
              { "test": "has_component", "subject": "self", "operator": "==", "value": "minecraft:is_tamed" },
              { "test": "is_family", "subject": "other", "value": "player" },
              { "test": "has_equipment", "domain": "hand", "subject": "other", "value": "light_blue_dye" }]},
              "event": "loadisk:equip_gear_aqua_event","target": "self"},
              "use_item": true,"swing": true,"play_sounds": "saddle","interact_text": "action.interact.saddle"
          },
          {
            "on_interact": {"filters": {"all_of": [
              { "test": "is_variant", "subject": "self","operator": "!=", "value": 2 },
              { "test": "has_component", "subject": "self", "operator": "==", "value": "minecraft:is_tamed" },
              { "test": "is_family", "subject": "other", "value": "player" },
              { "test": "has_equipment", "domain": "hand", "subject": "other", "value": "black_dye" }]},
              "event": "loadisk:equip_gear_black_event","target": "self"},
              "use_item": true,"swing": true,"play_sounds": "saddle","interact_text": "action.interact.saddle"
          },
          {
            "on_interact": {"filters": {"all_of": [
              { "test": "is_variant", "subject": "self","operator": "!=", "value": 3 },
              { "test": "has_component", "subject": "self", "operator": "==", "value": "minecraft:is_tamed" },
              { "test": "is_family", "subject": "other", "value": "player" },
              { "test": "has_equipment", "domain": "hand", "subject": "other", "value": "lapis_lazuli" }]},
              "event": "loadisk:equip_gear_blue_event","target": "self"},
              "use_item": true,"swing": true,"play_sounds": "saddle","interact_text": "action.interact.saddle"
          },
          {
            "on_interact": {"filters": {"all_of": [
              { "test": "is_variant", "subject": "self","operator": "!=", "value": 4 },
              { "test": "has_component", "subject": "self", "operator": "==", "value": "minecraft:is_tamed" },
              { "test": "is_family", "subject": "other", "value": "player" },
              { "test": "has_equipment", "domain": "hand", "subject": "other", "value": "brown_dye" }]},
              "event": "loadisk:equip_gear_brown_event","target": "self"},
              "use_item": true,"swing": true,"play_sounds": "saddle","interact_text": "action.interact.saddle"
          },
          {
            "on_interact": {"filters": {"all_of": [
              { "test": "is_variant", "subject": "self","operator": "!=", "value": 5 },
              { "test": "has_component", "subject": "self", "operator": "==", "value": "minecraft:is_tamed" },
              { "test": "is_family", "subject": "other", "value": "player" },
              { "test": "has_equipment", "domain": "hand", "subject": "other", "value": "cyan_dye"}]},
              "event": "loadisk:equip_gear_dark_aqua_event","target": "self"},
              "use_item": true,"swing": true,"play_sounds": "saddle","interact_text": "action.interact.saddle"
          },
          {
            "on_interact": {"filters": {"all_of": [
              { "test": "is_variant", "subject": "self","operator": "!=", "value": 6 },
              { "test": "has_component", "subject": "self", "operator": "==", "value": "minecraft:is_tamed" },
              { "test": "is_family", "subject": "other", "value": "player" },
              { "test": "has_equipment", "domain": "hand", "subject": "other", "value": "blue_dye" }]},
              "event": "loadisk:equip_gear_dark_blue_event","target": "self"},
              "use_item": true,"swing": true,"play_sounds": "saddle","interact_text": "action.interact.saddle"
          },
          {
            "on_interact": {"filters": {"all_of": [
              { "test": "is_variant", "subject": "self","operator": "!=", "value": 7 },
              { "test": "has_component", "subject": "self", "operator": "==", "value": "minecraft:is_tamed" },
              { "test": "is_family", "subject": "other", "value": "player" },
              { "test": "has_equipment", "domain": "hand", "subject": "other", "value": "green_dye" }]},
              "event": "loadisk:equip_gear_dark_green_event","target": "self"},
              "use_item": true,"swing": true,"play_sounds": "saddle","interact_text": "action.interact.saddle"
          },
          {
            "on_interact": {"filters": {"all_of": [
              { "test": "is_variant", "subject": "self","operator": "!=", "value": 8 },
              { "test": "has_component", "subject": "self", "operator": "==", "value": "minecraft:is_tamed" },
              { "test": "is_family", "subject": "other", "value": "player" },
              { "test": "has_equipment", "domain": "hand", "subject": "other", "value": "red_dye" }]},
              "event": "loadisk:equip_gear_dark_red_event","target": "self"},
              "use_item": true,"swing": true,"play_sounds": "saddle","interact_text": "action.interact.saddle"
          },
          {
            "on_interact": {"filters": {"all_of": [
              { "test": "is_variant", "subject": "self","operator": "!=", "value": 9 },
              { "test": "has_component", "subject": "self", "operator": "==", "value": "minecraft:is_tamed" },
              { "test": "is_family", "subject": "other", "value": "player" },
              { "test": "has_equipment", "domain": "hand", "subject": "other", "value": "orange_dye" }]},
              "event": "loadisk:equip_gear_gold_event","target": "self"},
              "use_item": true,"swing": true,"play_sounds": "saddle","interact_text": "action.interact.saddle"
          },
          {
            "on_interact": {"filters": {"all_of": [
              { "test": "is_variant", "subject": "self","operator": "!=", "value": 10 },
              { "test": "has_component", "subject": "self", "operator": "==", "value": "minecraft:is_tamed" },
              { "test": "is_family", "subject": "other", "value": "player" },
              { "test": "has_equipment", "domain": "hand", "subject": "other", "value": "gray_dye" }]},
              "event": "loadisk:equip_gear_gray_event","target": "self"},
              "use_item": true,"swing": true,"play_sounds": "saddle","interact_text": "action.interact.saddle"
          },
          {
            "on_interact": {"filters": {"all_of": [
              { "test": "is_variant", "subject": "self","operator": "!=", "value": 11 },
              { "test": "has_component", "subject": "self", "operator": "==", "value": "minecraft:is_tamed" },
              { "test": "is_family", "subject": "other", "value": "player" },
              { "test": "has_equipment", "domain": "hand", "subject": "other", "value": "lime_dye" }]},
              "event": "loadisk:equip_gear_green_event","target": "self"},
              "use_item": true,"swing": true,"play_sounds": "saddle","interact_text": "action.interact.saddle"
          },
          {
            "on_interact": {"filters": {"all_of": [
              { "test": "is_variant", "subject": "self","operator": "!=", "value": 12 },
              { "test": "has_component", "subject": "self", "operator": "==", "value": "minecraft:is_tamed" },
              { "test": "is_family", "subject": "other", "value": "player" },
              { "test": "has_equipment", "domain": "hand", "subject": "other", "value": "light_gray_dye" }]},
              "event": "loadisk:equip_gear_light_gray_event","target": "self"},
              "use_item": true,"swing": true,"play_sounds": "saddle","interact_text": "action.interact.saddle"
          },
          {
            "on_interact": {"filters": {"all_of": [
              { "test": "is_variant", "subject": "self","operator": "!=", "value": 13 },
              { "test": "has_component", "subject": "self", "operator": "==", "value": "minecraft:is_tamed" },
              { "test": "is_family", "subject": "other", "value": "player" },
              { "test": "has_equipment", "domain": "hand", "subject": "other", "value": "magenta_dye" }]},
              "event": "loadisk:equip_gear_light_purple_event","target": "self"},
              "use_item": true,"swing": true,"play_sounds": "saddle","interact_text": "action.interact.saddle"
          },
          {
            "on_interact": {"filters": {"all_of": [
              { "test": "is_variant", "subject": "self","operator": "!=", "value": 14 },
              { "test": "has_component", "subject": "self", "operator": "==", "value": "minecraft:is_tamed" },
              { "test": "is_family", "subject": "other", "value": "player" },
              { "test": "has_equipment", "domain": "hand", "subject": "other", "value": "purple_dye" }]},
              "event": "loadisk:equip_gear_purple_event","target": "self"},
              "use_item": true,"swing": true,"play_sounds": "saddle","interact_text": "action.interact.saddle"
          },
          {
            "on_interact": {"filters": {"all_of": [
              { "test": "is_variant", "subject": "self","operator": "!=", "value": 15 },
              { "test": "has_component", "subject": "self", "operator": "==", "value": "minecraft:is_tamed" },
              { "test": "is_family", "subject": "other", "value": "player" },
              { "test": "has_equipment", "domain": "hand", "subject": "other", "value": "pink_dye" }]},
              "event": "loadisk:equip_gear_red_event","target": "self"},
              "use_item": true,"swing": true,"play_sounds": "saddle","interact_text": "action.interact.saddle"
          },
          {
            "on_interact": {"filters": {"all_of": [
              { "test": "is_variant", "subject": "self","operator": "!=", "value": 16 },
              { "test": "has_component", "subject": "self", "operator": "==", "value": "minecraft:is_tamed" },
              { "test": "is_family", "subject": "other", "value": "player" },
              { "test": "has_equipment", "domain": "hand", "subject": "other", "value": "white_dye" }]},
              "event": "loadisk:equip_gear_white_event","target": "self"},
              "use_item": true,"swing": true,"play_sounds": "saddle","interact_text": "action.interact.saddle"
          },
          {
            "on_interact": {"filters": {"all_of": [
              { "test": "is_variant", "subject": "self","operator": "!=", "value": 17 },
              { "test": "has_component", "subject": "self", "operator": "==", "value": "minecraft:is_tamed" },
              { "test": "is_family", "subject": "other", "value": "player" },
              { "test": "has_equipment", "domain": "hand", "subject": "other", "value": "yellow_dye" }]},
              "event": "loadisk:equip_gear_yellow_event","target": "self"},
              "use_item": true,"swing": true,"play_sounds": "saddle","interact_text": "action.interact.saddle"
          },
          {
            "on_interact": {"filters": {"all_of": [
              { "test": "has_component", "subject": "self", "operator": "!=", "value": "minecraft:is_chested" },
              { "test": "has_component", "subject": "self", "operator": "==", "value": "minecraft:is_tamed" },
              { "test": "is_family", "subject": "other", "value": "player" },
              { "test": "has_equipment", "domain": "hand", "subject": "other", "value": "chest" }]},
              "event": "loadisk:horse_chested_event","target": "self"},
              "use_item": true,"swing": true,"play_sounds": "saddle","interact_text": "action.interact.attachchest"
          }
        ]
      },
      "minecraft:environment_sensor": {
        "triggers": [
          {
            "filters": {
              "all_of": [
                { "test": "has_component", "subject": "self", "operator": "==", "value": "minecraft:is_saddled"},
                { "test": "is_skin_id", "subject": "self","operator": "!=", "value": 43 },
                {"test": "in_water","operator": "!=","value": true}
              ]
            },
            "event": "loadisk:on_land"
          },
          {
            "filters": {
              "any_of": [
                { "test": "has_component", "subject": "self", "operator": "==", "value": "minecraft:is_saddled"},
                { "test": "is_skin_id", "subject": "self","operator": "!=", "value": 43 },
                {"test": "in_water","operator": "==","value": true}
              ]
            },
            "event": "loadisk:in_water"
          },
          {
            "filters": {
              "all_of": [
                { "test": "has_equipment", "subject": "self", "domain": "any", "operator": "!=", "value": "leather_horse_armor" },
                { "test": "has_equipment", "subject": "self", "domain": "any", "operator": "!=", "value": "iron_horse_armor" },
                { "test": "has_equipment", "subject": "self", "domain": "any", "operator": "!=", "value": "golden_horse_armor" },
                { "test": "has_equipment", "subject": "self", "domain": "any", "operator": "!=", "value": "diamond_horse_armor" }
              ]
            },
            "event": "loadisk:equip.no_armor"
          },
          {
            "filters": {
              "any_of": [
                { "test": "has_equipment", "subject": "self", "domain": "any", "operator": "==", "value": "leather_horse_armor" }
              ]
            },
            "event": "loadisk:equip.leather_armor"
          },
          {
            "filters": {
              "any_of": [
                { "test": "has_equipment", "subject": "self", "domain": "any", "operator": "==", "value": "iron_horse_armor" }
              ]
            },
            "event": "loadisk:equip.iron_armor"
          },
          {
            "filters": {
              "any_of": [
                { "test": "has_equipment", "subject": "self", "domain": "any", "operator": "==", "value": "golden_horse_armor" }
              ]
            },
            "event": "loadisk:equip.gold_armor"
          },
          {
            "filters": {
              "any_of": [
                { "test": "has_equipment", "subject": "self", "domain": "any", "operator": "==", "value": "diamond_horse_armor" }
              ]
            },
            "event": "loadisk:equip.diamond_armor"
          }
        ]
      },
      "minecraft:equippable": {
        "slots": [
          {
            "slot": 0,"item": "saddle",
            "accepted_items": ["saddle"],
            "on_equip": {"event": "loadisk:horse_saddled_event"},
            "on_unequip": {"event": "loadisk:horse_unsaddled_event"}
          },
          {
            "slot": 1,"item": "horsearmoriron",
            "accepted_items": ["horsearmorleather","horsearmoriron","horsearmorgold","horsearmordiamond"]
          }
        ]
      },
      "minecraft:healable": {
        "items": [
          {"item": "wheat","heal_amount": 2},{"item": "sugar","heal_amount": 1},
          {"item": "hay_block","heal_amount": 20},{"item": "apple","heal_amount": 3},
          {"item": "golden_carrot","heal_amount": 4},{"item": "golden_apple","heal_amount": 10},
          {"item": "appleEnchanted","heal_amount": 10}
        ]
      },
      "minecraft:hurt_on_condition": {
          "damage_conditions": [
            {
              "filters": {"test": "in_lava","subject": "self","operator": "==","value": true},
              "cause": "lava","damage_per_tick": 4
            }
          ]
      },
      //Physics
      "minecraft:physics": {},
      "minecraft:conditional_bandwidth_optimization": {},
      "minecraft:collision_box": {"width": 1.4,"height": 1.6},
      "minecraft:pushable": {"is_pushable": true,"is_pushable_by_piston": true},
      //Behavior
      "minecraft:behavior.float": {"priority": 0},
      "minecraft:behavior.stay_while_sitting": {"priority": 1},
      "minecraft:behavior.breed": {"priority": 2,"speed_multiplier": 1.0},
      "minecraft:behavior.panic": {"priority": 3,"speed_multiplier": 1.2},
      "minecraft:behavior.follow_caravan": {
        "priority": 4,
        "speed_multiplier": 2.1,
        "entity_count": 10,
        "entity_types": {
          "filters": { "test" :  "is_family", "subject" : "other", "value" :  "loadisk:camel"}
        }
      },
      "minecraft:behavior.follow_owner": {"priority": 5,"start_distance": 16,"stop_distance": 17},
      "minecraft:behavior.tempt": {"speed_multiplier": 1.2,"items": ["golden_apple","appleEnchanted","golden_carrot"],"priority": 6},
      "minecraft:behavior.mount_pathing": {"priority": 7,"speed_multiplier": 1.5,"target_dist": 0.0,"track_target": true},
      "minecraft:behavior.random_stroll": {"priority": 1,"speed_multiplier": 1},
      "minecraft:behavior.look_at_target": {"priority": 11,"look_distance": 8},
      "minecraft:behavior.random_look_around": {"priority": 12},
      "minecraft:behavior.follow_parent": {"priority": 16,"speed_multiplier": 1.1}
    },
    "events": {
      "loadisk:equip.no_armor":   {"set_property": {"ld:armor_type": 0}},
      "loadisk:equip.leather_armor":   {"set_property": {"ld:armor_type": 1}},
      "loadisk:equip.iron_armor":   {"set_property": {"ld:armor_type": 2}},
      "loadisk:equip.gold_armor":   {"set_property": {"ld:armor_type": 3}},
      "loadisk:equip.diamond_armor":   {"set_property": {"ld:armor_type": 4}},

      "loadisk:manual_spawn": {"add": {"component_groups": ["loadisk:type_void"]}},//Overwiting define_type
      "minecraft:entity_spawned": {
          "randomize": [
            {"weight": 95,"trigger": "loadisk:define_camel_event","add": {"component_groups": ["loadisk:is_wild","loadisk:is_adult","loadisk:gear_default","loadisk:one_hump"]}},
            {"weight": 5,"trigger": "loadisk:define_camel_event","add": {"component_groups": ["loadisk:is_wild","loadisk:is_baby","loadisk:gear_default","loadisk:one_hump"]}},
            {"weight": 95,"trigger": "loadisk:define_camel_event","add": {"component_groups": ["loadisk:is_wild","loadisk:is_adult","loadisk:gear_default","loadisk:two_hump"]}},
            {"weight": 5,"trigger": "loadisk:define_camel_event","add": {"component_groups": ["loadisk:is_wild","loadisk:is_baby","loadisk:gear_default","loadisk:two_hump"]}}
          ]
      },
      "minecraft:entity_born": {"add": {"component_groups": ["loadisk:is_wild","loadisk:is_baby","loadisk:gear_default"]}},
      "loadisk:horse_saddled_event": {"add": {"component_groups": ["loadisk:horse_saddled"]}},
      "loadisk:horse_unsaddled_event": {"remove": {"component_groups": ["loadisk:horse_saddled"]}},
      "loadisk:horse_chested_event": {"add": {"component_groups": ["loadisk:is_chested"]}},
      "loadisk:horse_unchested_event": {"remove": {"component_groups": ["loadisk:is_chested"]}},
      "loadisk:on_tame_event": {"remove": {"component_groups": ["loadisk:is_wild"]},"add": {"component_groups": ["loadisk:is_tamed"]}},
      "loadisk:in_water": {"add": {"component_groups": ["loadisk:is_buoyant"]}},
      "loadisk:on_land": {"remove": {"component_groups": ["loadisk:is_buoyant"]}},
      "loadisk:define_camel_event": {
        "randomize": [
          {"weight": 1,"add": {"component_groups": ["loadisk:type_camel00"]}},
          {"weight": 1,"add": {"component_groups": ["loadisk:type_camel01"]}},
          {"weight": 1,"add": {"component_groups": ["loadisk:type_camel02"]}},
          {"weight": 1,"add": {"component_groups": ["loadisk:type_camel03"]}}
        ]
      },
      "loadisk:equip_gear_default_event": {
        "remove": {
          "component_groups": [
            "loadisk:gear_aqua","loadisk:gear_black","loadisk:gear_blue","loadisk:gear_brown","loadisk:gear_dark_aqua",
            "loadisk:gear_dark_blue","loadisk:gear_dark_green","loadisk:gear_dark_red","loadisk:gear_gold","loadisk:gear_gray","loadisk:gear_green",
            "loadisk:gear_light_gray","loadisk:gear_light_purple","loadisk:gear_purple","loadisk:gear_red","loadisk:gear_white","loadisk:gear_yellow"
          ]
        },
        "add": {"component_groups": ["loadisk:gear_default"]}
      },
      "loadisk:equip_gear_aqua_event": {
        "remove": {
          "component_groups": [
            "loadisk:gear_default","loadisk:gear_black","loadisk:gear_blue","loadisk:gear_brown","loadisk:gear_dark_aqua",
            "loadisk:gear_dark_blue","loadisk:gear_dark_green","loadisk:gear_dark_red","loadisk:gear_gold","loadisk:gear_gray","loadisk:gear_green",
            "loadisk:gear_light_gray","loadisk:gear_light_purple","loadisk:gear_purple","loadisk:gear_red","loadisk:gear_white","loadisk:gear_yellow"
          ]
        },
        "add": {"component_groups": ["loadisk:gear_aqua"]}
      },
      "loadisk:equip_gear_black_event": {
        "remove": {
          "component_groups": [
            "loadisk:gear_default","loadisk:gear_aqua","loadisk:gear_blue","loadisk:gear_brown","loadisk:gear_dark_aqua",
            "loadisk:gear_dark_blue","loadisk:gear_dark_green","loadisk:gear_dark_red","loadisk:gear_gold","loadisk:gear_gray","loadisk:gear_green",
            "loadisk:gear_light_gray","loadisk:gear_light_purple","loadisk:gear_purple","loadisk:gear_red","loadisk:gear_white","loadisk:gear_yellow"
          ]
        },
        "add": {"component_groups": ["loadisk:gear_black"]}
      },
      "loadisk:equip_gear_blue_event": {
        "remove": {
          "component_groups": [
            "loadisk:gear_default","loadisk:gear_aqua","loadisk:gear_black","loadisk:gear_brown","loadisk:gear_dark_aqua",
            "loadisk:gear_dark_blue","loadisk:gear_dark_green","loadisk:gear_dark_red","loadisk:gear_gold","loadisk:gear_gray","loadisk:gear_green",
            "loadisk:gear_light_gray","loadisk:gear_light_purple","loadisk:gear_purple","loadisk:gear_red","loadisk:gear_white","loadisk:gear_yellow"
          ]
        },
        "add": {"component_groups": ["loadisk:gear_blue"]}
      },
      "loadisk:equip_gear_brown_event": {
        "remove": {
          "component_groups": [
            "loadisk:gear_default","loadisk:gear_aqua","loadisk:gear_black","loadisk:gear_blue","loadisk:gear_dark_aqua",
            "loadisk:gear_dark_blue","loadisk:gear_dark_green","loadisk:gear_dark_red","loadisk:gear_gold","loadisk:gear_gray","loadisk:gear_green",
            "loadisk:gear_light_gray","loadisk:gear_light_purple","loadisk:gear_purple","loadisk:gear_red","loadisk:gear_white","loadisk:gear_yellow"
          ]
        },
        "add": {"component_groups": ["loadisk:gear_brown"]}
      },
      "loadisk:equip_gear_dark_aqua_event": {
        "remove": {
          "component_groups": [
            "loadisk:gear_default","loadisk:gear_aqua","loadisk:gear_black","loadisk:gear_blue","loadisk:gear_brown",
            "loadisk:gear_dark_blue","loadisk:gear_dark_green","loadisk:gear_dark_red","loadisk:gear_gold","loadisk:gear_gray","loadisk:gear_green",
            "loadisk:gear_light_gray","loadisk:gear_light_purple","loadisk:gear_purple","loadisk:gear_red","loadisk:gear_white","loadisk:gear_yellow"
          ]
        },
        "add": {"component_groups": ["loadisk:gear_dark_aqua"]}
      },
      "loadisk:equip_gear_dark_blue_event": {
        "remove": {
          "component_groups": [
            "loadisk:gear_default","loadisk:gear_aqua","loadisk:gear_black","loadisk:gear_blue","loadisk:gear_brown","loadisk:gear_dark_aqua",
            "loadisk:gear_dark_green","loadisk:gear_dark_red","loadisk:gear_gold","loadisk:gear_gray","loadisk:gear_green",
            "loadisk:gear_light_gray","loadisk:gear_light_purple","loadisk:gear_purple","loadisk:gear_red","loadisk:gear_white","loadisk:gear_yellow"
          ]
        },
        "add": {"component_groups": ["loadisk:gear_dark_blue"]}
      },
      "loadisk:equip_gear_dark_green_event": {
        "remove": {
          "component_groups": [
            "loadisk:gear_default","loadisk:gear_aqua","loadisk:gear_black","loadisk:gear_blue","loadisk:gear_brown","loadisk:gear_dark_aqua",
            "loadisk:gear_dark_blue","loadisk:gear_dark_red","loadisk:gear_gold","loadisk:gear_gray","loadisk:gear_green",
            "loadisk:gear_light_gray","loadisk:gear_light_purple","loadisk:gear_purple","loadisk:gear_red","loadisk:gear_white","loadisk:gear_yellow"
          ]
        },
        "add": {"component_groups": ["loadisk:gear_dark_green"]}
      },
      "loadisk:equip_gear_dark_red_event": {
        "remove": {
          "component_groups": [
            "loadisk:gear_default","loadisk:gear_aqua","loadisk:gear_black","loadisk:gear_blue","loadisk:gear_brown","loadisk:gear_dark_aqua",
            "loadisk:gear_dark_blue","loadisk:gear_dark_green","loadisk:gear_gold","loadisk:gear_gray","loadisk:gear_green",
            "loadisk:gear_light_gray","loadisk:gear_light_purple","loadisk:gear_purple","loadisk:gear_red","loadisk:gear_white","loadisk:gear_yellow"
          ]
        },
        "add": {"component_groups": ["loadisk:gear_dark_red"]}
      },
      "loadisk:equip_gear_gold_event": {
        "remove": {
          "component_groups": [
            "loadisk:gear_default","loadisk:gear_aqua","loadisk:gear_black","loadisk:gear_blue","loadisk:gear_brown","loadisk:gear_dark_aqua",
            "loadisk:gear_dark_blue","loadisk:gear_dark_green","loadisk:gear_dark_red","loadisk:gear_gray","loadisk:gear_green",
            "loadisk:gear_light_gray","loadisk:gear_light_purple","loadisk:gear_purple","loadisk:gear_red","loadisk:gear_white","loadisk:gear_yellow"
          ]
        },
        "add": {"component_groups": ["loadisk:gear_gold"]}
      },
      "loadisk:equip_gear_gray_event": {
        "remove": {
          "component_groups": [
            "loadisk:gear_default","loadisk:gear_aqua","loadisk:gear_black","loadisk:gear_blue","loadisk:gear_brown","loadisk:gear_dark_aqua",
            "loadisk:gear_dark_blue","loadisk:gear_dark_green","loadisk:gear_dark_red","loadisk:gear_gold","loadisk:gear_green",
            "loadisk:gear_light_gray","loadisk:gear_light_purple","loadisk:gear_purple","loadisk:gear_red","loadisk:gear_white","loadisk:gear_yellow"
          ]
        },
        "add": {"component_groups": ["loadisk:gear_gray"]}
      },
      "loadisk:equip_gear_green_event": {
        "remove": {
          "component_groups": [
            "loadisk:gear_default","loadisk:gear_aqua","loadisk:gear_black","loadisk:gear_blue","loadisk:gear_brown","loadisk:gear_dark_aqua",
            "loadisk:gear_dark_blue","loadisk:gear_dark_green","loadisk:gear_dark_red","loadisk:gear_gold","loadisk:gear_gray",
            "loadisk:gear_light_gray","loadisk:gear_light_purple","loadisk:gear_purple","loadisk:gear_red","loadisk:gear_white","loadisk:gear_yellow"
          ]
        },
        "add": {"component_groups": ["loadisk:gear_green"]}
      },
      "loadisk:equip_gear_light_gray_event": {
        "remove": {
          "component_groups": [
            "loadisk:gear_default","loadisk:gear_aqua","loadisk:gear_black","loadisk:gear_blue","loadisk:gear_brown","loadisk:gear_dark_aqua",
            "loadisk:gear_dark_blue","loadisk:gear_dark_green","loadisk:gear_dark_red","loadisk:gear_gold","loadisk:gear_gray","loadisk:gear_green",
            "loadisk:gear_light_purple","loadisk:gear_purple","loadisk:gear_red","loadisk:gear_white","loadisk:gear_yellow"
          ]
        },
        "add": {"component_groups": ["loadisk:gear_light_gray"]}
      },
      "loadisk:equip_gear_light_purple_event": {
        "remove": {
          "component_groups": [
            "loadisk:gear_default","loadisk:gear_aqua","loadisk:gear_black","loadisk:gear_blue","loadisk:gear_brown","loadisk:gear_dark_aqua",
            "loadisk:gear_dark_blue","loadisk:gear_dark_green","loadisk:gear_dark_red","loadisk:gear_gold","loadisk:gear_gray","loadisk:gear_green",
            "loadisk:gear_light_gray","loadisk:gear_purple","loadisk:gear_red","loadisk:gear_white","loadisk:gear_yellow"
          ]
        },
        "add": {"component_groups": ["loadisk:gear_light_purple"]}
      },
      "loadisk:equip_gear_purple_event": {
        "remove": {
          "component_groups": [
            "loadisk:gear_default","loadisk:gear_aqua","loadisk:gear_black","loadisk:gear_blue","loadisk:gear_brown","loadisk:gear_dark_aqua",
            "loadisk:gear_dark_blue","loadisk:gear_dark_green","loadisk:gear_dark_red","loadisk:gear_gold","loadisk:gear_gray","loadisk:gear_green",
            "loadisk:gear_light_gray","loadisk:gear_light_purple","loadisk:gear_red","loadisk:gear_white","loadisk:gear_yellow"
          ]
        },
        "add": {"component_groups": ["loadisk:gear_purple"]}
      },
      "loadisk:equip_gear_red_event": {
        "remove": {
          "component_groups": [
            "loadisk:gear_default","loadisk:gear_aqua","loadisk:gear_black","loadisk:gear_blue","loadisk:gear_brown","loadisk:gear_dark_aqua",
            "loadisk:gear_dark_blue","loadisk:gear_dark_green","loadisk:gear_dark_red","loadisk:gear_gold","loadisk:gear_gray","loadisk:gear_green",
            "loadisk:gear_light_gray","loadisk:gear_light_purple","loadisk:gear_purple","loadisk:gear_white","loadisk:gear_yellow"
          ]
        },
        "add": {"component_groups": ["loadisk:gear_red"]}
      },
      "loadisk:equip_gear_white_event": {
        "remove": {
          "component_groups": [
            "loadisk:gear_default","loadisk:gear_aqua","loadisk:gear_black","loadisk:gear_blue","loadisk:gear_brown","loadisk:gear_dark_aqua",
            "loadisk:gear_dark_blue","loadisk:gear_dark_green","loadisk:gear_dark_red","loadisk:gear_gold","loadisk:gear_gray","loadisk:gear_green",
            "loadisk:gear_light_gray","loadisk:gear_light_purple","loadisk:gear_purple","loadisk:gear_red","loadisk:gear_yellow"
          ]
        },
        "add": {"component_groups": ["loadisk:gear_white"]}
      },
      "loadisk:equip_gear_yellow_event": {
        "remove": {
          "component_groups": [
            "loadisk:gear_default","loadisk:gear_aqua","loadisk:gear_black","loadisk:gear_blue","loadisk:gear_brown","loadisk:gear_dark_aqua",
            "loadisk:gear_dark_blue","loadisk:gear_dark_green","loadisk:gear_dark_red","loadisk:gear_gold","loadisk:gear_gray","loadisk:gear_green",
            "loadisk:gear_light_gray","loadisk:gear_light_purple","loadisk:gear_purple","loadisk:gear_red","loadisk:gear_white"
          ]
        },
        "add": {"component_groups": ["loadisk:gear_yellow"]}
      },
      "loadisk:become_skeleton_event": {
        "remove": {
          "component_groups": [
            "loadisk:type_black00","loadisk:type_black01", "loadisk:type_black02", "loadisk:type_black03", "loadisk:type_black04", "loadisk:type_brown00", "loadisk:type_brown01",
            "loadisk:type_brown02", "loadisk:type_brown03", "loadisk:type_brown04", "loadisk:type_brown05", "loadisk:type_chestnut00","loadisk:type_chestnut01", 
            "loadisk:type_chestnut02", "loadisk:type_chestnut03", "loadisk:type_chestnut04","loadisk:type_creamy00", "loadisk:type_creamy01", "loadisk:type_creamy02",
            "loadisk:type_creamy03","loadisk:type_creamy04","loadisk:type_darkbrown00", "loadisk:type_darkbrown01","loadisk:type_darkbrown02", "loadisk:type_darkbrown03", 
            "loadisk:type_darkbrown04", "loadisk:type_darkbrown05", "loadisk:type_gray00", "loadisk:type_gray01", "loadisk:type_gray02","loadisk:type_gray03","loadisk:type_gray04",
            "loadisk:type_gray05", "loadisk:type_white00","loadisk:type_white01", "loadisk:type_white02","loadisk:type_white03", "loadisk:type_white04", "loadisk:type_white05", "loadisk:type_white06", 
            "loadisk:type_white07","loadisk:type_ender","loadisk:type_shadow","loadisk:type_unicorn","loadisk:type_void","loadisk:type_zombie","loadisk:is_deafult"
          ]
        },
        "add": {"component_groups": ["loadisk:type_skeleton","loadisk:is_undead"]}
      },
      "loadisk:zombification_timer_event": {
        "add": {"component_groups": ["loadisk:zombification_timer"]}
      },
      "loadisk:zombify_event": {
        "remove": {
          "component_groups": [
            "loadisk:type_black00","loadisk:type_black01", "loadisk:type_black02", "loadisk:type_black03", "loadisk:type_black04", "loadisk:type_brown00", "loadisk:type_brown01",
            "loadisk:type_brown02", "loadisk:type_brown03", "loadisk:type_brown04", "loadisk:type_brown05", "loadisk:type_chestnut00","loadisk:type_chestnut01", 
            "loadisk:type_chestnut02", "loadisk:type_chestnut03", "loadisk:type_chestnut04","loadisk:type_creamy00", "loadisk:type_creamy01", "loadisk:type_creamy02",
            "loadisk:type_creamy03","loadisk:type_creamy04","loadisk:type_darkbrown00", "loadisk:type_darkbrown01","loadisk:type_darkbrown02", "loadisk:type_darkbrown03", 
            "loadisk:type_darkbrown04", "loadisk:type_darkbrown05", "loadisk:type_gray00", "loadisk:type_gray01", "loadisk:type_gray02","loadisk:type_gray03","loadisk:type_gray04",
            "loadisk:type_gray05", "loadisk:type_white00","loadisk:type_white01", "loadisk:type_white02","loadisk:type_white03", "loadisk:type_white04", "loadisk:type_white05", "loadisk:type_white06", 
            "loadisk:type_white07","loadisk:type_ender","loadisk:type_shadow","loadisk:type_skeleton","loadisk:type_unicorn","loadisk:type_void","loadisk:zombification_timer","loadisk:is_deafult"
          ]
        },
        "add": {"component_groups": ["loadisk:type_zombie","loadisk:is_undead"]}
      }
    }
  }
}