{
  "format_version": "1.19.50",
  "minecraft:entity": {
    "description": {
      "identifier": "loadisk:deer", 
      "is_spawnable": true,
      "is_summonable": true,
      "is_experimental": false,
      "properties": {"ld:armor_type" :{"type": "int",  "range":  [0,4],"default": 0,"client_sync": true}}
    },
    "component_groups":{
      "loadisk:is_alpha": {
        "minecraft:scale":{"value": 1.08},
        "minecraft:is_sheared": {},
        "minecraft:behavior.nearest_attackable_target": {
          "priority": 8,"must_see": true,"reselect_targets": true,"within_radius": 32.0,
          "entity_types": [
            {
              "filters": {
                "all_of": [
                  {"test": "is_family","subject": "other","value": "deer"},
                  {"test": "is_family","subject": "other","value": "wild"},
                  {"test": "is_variant", "subject": "other","operator":"!=", "value": 1},
                  {"test": "has_component", "subject": "other","operator":"==", "value": "minecraft:is_sheared"},
                  {"test": "has_component", "subject": "other","operator":"!=", "value": "minecraft:is_baby"}
                ]
              },
              "max_dist": 32.0
            }
          ]
        }
      },
      "loadisk:is_chested": {"minecraft:is_chested":{}},
      "loadisk:skin00":{"minecraft:skin_id":{"value": 0},"minecraft:variant":{"value": 0}},
      "loadisk:skin01":{"minecraft:skin_id":{"value": 1},"minecraft:variant":{"value": 1}},
      "loadisk:skin02":{"minecraft:skin_id":{"value": 2},"minecraft:variant":{"value": 0}},
      "loadisk:skin03":{"minecraft:skin_id":{"value": 3},"minecraft:variant":{"value": 1}},
      "loadisk:skin04":{"minecraft:skin_id":{"value": 4},"minecraft:variant":{"value": 0}},
      "loadisk:skin05":{"minecraft:skin_id":{"value": 5},"minecraft:variant":{"value": 1}},
      "loadisk:skin06":{"minecraft:skin_id":{"value": 6},"minecraft:variant":{"value": 0}},
      "loadisk:skin07":{"minecraft:skin_id":{"value": 7},"minecraft:variant":{"value": 1}},
      "loadisk:skin08":{"minecraft:skin_id":{"value": 8},"minecraft:variant":{"value": 2}},
      "loadisk:skin09":{"minecraft:skin_id":{"value": 9},"minecraft:variant":{"value": 2}},
      "loadisk:skin10":{"minecraft:skin_id":{"value": 10},"minecraft:variant":{"value":2}},
      "loadisk:is_wild": {
          "minecraft:despawn": {"despawn_from_distance": {}},
          "minecraft:type_family": {"family": ["deer","mount","mob","wild"]},
          "minecraft:tamemount": {
              "min_temper": 30,"max_temper": 100,"feed_text": "action.interact.feed","ride_text": "action.interact.mount",
              "feed_items": [{"item": "beef","temper_mod": 3}],"auto_reject_items": [{"item": "horsearmorleather"},
              {"item": "horsearmoriron"},{"item": "horsearmorgold"},{"item": "horsearmordiamond"},{"item": "saddle"}],
              "tame_event": {"event": "loadisk:on_tame_event","target": "self"}
          },
          "minecraft:behavior.tempt": {
            "priority": 5,
            "speed_multiplier": 0.5,
            "within_radius": 16,
            "can_get_scared": true,
            "items": ["sweet_berries"]
          },
          "minecraft:behavior.avoid_mob_type": {
            "priority": 6,
            "entity_types": [
              {
                "filters": {
                  "any_of": [
                    {"test": "is_family", "subject" : "other", "value" :  "player"},
                    {
                      "all_of": [
                        {"test": "is_family", "subject" : "other", "value" :  "wolf"},
                        {"test": "has_component", "subject" : "self","operator": "!=","value": "minecraft:is_tame"}
                      ]
                    }
                  ]
                },
                "max_dist": 10,
                "walk_speed_multiplier": 0.8,
                "sprint_speed_multiplier": 1.33
              }
            ]
          },
          "minecraft:damage_sensor": {"triggers": [{"deals_damage": true,"cause": "fall","damage_modifier": -10}]}
      },
      "loadisk:is_tamed": {
          "minecraft:is_tamed":{},
          "minecraft:sittable":{},
          "minecraft:persistent": {},
          "minecraft:type_family": {"family": ["deer","mount","mob","tamed"]},
          "minecraft:inventory": {"inventory_size": 16,"container_type": "horse"},
          "minecraft:equippable": {
            "slots": [
              {
                "slot": 0,"item": "saddle",
                "accepted_items": ["saddle"],
                "on_equip": {"event": "loadisk:on_saddled_event"},
                "on_unequip": {"event": "loadisk:on_unsaddled_event"}
              },
              {
                "slot": 1,"item": "horsearmoriron",
                "accepted_items": ["horsearmorleather","horsearmoriron","horsearmorgold","horsearmordiamond"]
              }
            ]
          },
          "minecraft:interact": {
            "interactions": [
              {
                "play_sounds": "armor.equip_generic",
                "on_interact": {
                  "filters": {
                    "all_of": [
                      {"test": "is_family", "subject" : "other", "value" :  "player"},
                      {"test": "has_equipment", "domain": "hand","subject" : "other", "value" :  "chest"},
                      {"test": "has_component", "subject" : "self","operator": "!=","value": "minecraft:is_chested"}
                    ]
                  },
                  "event": "loadisk:on_chested_event",
                  "target": "self"
                },
                "use_item": true,
                "interact_text": "action.interact.attachchest"
              }
            ]
          },
          "minecraft:damage_sensor": {"triggers": [{"deals_damage": true,"cause": "fall","damage_modifier": -30}]}
      },
      "loadisk:is_saddled": {
        "minecraft:is_saddled": {},
        "minecraft:input_ground_controlled": {},
        "minecraft:can_power_jump": {},
        "minecraft:behavior.player_ride_tamed": {}
      },
      "loadisk:is_baby": {
          "minecraft:is_baby": {},
          "minecraft:scale_by_age": {"start_scale": 0.5,"end_scale": 1.0},
          "minecraft:ageable": {
              "duration": 1200,"feed_items": ["sweet_berries"],
              "grow_up": {"event": "loadisk:ageable_grow_up","target": "self"}
          }
      },
      "loadisk:is_adult": {
         "minecraft:experience_reward": {
           "on_bred": "Math.Random(1,7)",
            "on_death": "query.last_hit_by_player ? Math.Random(1,3) : 0"
          },
          "minecraft:loot": {"table": "loot_tables/entities/deer.json"},
          "minecraft:breedable": {
              "require_tame": true,
              "allow_sitting": true,
              "breeds_with": {
                  "mate_type": "loadisk:deer",
                  "baby_type": "loadisk:deer",
                  "breed_event": {"event": "minecraft:entity_born","target": "baby"}
              },
              "breed_items": ["sweet_berries"]
          },
          "minecraft:rideable": {
              "seat_count": 1,"crouching_skip_interact": true,"rider_can_interact": true,
              "family_types": ["player"],
              "interact_text": "action.interact.ride.deer",
              "seats": {"position": [0, 1.2, 0]}
          }
      }
    },
    "components": {
      "minecraft:nameable": {},
      "minecraft:is_hidden_when_invisible": {},
      "minecraft:attack": {"damage": 3},
      "minecraft:health": {"value": 18,"max": 18},
      "minecraft:follow_range": {"value": 100,"max": 100},
      "minecraft:breathable": {"totalSupply": 15,"suffocateTime": 0},
      //Movement
      "minecraft:jump.static": {},
      "minecraft:movement.generic": {},
      "minecraft:movement": {"value": 0.35},
      "minecraft:horse.jump_strength": {"value": 0.8},
      "minecraft:leashable": {"soft_distance": 4.0,"hard_distance": 6.0,"max_distance": 32.0},
      "minecraft:navigation.generic": {
          "can_walk_in_lava": false,"can_path_over_lava": false,
          "can_jump": true,"can_walk": true,"can_path_from_air": false,
          "avoid_damage_blocks": true,"avoid_portals": true,"avoid_sun": false,
          "can_break_doors": false,"can_open_doors": false,"can_open_iron_doors": false,"can_pass_doors": true,
          "avoid_water": true,"can_sink": true,"can_swim": false,"can_breach": false,"is_amphibious": false,"can_path_over_water": true
      },
      //Filters
      "minecraft:hurt_on_condition": {
          "damage_conditions": [
            {
              "filters": {"test": "in_lava","subject": "self","operator": "==","value": true},
              "cause": "lava","damage_per_tick": 4
            }
          ]
      },
      "minecraft:on_hurt": {},
      "minecraft:healable": {"items": [{"item": "sweet_berries","heal_amount": 3}]},
      //Physics
      "minecraft:physics": {},
      "minecraft:conditional_bandwidth_optimization": {},
      "minecraft:collision_box": {"width": 0.9,"height": 1.8},
      "minecraft:pushable": {"is_pushable": true,"is_pushable_by_piston": true},
      //Behaviors
      "minecraft:behavior.float": {"priority": 0},
      "minecraft:behavior.stay_while_sitting": {"priority": 1},
      "minecraft:behavior.breed": {"priority": 2,"speed_multiplier": 1.0},
      "minecraft:behavior.owner_hurt_by_target": {"priority": 3},
      "minecraft:behavior.owner_hurt_target": {"priority": 4},
      "minecraft:behavior.follow_owner": {"priority": 5,"start_distance": 16,"stop_distance": 3},
      "minecraft:behavior.mount_pathing": {
          "priority": 7,"speed_multiplier": 1.5,"target_dist": 0.0,"track_target": true
      },
      "minecraft:behavior.hurt_by_target": {"priority": 8,"entity_types": {"filters": 
          {"test": "is_family","subject": "other","operator": "!=","value": "deer"},"max_dist": 32.0}},
      "minecraft:behavior.melee_attack": {"priority": 9,"track_target": true},
      "minecraft:behavior.random_stroll": {"priority": 10,"speed_multiplier": 1},
      "minecraft:behavior.look_at_target": {"priority": 11,"look_distance": 8},
      "minecraft:behavior.random_look_around": {"priority": 12},
      "minecraft:behavior.follow_parent": {"priority": 16,"speed_multiplier": 1.1},
      "minecraft:environment_sensor": {
        "triggers": [
          {
            "filters": {
              "all_of": [
                { "test": "has_equipment", "subject": "self", "domain": "any", "operator": "!=", "value": "leather_horse_armor" },
                { "test": "has_equipment", "subject": "self", "domain": "any", "operator": "!=", "value": "iron_horse_armor" },
                { "test": "has_equipment", "subject": "self", "domain": "any", "operator": "!=", "value": "golden_horse_armor" },
                { "test": "has_equipment", "subject": "self", "domain": "any", "operator": "!=", "value": "diamond_horse_armor" }
              ]
            },
            "event": "loadisk:equip.no_armor"
          },
          {
            "filters": {
              "any_of": [
                { "test": "has_equipment", "subject": "self", "domain": "any", "operator": "==", "value": "leather_horse_armor" }
              ]
            },
            "event": "loadisk:equip.leather_armor"
          },
          {
            "filters": {
              "any_of": [
                { "test": "has_equipment", "subject": "self", "domain": "any", "operator": "==", "value": "iron_horse_armor" }
              ]
            },
            "event": "loadisk:equip.iron_armor"
          },
          {
            "filters": {
              "any_of": [
                { "test": "has_equipment", "subject": "self", "domain": "any", "operator": "==", "value": "golden_horse_armor" }
              ]
            },
            "event": "loadisk:equip.gold_armor"
          },
          {
            "filters": {
              "any_of": [
                { "test": "has_equipment", "subject": "self", "domain": "any", "operator": "==", "value": "diamond_horse_armor" }
              ]
            },
            "event": "loadisk:equip.diamond_armor"
          }
        ]
      }
      
    },
    "events": {
      "loadisk:equip.no_armor":   {"set_property": {"ld:armor_type": 0}},
      "loadisk:equip.leather_armor":   {"set_property": {"ld:armor_type": 1}},
      "loadisk:equip.iron_armor":   {"set_property": {"ld:armor_type": 2}},
      "loadisk:equip.gold_armor":   {"set_property": {"ld:armor_type": 3}},
      "loadisk:equip.diamond_armor":   {"set_property": {"ld:armor_type": 4}},
      "minecraft:entity_spawned": {
          "randomize": [
            {"weight": 85,"trigger": "loadisk:define_alpha_event","add": {"component_groups": ["loadisk:is_wild","loadisk:is_adult","loadisk:skin00"]}},
            {"weight": 10,"add": {"component_groups": ["loadisk:is_wild","loadisk:is_baby","loadisk:skin00"]}},
            {"weight": 55,"add": {"component_groups": ["loadisk:is_wild","loadisk:is_adult","loadisk:skin01"]}},
            {"weight": 7,"add": {"component_groups": ["loadisk:is_wild","loadisk:is_baby","loadisk:skin01"]}},
            {"weight": 85,"trigger": "loadisk:define_alpha_event","add": {"component_groups": ["loadisk:is_wild","loadisk:is_adult","loadisk:skin02"]}},
            {"weight": 10,"add": {"component_groups": ["loadisk:is_wild","loadisk:is_baby","loadisk:skin02"]}},
            {"weight": 55,"add": {"component_groups": ["loadisk:is_wild","loadisk:is_adult","loadisk:skin03"]}},
            {"weight": 7,"add": {"component_groups": ["loadisk:is_wild","loadisk:is_baby","loadisk:skin03"]}},
            {"weight": 85,"trigger": "loadisk:define_alpha_event","add": {"component_groups": ["loadisk:is_wild","loadisk:is_adult","loadisk:skin04"]}},
            {"weight": 10,"add": {"component_groups": ["loadisk:is_wild","loadisk:is_baby","loadisk:skin04"]}},
            {"weight": 55,"add": {"component_groups": ["loadisk:is_wild","loadisk:is_adult","loadisk:skin05"]}},
            {"weight": 7,"add": {"component_groups": ["loadisk:is_wild","loadisk:is_baby","loadisk:skin05"]}},
            {"weight": 85,"trigger": "loadisk:define_alpha_event","add": {"component_groups": ["loadisk:is_wild","loadisk:is_adult","loadisk:skin06"]}},
            {"weight": 10,"add": {"component_groups": ["loadisk:is_wild","loadisk:is_baby","loadisk:skin06"]}},
            {"weight": 55,"add": {"component_groups": ["loadisk:is_wild","loadisk:is_adult","loadisk:skin07"]}},
            {"weight": 7,"add": {"component_groups": ["loadisk:is_wild","loadisk:is_baby","loadisk:skin07"]}},
            {"weight": 3,"trigger": "loadisk:define_alpha_event","add": {"component_groups": ["loadisk:is_wild","loadisk:is_adult","loadisk:skin08"]}},
            {"weight": 2,"add": {"component_groups": ["loadisk:is_wild","loadisk:is_baby","loadisk:skin08"]}},
            {"weight": 3,"trigger": "loadisk:define_alpha_event","add": {"component_groups": ["loadisk:is_wild","loadisk:is_adult","loadisk:skin09"]}},
            {"weight": 2,"add": {"component_groups": ["loadisk:is_wild","loadisk:is_baby","loadisk:skin09"]}},
            {"weight": 3,"trigger": "loadisk:define_alpha_event","add": {"component_groups": ["loadisk:is_wild","loadisk:is_adult","loadisk:skin10"]}},
            {"weight": 2,"add": {"component_groups": ["loadisk:is_wild","loadisk:is_baby","loadisk:skin10"]}}
          ]
      },
      "loadisk:define_alpha_event": {
        "randomize": [
          {"weight": 75,"remove": {"component_groups": ["loadisk:is_alpha"]}},
          {"weight": 25,"add": {"component_groups": ["loadisk:is_alpha"]}}
        ]
      },
      "loadisk:test_alpha_event": {"add": {"component_groups": ["loadisk:is_alpha"]}},
      "minecraft:entity_born": {"add": {"component_groups": ["loadisk:is_baby"]}},
      "loadisk:on_tame_event": {"remove": {"component_groups": ["loadisk:is_wild"]},"add": {"component_groups": ["loadisk:is_tamed"]}},
      "loadisk:on_chested_event": {"add": {"component_groups": ["loadisk:is_chested"]}},
      "loadisk:on_saddled_event": {"add": {"component_groups": ["loadisk:is_saddled"]}},
      "loadisk:on_unsaddled_event": {"remove": {"component_groups": ["loadisk:is_saddled"]}},
      "loadisk:ageable_grow_up": {
        "sequence": [
          {
            "filters": {
              "any_of": [
                {"test": "is_variant", "operator": "!=","value": 1},
                {"test": "has_component", "operator": "!=","value": "minecraft:is_sheared"}
              ]
            },
            "trigger": "loadisk:define_alpha_event",
            "remove": {"component_groups": ["loadisk:is_baby"]},
            "add": {"component_groups": ["loadisk:is_adult"]}
          },
          {
            "filters": {"test": "is_variant", "operator": "==","value": 1},
            "remove": {"component_groups": ["loadisk:is_baby"]},
            "add": {"component_groups": ["loadisk:is_adult"]}
          }
        ]
      },
      "loadisk:mod.buck": {"add": {"component_groups": ["loadisk:skin00"]},"remove": {"component_groups": ["skin01","skin02","skin03","skin04","skin05","skin06","skin07","skin08","skin09","skin10"]}},
      "loadisk:mod.doe": {"add": {"component_groups": ["loadisk:skin01"]},"remove": {"component_groups": ["loadisk:skin00","skin02","skin03","skin04","skin05","skin06","skin07","skin08","skin09","skin10"]}},
      "loadisk:mod.rein_buck": {"add": {"component_groups": ["loadisk:skin02"]},"remove": {"component_groups": ["loadisk:skin00","skin01","skin03","skin04","skin05","skin06","skin07","skin08","skin09","skin10"]}},
      "loadisk:mod.rein_doe": {"add": {"component_groups": ["loadisk:skin03"]},"remove": {"component_groups": ["loadisk:skin00","skin01","skin02","skin04","skin05","skin06","skin07","skin08","skin09","skin10"]}},
      "loadisk:mod.spotted_buck": {"add": {"component_groups": ["loadisk:skin04"]},"remove": {"component_groups": ["loadisk:skin00","skin01","skin02","skin03","skin05","skin06","skin07","skin08","skin09","skin10"]}},
      "loadisk:mod.spotted_doe": {"add": {"component_groups": ["loadisk:skin05"]},"remove": {"component_groups": ["loadisk:skin00","skin01","skin02","skin03","skin04","skin06","skin07","skin08","skin09","skin10"]}},
      "loadisk:mod.whitetail_buck": {"add": {"component_groups": ["loadisk:skin06"]},"remove": {"component_groups": ["loadisk:skin00","skin01","skin02","skin03","skin04","skin05","skin07","skin08","skin09","skin10"]}},
      "loadisk:mod.whitetail_doe": {"add": {"component_groups": ["loadisk:skin07"]},"remove": {"component_groups": ["loadisk:skin00","skin01","skin02","skin03","skin04","skin05","skin06","skin08","skin09","skin10"]}},
      "loadisk:mod.mythic_green": {"add": {"component_groups": ["loadisk:skin08"]},"remove": {"component_groups": ["loadisk:skin00","skin01","skin02","skin03","skin04","skin05","skin06","skin07","skin09","skin10"]}},
      "loadisk:mod.mythic_red": {"add": {"component_groups": ["loadisk:skin09"]},"remove": {"component_groups": ["loadisk:skin00","skin01","skin02","skin03","skin04","skin05","skin06","skin07","skin08","skin10"]}},
      "loadisk:mod.mythic_blue": {"add": {"component_groups": ["loadisk:skin10"]},"remove": {"component_groups": ["loadisk:skin00","skin01","skin02","skin03","skin04","skin05","skin06","skin07","skin08","skin09"]}}
    }
  }
}