{
  "format_version": "1.17.20",
  "minecraft:entity": {
    "description": {
      "identifier": "loadisk:ent",
      "is_spawnable": true,
      "is_summonable": true,
      "is_experimental": false
    },

    "component_groups": {
      "loadisk:oak":{
        "minecraft:skin_id":{"value": 0},
        "minecraft:loot": {"table": "loot_tables/entities/ent_oak.json"}
      },
      "loadisk:birch":{
        "minecraft:skin_id":{"value": 1},
        "minecraft:loot": {"table": "loot_tables/entities/ent_birch.json"}
      },
      "loadisk:jungle":{
        "minecraft:skin_id":{"value": 2},
        "minecraft:loot": {"table": "loot_tables/entities/ent_jungle.json"}
      },
      "loadisk:knockback":{
        "minecraft:is_sheared":{},
				"minecraft:behavior.knockback_roar": {
					"priority": 0,"cooldown_time": 0.1,"duration": 0.1,
					"attack_time": 0.1,"knockback_damage": 3,"knockback_range": 3,
					"knockback_vertical_strength": 8,"knockback_horizontal_strength": 8,
					"knockback_filters": {"test": "is_family","subject": "other","operator": "==","value": "player"}
				},
				"minecraft:timer": {"time": 0.5,"looping": true,"time_down_event": {"event": "loadisk:kill.knockback_event","target": "self"}}
			},
      "loadisk:detect":{
        "minecraft:entity_sensor": {
          "sensor_range": 4,
          "relative_range": false,
          "minimum_count": 1,
          "event_filters": {
            "all_of": [
              {"test": "is_family","subject": "other","value": "player"},
              {"subject": "self","test": "distance_to_nearest_player","operator": "<","value": 3}
            ]
          },
          "event": "loadisk:knockback_event"
        }
      }
    },

    "components": {
      "minecraft:skin_id":{"value": 0},
      "minecraft:is_hidden_when_invisible": {},
      "minecraft:type_family": {"family": [ "ent", "mob" ]},
      "minecraft:nameable": {},
      "minecraft:collision_box": {"width": 2.3,"height": 8.9},
      "minecraft:health": {"value": 100,"max": 100},
      "minecraft:hurt_on_condition": {
        "damage_conditions": [
          {
            "filters": { "test": "in_lava", "subject": "self", "operator": "==", "value": true },
            "cause": "lava",
            "damage_per_tick": 4
          }
        ]
      },
      "minecraft:movement": {"value": 0.25},
      "minecraft:experience_reward": {"on_death": "query.last_hit_by_player ? Math.Random(5,10) : 0"},
      "minecraft:navigation.walk": {"can_path_over_water": false,"avoid_water": true,"avoid_damage_blocks": true},
      "minecraft:movement.basic": {},
      "minecraft:jump.static": {},
      "minecraft:can_climb": {},
      "minecraft:attack": {"damage": {"range_min": 7,"range_max": 21}},
      "minecraft:damage_sensor": {"triggers": {"cause": "fall","deals_damage": false}},
      "minecraft:knockback_resistance": {"value": 1.0},
      "minecraft:leashable": {"soft_distance": 4.0,"hard_distance": 6.0,"max_distance": 10.0},
      "minecraft:balloonable": {"mass": 2.0},
      "minecraft:behavior.target_when_pushed": {
        "priority": 1,
        "percent_chance": 5.0,
        "entity_types": [
          {
            "filters": {
              "all_of": [
                { "test" :  "is_family", "subject" : "other", "value" :  "monster" },
                { "test" :  "is_family", "subject" : "other", "operator": "!=", "value" :  "creeper" }
              ] 
            }
          }
        ]
      },
      "minecraft:behavior.delayed_attack": {
        "priority": 3,"attack_once": false,"track_target": true,
        "require_complete_path": false,"random_stop_interval": 0,
        "reach_multiplier": 3,"attack_duration": 1.0,"hit_delay_pct": 0.6
      },
      "minecraft:behavior.random_stroll": {"priority": 6,"speed_multiplier": 0.6,"xz_dist": 16},
      "minecraft:behavior.look_at_player": {"priority": 7,"look_distance": 6.0,"probability": 0.02},
      "minecraft:behavior.random_look_around": {"priority": 8},
      "minecraft:behavior.hurt_by_target": {
        "priority": 2,
        "entity_types": {"filters": { "test": "is_family", "subject": "other", "operator": "!=", "value": "creeper" }}
      },
      "minecraft:persistent": {},
      "minecraft:physics": {},
      "minecraft:pushable": {"is_pushable": true,"is_pushable_by_piston": true},
      "minecraft:follow_range": {"value": 64},
      "minecraft:conditional_bandwidth_optimization": {}
    },
    "events": {
      "minecraft:entity_spawned": {
        "randomize": [
          {"trigger": "loadisk:mod.oak_event"},
          {"trigger": "loadisk:mod.birch_event"},
          {"trigger": "loadisk:mod.jungle_event"}
        ]
      },
      "loadisk:mod.oak_event": {
        "add": {"component_groups": ["loadisk:oak","loadisk:detect"]},
        "remove": {"component_groups": ["loadisk:jungle","loadisk:birch"]}
      },
      "loadisk:mod.birch_event": {
        "add": {"component_groups": ["loadisk:birch","loadisk:detect"]},
        "remove": {"component_groups": ["loadisk:jungle","loadisk:oak"]}
      },
      "loadisk:mod.jungle_event": {
        "add": {"component_groups": ["loadisk:jungle","loadisk:detect"]},
        "remove": {"component_groups": ["loadisk:birch","loadisk:oak"]}
      },
      "loadisk:knockback_event": {
        "add": {"component_groups": ["loadisk:knockback"]},
        "remove": {"component_groups": ["loadisk:detect"]}
      },
      "loadisk:kill.knockback_event": {
        "remove": {"component_groups": ["loadisk:knockback"]},
        "add": {"component_groups": ["loadisk:detect"]}
      }
    }
  }
}
