{
	"format_version": "1.19.50",
	"minecraft:entity": {
		"description": {
			"identifier": "loadisk:hag",
			"is_spawnable": true,"is_summonable": true,"is_experimental": false,
			"properties": {
				"ld:type":{"type": "int","range":[0,3],"default": 0,"client_sync": true}
			}
		},
		"component_groups": {
			"loadisk:despawn"	   : {"minecraft:instant_despawn": {}},
			"loadisk:melee_mode" : {
				"minecraft:behavior.melee_attack": {"priority": 4,"track_target": true,"speed_multiplier": 1.25},
				"minecraft:environment_sensor": {
					"triggers": [
						{
                            "filters": {
                                "all_of": [
									{"test": "distance_to_nearest_player","operator": ">=","value": 8.0}
								]
                            },
                            "event": "loadisk:ranged_mode_event"
                        }
					]
				}
			},
			"loadisk:ranged_mode": {
				"minecraft:behavior.ranged_attack": {
					"priority": 0,
					"charge_shoot_trigger": 2,
					"charge_charged_trigger": 1,
					"attack_interval_min": 1.0,
					"attack_interval_max": 3.0,
					"attack_radius": 32.0
				  },
				"minecraft:shooter": {"def": "loadisk:fireball"},
				"minecraft:environment_sensor": {
					"triggers": [
						{
                            "filters": {
                                "any_of": [
									{
										"all_of": [
											{"test": "is_family","subject": "other","value": "player"},
											{"subject": "self","test": "distance_to_nearest_player","operator": "<","value": 8}
										]
									}
								]
                            },
                            "event": "loadisk:melee_mode_event"
                        }
					]
				}
			},
			"loadisk:summon_mode": {
				"minecraft:behavior.summon_entity": {
					"priority": 2,
					"summon_choices": [
						{
							"min_activation_range": 3.0,
							"max_activation_range": 12.0,
							"cooldown_time": 3.0,
							"weight": 3,
							"cast_duration": 1.0,
							"particle_color": "#FF664D59",
							"start_sound_event": "cast.spell",
							"sequence": [
								{
									"shape": "line",
									"target": "self",
									"base_delay": 1.0,
									"delay_per_summon": 0.05,
									"num_entities_spawned": 16,
									"entity_type": "minecraft:evocation_fang",
									"size": 20,
									"entity_lifespan": 1.1
								}
							]
						},
						{
							"min_activation_range": 3.0,
							"max_activation_range": 12.0,
							"cooldown_time": 3.0,
							"weight": 10,
							"cast_duration": 1.0,
							"particle_color": "#FF664D59",
							"start_sound_event": "cast.spell",
							"sequence": [
								{
									"shape": "line",
									"target": "self",
									"base_delay": 1.0,
									"delay_per_summon": 0.05,
									"num_entities_spawned": 1,
									"entity_type": "minecraft:fireball",
									"size": 20,
									"entity_lifespan": 1.1
								}
							]
						}
					]
				}
			}
		},
		"components": {
			"minecraft:behavior.look_at_player"     : {"priority": 11,"probability": 10},
			"minecraft:behavior.melee_attack"	    : {"priority": 4},
			"minecraft:behavior.equip_item"		    : {"priority": 3},
			"minecraft:behavior.random_stroll"      : {"priority": 5,"speed_multiplier": 1.0},
			"minecraft:behavior.random_look_around" : {"priority": 10},
			"minecraft:behavior.hurt_by_target"     : {"priority": 1},
			"minecraft:behavior.pickup_items": {
				"priority": 6,
				"max_dist": 3,
				"goal_radius": 2,
				"speed_multiplier": 1.0,
				"pickup_based_on_chance": true,
				"can_pickup_any_item": true,
				"excluded_items": ["minecraft:glow_ink_sac"]
			},
			"minecraft:behavior.avoid_mob_type": {
				"priority": 3,
				"entity_types": [
				  {
					"filters": {
					  "any_of": [
						{ "test" :  "is_family", "subject" : "other", "value" :  "vampire"},
						{ "test" :  "is_family", "subject" : "other", "value" :  "werewolf"},
						{ "test" :  "is_family", "subject" : "other", "value" :  "creeper"}
					  ]
					},
					"max_dist": 6,
					"sprint_speed_multiplier": 1.2
				  }
				]
			},
			"minecraft:equip_item"       : {},
			"minecraft:attack"           : {"damage": 3},
			"minecraft:health"		     : {"value": 18,"max": 30},
			"minecraft:collision_box"    : {"width": 0.8,"height": 1.9},
			"minecraft:despawn"			 : {"despawn_from_distance": {}},
			"minecraft:type_family"	     : {"family": ["hag","monster","loadisk"]},
			"minecraft:physics"	  	     : {"has_gravity": true,"has_collision": true},
			"minecraft:loot"			 : {"table": "loot_tables/entities/witch.json"},
			"minecraft:pushable"	     : {"is_pushable": true,"is_pushable_by_piston": true},
			"minecraft:damage_sensor": {
				"triggers": {
					"cause": "fall",
					"deals_damage": false,
					"on_damage": {
						"filters": {
							"test": "is_family",
							"subject": "other",
							"operator": "!=",
							"value": "hag_fire"
						}
					}
				}
			},
			"minecraft:nameable"	     : {"always_show": true,"allow_name_tag_renaming": false},
			"minecraft:breathable"		 : {"total_supply": 15,"suffocate_time": 0,"breathes_air": true},
			//"minecraft:equipment"        : {"table": "loot_tables/entities/vampire_gear.json"},
			"minecraft:experience_reward": {"on_death": "query.last_hit_by_player ? 5 + (query.equipment_count * Math.Random(1,3)) : 0"},
			
			"minecraft:can_climb"        : {},
			"minecraft:jump.static"      : {},
			"minecraft:movement.basic"   : {},
			"minecraft:movement"	     : {"value": 0.30},
			"minecraft:navigation.generic": {
				"avoid_sun": false,
				"can_walk": true,
				"can_pass_doors": true,
				"can_break_doors": true,
				"can_open_doors": true,
				"can_path_over_water": true,
				"can_path_from_air": true,
				"can_swim": true
			},

			"minecraft:is_hidden_when_invisible"    : {},
			
			"minecraft:behavior.nearest_attackable_target": {
				"priority": 2,
				"entity_types": [
				    {
						"filters": {  
							"all_of": [
								{ "test" : "is_family", "subject" : "other", "value" : "hag", "operator" : "!=" },
							  	{
									"any_of": [
										{ "test" :  "is_family", "subject" : "other", "value" :  "player"          },
										{ "test" :  "is_family", "subject" : "other", "value" :  "monster"         },
										{ "test" :  "is_family", "subject" : "other", "value" :  "villager"        },
										{ "test" :  "is_family", "subject" : "other", "value" :  "snowgolem"       },
										{ "test" :  "is_family", "subject" : "other", "value" :  "irongolem"       },
										{ "test" :  "is_family", "subject" : "other", "value" :  "wandering_trader"}

									  ]
							  	}
							] 
						},
						"max_dist": 20
					}
				],
				"must_see": true
			},
			"minecraft:hurt_on_condition": {"damage_conditions": [{"filters": { "test": "in_lava", "subject": "self", "operator": "==", "value": true },"cause": "lava","damage_per_tick": 4}]},
			"minecraft:shareables": {
				"items": [
				  {"item": "minecraft:netherite_sword",       "want_amount": 1,"surplus_amount": 1,"priority": 0},
				  {"item": "minecraft:diamond_sword",         "want_amount": 1,"surplus_amount": 1,"priority": 1},
				  {"item": "minecraft:iron_sword",            "want_amount": 1,"surplus_amount": 1,"priority": 2},
				  {"item": "minecraft:stone_sword",           "want_amount": 1,"surplus_amount": 1,"priority": 3},
				  {"item": "minecraft:golden_sword",          "want_amount": 1,"surplus_amount": 1,"priority": 4},
				  {"item": "minecraft:wooden_sword",          "want_amount": 1,"surplus_amount": 1,"priority": 5},
				  {"item": "minecraft:skull:0",               "want_amount": 1,"surplus_amount": 1,"priority": 7},
				  {"item": "minecraft:skull:1",               "want_amount": 1,"surplus_amount": 1,"priority": 7},
				  {"item": "minecraft:carved_pumpkin",        "want_amount": 1,"surplus_amount": 1,"priority": 7}
				]
			},
			"minecraft:conditional_bandwidth_optimization": {}
		},
		"events": {
			"loadisk:despawn_event": {"add": {"component_groups": ["loadisk:despawn"]}},
			"minecraft:entity_spawned": {
				"randomize": [
					{"weight": 25,"set_property": {"ld:type": 0},"add": {"component_groups": ["loadisk:melee_mode","loadisk:summon_mode"]}},
					{"weight": 25,"set_property": {"ld:type": 1},"add": {"component_groups": ["loadisk:melee_mode","loadisk:summon_mode"]}},
					{"weight": 25,"set_property": {"ld:type": 2},"add": {"component_groups": ["loadisk:melee_mode","loadisk:summon_mode"]}},
					{"weight": 25,"set_property": {"ld:type": 3},"add": {"component_groups": ["loadisk:melee_mode","loadisk:summon_mode"]}}
				]
			},
			"loadisk:melee_mode_event": {
				"add": {"component_groups": ["loadisk:melee_mode"]},
				"remove": {"component_groups": ["loadisk:ranged_mode"]}
			},
			"loadisk:ranged_mode_event": {
				"add": {"component_groups": ["loadisk:ranged_mode"]},
				"remove": {"component_groups": ["loadisk:melee_mode"]}
			},
			"loadisk:set.type00_event":   {"set_property": {"ld:type": 0}},
			"loadisk:set.type01_event":   {"set_property": {"ld:type": 1}}
		}
	}
}