{
  "format_version": "1.18.0",
  "minecraft:entity": {
    "description": {
      "identifier": "minecraft:horse",
      "is_spawnable": true,
      "is_summonable": true,
      "is_experimental": false,
			"scripts": {
			  "animate": ["horse.c", "ability.c", "flight.c", "pegasus.c", "grounded.c"]
			},
			"animations": {
			  "horse.c"   : "controller.animation.loadisk.horse.in_water",
        "ability.c" : "controller.animation.loadisk.horse.ability_id",
        "flight.c"  : "controller.animation.loadisk.horse.flightb",
        "pegasus.c" : "controller.animation.loadisk.horse.is_pegasus",
        "grounded.c": "controller.animation.loadisk.player.grounded",
        "icion"     : "animation.loadisk.horse.icion"
			}
    },
    "component_groups":{
      "loadisk:is_deafult":{},
      "loadisk:is_undead":{},
      "loadisk:is_pegasus":{"minecraft:is_sheared":{},
      "minecraft:damage_sensor": {
        "triggers": [
          {
            "on_damage": {
              "filters": [
                {"test": "is_family","subject": "other","value": "lightning"},
                { "test": "is_skin_id", "subject": "self","operator": "<=", "value": 43 },
                {"test": "is_difficulty","operator": "!=","value": "peaceful"}
              ],
              "event": "loadisk:become_skeleton_event"
            },
            "deals_damage": false
          },
          {
            "deals_damage": false,"cause": "fall"
          }
        ]
      }
    },
      "loadisk:is_chested": {"minecraft:is_chested":{}},
      "loadisk:has_randomtp":{
       "minecraft:teleport": {
        "random_teleports": true,
        "max_random_teleport_time": 30,
        "random_teleport_cube": [ 32, 32, 32 ],
        "target_distance": 16,
        "target_teleport_chance": 0.05,
        "light_teleport_chance": 0.05
        }
      },
      "loadisk:roll_timer": {
        "minecraft:is_shaking": {},
        "minecraft:timer": {
          "looping": false,"time": 3,
          "time_down_event": {"event": "loadisk:result_event"}
        }
      },
      "loadisk:zombification_timer": {
        "minecraft:is_shaking": {},
        "minecraft:timer": {
          "looping": false,"time": 5,
          "time_down_event": {"event": "loadisk:zombify_event"}
        }
      },
      "loadisk:is_buoyant":{ // Add enviroment filter to switch the horses buoyant ability  
        "minecraft:buoyant": {
          "base_buoyancy": 0.5,"apply_gravity": false,"simulate_waves": false,
          "liquid_blocks": ["minecraft:lava","minecraft:water","minecraft:flowing_water"]
        }
      },
      "loadisk:is_wild": {
        "minecraft:despawn": {"despawn_from_distance": {}},
        "minecraft:rideable": {
          "seat_count": 1,
          "family_types": ["player","zombie"],
          "interact_text": "action.interact.mount",
          "seats": {"position": [ 0.0, 1.1, -0.2 ]}
        },
        "minecraft:behavior.mount_pathing": {"priority": 2,"speed_multiplier": 1.5,"target_dist": 0.0,"track_target": true},
        "minecraft:tamemount": {
          "min_temper": 0,"max_temper": 100,
          "feed_text": "action.interact.feed","ride_text": "action.interact.mount",
          "feed_items": [
            {"item": "wheat","temper_mod": 3},
            {"item": "sugar","temper_mod": 3},
            {"item": "apple","temper_mod": 3},
            {"item": "golden_carrot","temper_mod": 5},
            {"item": "golden_apple","temper_mod": 10},
            {"item": "appleEnchanted","temper_mod": 10}
          ],
          "auto_reject_items": [
            {"item":"horsearmorleather"},
            {"item":"horsearmoriron"},
            {"item":"horsearmorgold"},
            {"item":"horsearmordiamond"},
            {"item":"saddle"}
          ],
          "tame_event": {"event": "loadisk:on_tame_event","target": "self"}
        }
      },
      "loadisk:default_breed":{
        "minecraft:breedable": {
          "require_tame": true,"inherit_tamed": false,"blend_attributes": true,
          "breed_cooldown": 30,
          "love_filters": {
            "all_of": [
              {"test": "is_skin_id","subject": "self","operator": "!=","value": 43},
              {"test": "is_skin_id","subject": "self","operator": "!=","value": 46}
            ]
          },
          "breeds_with": [
            {
              "mate_type": "minecraft:horse","baby_type": "minecraft:horse",
              "breed_event": {"event": "minecraft:entity_born","target": "baby"}
            },
            {
              "mate_type": "minecraft:donkey","baby_type": "minecraft:mule",
              "breed_event": {"event": "minecraft:entity_born","target": "baby"}
            }
          ],
          "breed_items": ["golden_carrot","golden_apple","appleEnchanted"]
        }
      },
      "loadisk:magma_breed":{
        "minecraft:breedable": {
          "require_tame": true,"inherit_tamed": false,"blend_attributes": true,
          "breed_cooldown": 30,
          "love_filters": {
            "all_of": [
              {"test": "is_skin_id","subject": "self","operator": "!=","value": 43},
              {"test": "is_skin_id","subject": "self","operator": "!=","value": 46},
              {
                "any_of": [
                  {"test": "is_skin_id","subject": "self","operator": "==","value": 47},
                  {"test": "is_skin_id","subject": "self","operator": "==","value": 48},
                  {"test": "is_skin_id","subject": "self","operator": "==","value": 49}
                ]
              }
            ]
          },
          "breeds_with": [
            {
              "mate_type": "minecraft:horse","baby_type": "minecraft:horse",
              "breed_event": {"event": "loadisk:magma_born","target": "baby"}
            }
          ],
          "breed_items": ["golden_carrot","golden_apple","appleEnchanted"]
        }
      },
      "loadisk:is_tamed": {
          "minecraft:is_tamed":{},
          "minecraft:persistent": {},
          "minecraft:type_family": {"family": ["horse","mount","mob","tamed","flyable"]},
          "minecraft:sittable":{},
          "minecraft:inventory": {"inventory_size": 16,"container_type": "horse"},
          "minecraft:rideable": {
            "seat_count": 1,"crouching_skip_interact": true,
            "family_types": ["player"],
            "interact_text": "action.interact.ride.horse",
            "seats": {"position": [ 0.0, 1.1, -0.2 ]}
          }
      },
      "loadisk:horse_saddled": {
        "minecraft:is_saddled": {},
        "minecraft:input_ground_controlled": {},
        "minecraft:can_power_jump": {},
        "minecraft:behavior.player_ride_tamed": {}
      },
      "loadisk:is_baby": {
          "minecraft:is_baby": {},
          "minecraft:scale_by_age": {"start_scale": 0.5,"end_scale": 1.0},
          "minecraft:ageable": {"duration": 1200,
            "feed_items": [
              {"item": "wheat","growth": 0.016667},
              {"item": "sugar","growth": 0.025},
              {"item": "hay_block","growth": 0.15},
              {"item": "apple","growth": 0.05},
              {"item": "golden_carrot","growth": 0.05},
              {"item": "golden_apple","growth": 0.2},
              {"item": "appleEnchanted","growth": 0.2}
            ],
            "grow_up": {"event": "minecraft:ageable_grow_up","target": "self"}
          }
      },
      "loadisk:is_adult": {
        "minecraft:experience_reward": {
          "on_bred": "Math.Random(1,7)",
          "on_death": "query.last_hit_by_player ? Math.Random(1,3) : 0"
        },
        "minecraft:loot": {"table": "loot_tables/entities/horse.json"},
        "minecraft:behavior.run_around_like_crazy": {"priority": 4,"speed_multiplier": 1.2}
      },
      "loadisk:is_fire_immune":{
        "minecraft:is_stunned": true,
        "minecraft:lava_movement": {"value": 0.32}
      },
      "loadisk:in_lava":{"minecraft:is_stunned":{}},
      //#Visual Groups
      "loadisk:gear_default": {"minecraft:variant": {"value": 0}},"loadisk:gear_aqua": {"minecraft:variant": {"value": 1}},
      "loadisk:gear_black": {"minecraft:variant": {"value": 2}},"loadisk:gear_blue": {"minecraft:variant": {"value": 3}},
      "loadisk:gear_brown": {"minecraft:variant": {"value": 4}},"loadisk:gear_dark_aqua": {"minecraft:variant": {"value": 5}},
      "loadisk:gear_dark_blue": {"minecraft:variant": {"value": 6}},"loadisk:gear_dark_green": {"minecraft:variant": {"value": 7}},
      "loadisk:gear_dark_red": {"minecraft:variant": {"value": 8}},"loadisk:gear_gold": {"minecraft:variant": {"value": 9}},
      "loadisk:gear_gray": {"minecraft:variant": {"value": 10}},"loadisk:gear_green": {"minecraft:variant": {"value": 11}},
      "loadisk:gear_light_gray": {"minecraft:variant": {"value": 12}},"loadisk:gear_light_purple": {"minecraft:variant": {"value": 13}},
      "loadisk:gear_purple": {"minecraft:variant": {"value": 14}},"loadisk:gear_red": {"minecraft:variant": {"value": 15}},
      "loadisk:gear_white": {"minecraft:variant": {"value": 16}},"loadisk:gear_yellow": {"minecraft:variant": {"value": 17}},

      "loadisk:type_black00": {"minecraft:skin_id": {"value": 0}},"loadisk:type_black01": {"minecraft:skin_id": {"value": 1}},
      "loadisk:type_black02": {"minecraft:skin_id": {"value": 2}},"loadisk:type_black03": {"minecraft:skin_id": {"value": 3}},
      "loadisk:type_black04": {"minecraft:skin_id": {"value": 4}},"loadisk:type_brown00": {"minecraft:skin_id": {"value": 5}},
      "loadisk:type_brown01": {"minecraft:skin_id": {"value": 6}},"loadisk:type_brown02": {"minecraft:skin_id": {"value": 7}},
      "loadisk:type_brown03": {"minecraft:skin_id": {"value": 8}},"loadisk:type_brown04": {"minecraft:skin_id": {"value": 9}},
      "loadisk:type_brown05": {"minecraft:skin_id": {"value": 10}},"loadisk:type_chestnut00": {"minecraft:skin_id": {"value": 11}},
      "loadisk:type_chestnut01": {"minecraft:skin_id": {"value": 12}},"loadisk:type_chestnut02": {"minecraft:skin_id": {"value": 13}},
      "loadisk:type_chestnut03": {"minecraft:skin_id": {"value": 14}},"loadisk:type_chestnut04": {"minecraft:skin_id": {"value": 15}},
      "loadisk:type_creamy00": {"minecraft:skin_id": {"value": 16}},"loadisk:type_creamy01": {"minecraft:skin_id": {"value": 17}},
      "loadisk:type_creamy02": {"minecraft:skin_id": {"value": 18}},"loadisk:type_creamy03": {"minecraft:skin_id": {"value": 19}},
      "loadisk:type_creamy04": {"minecraft:skin_id": {"value": 20}},"loadisk:type_darkbrown00": {"minecraft:skin_id": {"value": 21}},
      "loadisk:type_darkbrown01": {"minecraft:skin_id": {"value": 22}},"loadisk:type_darkbrown02": {"minecraft:skin_id": {"value": 23}},
      "loadisk:type_darkbrown03": {"minecraft:skin_id": {"value": 24}},"loadisk:type_darkbrown04": {"minecraft:skin_id": {"value": 25}},
      "loadisk:type_darkbrown05": {"minecraft:skin_id": {"value": 26}},"loadisk:type_gray00": {"minecraft:skin_id": {"value": 27}},
      "loadisk:type_gray01": {"minecraft:skin_id": {"value": 28}},"loadisk:type_gray02": {"minecraft:skin_id": {"value": 29}},
      "loadisk:type_gray03": {"minecraft:skin_id": {"value": 30}},"loadisk:type_gray04": {"minecraft:skin_id": {"value": 31}},
      "loadisk:type_gray05": {"minecraft:skin_id": {"value": 32}},"loadisk:type_white00": {"minecraft:skin_id": {"value": 33}},
      "loadisk:type_white01": {"minecraft:skin_id": {"value": 34}},"loadisk:type_white02": {"minecraft:skin_id": {"value": 35}},
      "loadisk:type_white03": {"minecraft:skin_id": {"value": 36}},"loadisk:type_white04": {"minecraft:skin_id": {"value": 37}},
      "loadisk:type_white05": {"minecraft:skin_id": {"value": 38}},
      "loadisk:type_white06": {
        "minecraft:skin_id": {"value": 39},
        "minecraft:breedable": {
          "require_tame": true,"inherit_tamed": false,"blend_attributes": true,
          "breed_cooldown": 30,
          "love_filters": {
            "any_of": [
              {"test": "is_skin_id","subject": "self","operator": "==","value": 39},
              {"test": "is_skin_id","subject": "self","operator": "==","value": 40}
            ]
          },
          "breeds_with": [
            {
              "mate_type": "minecraft:horse","baby_type": "minecraft:horse",
              "breed_event": {"event": "loadisk:zebra_born","target": "baby"}
            }
          ],
          "breed_items": ["golden_carrot","golden_apple","appleEnchanted"]
        }
      },
      "loadisk:type_white07": {
        "minecraft:skin_id": {"value": 40},
        "minecraft:breedable": {
          "require_tame": true,"inherit_tamed": false,"blend_attributes": true,
          "breed_cooldown": 30,
          "love_filters": {
            "any_of": [
              {"test": "is_skin_id","subject": "self","operator": "==","value": 39},
              {"test": "is_skin_id","subject": "self","operator": "==","value": 40}
            ]
          },
          "breeds_with": [
            {
              "mate_type": "minecraft:horse","baby_type": "minecraft:horse",
              "breed_event": {"event": "loadisk:zebra_born","target": "baby"}
            }
          ],
          "breed_items": ["golden_carrot","golden_apple","appleEnchanted"]
        }
      },
      "loadisk:type_shadow": {
        "minecraft:skin_id": {"value": 42},
        "minecraft:breedable": {
          "require_tame": true,"inherit_tamed": false,"blend_attributes": true,
          "breed_cooldown": 30,
          "love_filters": {
            "all_of": [
              {"test": "is_skin_id","subject": "self","operator": "==","value": 42}
            ]
          },
          "breeds_with": [
            {
              "mate_type": "minecraft:horse","baby_type": "minecraft:horse",
              "breed_event": {"event": "loadisk:shadow_born","target": "baby"}
            }
          ],
          "breed_items": ["golden_carrot","golden_apple","appleEnchanted"]
        }
      },
      "loadisk:type_skeleton": {"minecraft:skin_id": {"value": 43}},
      "loadisk:type_unicorn": {
        "minecraft:skin_id": {"value": 44},
        "minecraft:breedable": {
          "require_tame": true,"inherit_tamed": false,"blend_attributes": true,
          "breed_cooldown": 30,
          "love_filters": {
            "all_of": [
              {"test": "is_skin_id","subject": "self","operator": "==","value": 44}
            ]
          },
          "breeds_with": [
            {
              "mate_type": "minecraft:horse","baby_type": "minecraft:horse",
              "breed_event": {"event": "loadisk:unicorn_born","target": "baby"}
            }
          ],
          "breed_items": ["golden_carrot","golden_apple","appleEnchanted"]
        }
      },
      "loadisk:type_zombie": {"minecraft:skin_id": {"value": 46}},
      "loadisk:type_magma": {
        "minecraft:skin_id": {"value": 47},
        "minecraft:timer": {"looping": false,"time": 0.1,
          "time_down_event": {"event": "loadisk:type_magma.f1_event"}
        }
      },
      "loadisk:type_magma.f1": {
        "minecraft:skin_id": {"value": 48},
        "minecraft:timer": {"looping": false,"time": 0.1,
          "time_down_event": {"event": "loadisk:type_magma.f2_event"}
        }
      },
      "loadisk:type_magma.f2": {
        "minecraft:skin_id": {"value": 49},
        "minecraft:timer": {"looping": false,"time": 0.1,
          "time_down_event": {"event": "loadisk:type_magma_event"}
        }
      },
      "loadisk:type_icion": {
        "minecraft:skin_id": {"value": 50},
        "minecraft:breedable": {
          "require_tame": true,"inherit_tamed": false,"blend_attributes": true,
          "breed_cooldown": 30,
          "love_filters": {
            "all_of": [
              {"test": "is_skin_id","subject": "self","operator": "==","value": 50}
            ]
          },
          "breeds_with": [
            {
              "mate_type": "minecraft:horse","baby_type": "minecraft:horse",
              "breed_event": {"event": "loadisk:icion_born","target": "baby"}
            }
          ],
          "breed_items": ["golden_carrot","golden_apple","appleEnchanted"]
        }
      },
      "loadisk:type_endion": {
        "minecraft:skin_id": {"value": 51},
        "minecraft:breedable": {
          "require_tame": true,"inherit_tamed": false,"blend_attributes": true,
          "breed_cooldown": 30,
          "love_filters": {
            "all_of": [
              {"test": "is_skin_id","subject": "self","operator": "==","value": 51}
            ]
          },
          "breeds_with": [
            {
              "mate_type": "minecraft:horse","baby_type": "minecraft:horse",
              "breed_event": {"event": "loadisk:endion_born","target": "baby"}
            }
          ],
          "breed_items": ["golden_carrot","golden_apple","appleEnchanted"]
        }
      },
      "loadisk:type_ender": {
        "minecraft:skin_id": {"value": 41},
        "minecraft:damage_sensor": {
          "triggers": [
            {
              "on_damage": {
                "filters": [
                  {"test": "is_family","subject": "other","value": "lightning"},
                  { "test": "is_skin_id", "subject": "self","operator": "<=", "value": 43 },
                  {"test": "is_difficulty","operator": "!=","value": "peaceful"}
                ],
                "event": "loadisk:become_skeleton_event"
              },
              "deals_damage": false
            },
            {"deals_damage": true,"cause": "fall","damage_modifier": -10}
          ]
        },
        "minecraft:breedable": {
          "require_tame": true,"inherit_tamed": false,"blend_attributes": true,
          "breed_cooldown": 30,
          "love_filters": {
            "all_of": [
              {"test": "is_skin_id","subject": "self","operator": "==","value": 41}
            ]
          },
          "breeds_with": [
            {
              "mate_type": "minecraft:horse","baby_type": "minecraft:horse",
              "breed_event": {"event": "loadisk:ender_born","target": "baby"}
            }
          ],
          "breed_items": ["golden_carrot","golden_apple","appleEnchanted"]
        }
      },
      "loadisk:type_void": {
        "minecraft:skin_id": {"value": 45},
        "minecraft:damage_sensor": {
          "triggers": [
            {
              "on_damage": {
                "filters": [
                  {"test": "is_family","subject": "other","value": "lightning"},
                  { "test": "is_skin_id", "subject": "self","operator": "<=", "value": 43 },
                  {"test": "is_difficulty","operator": "!=","value": "peaceful"}
                ],
                "event": "loadisk:become_skeleton_event"
              },
              "deals_damage": false
            },
            {"deals_damage": true,"cause": "fall","damage_modifier": -10}
          ]
        },
        "minecraft:breedable": {
          "require_tame": true,"inherit_tamed": false,"blend_attributes": true,
          "breed_cooldown": 30,
          "love_filters": {
            "all_of": [
              {"test": "is_skin_id","subject": "self","operator": "==","value": 45}
            ]
          },
          "breeds_with": [
            {
              "mate_type": "minecraft:horse","baby_type": "minecraft:horse",
              "breed_event": {"event": "loadisk:icion_born","target": "baby"}
            }
          ],
          "breed_items": ["golden_carrot","golden_apple","appleEnchanted"]
        }
      },
      "loadisk:type_pegasus.white": {
        "minecraft:skin_id": {"value": 52},
        "minecraft:breedable": {
          "require_tame": true,"inherit_tamed": false,"blend_attributes": true,
          "breed_cooldown": 30,
          "love_filters": {
            "all_of": [
              {"test": "is_skin_id","subject": "self","operator": "==","value": 52}
            ]
          },
          "breeds_with": [
            {
              "mate_type": "minecraft:horse","baby_type": "minecraft:horse",
              "breed_event": {"event": "loadisk:white.pegasus_born","target": "baby"}
            }
          ],
          "breed_items": ["golden_carrot","golden_apple","appleEnchanted"]
        }
      },
      "loadisk:type_pegasus.black": {
        "minecraft:skin_id": {"value": 53},
        "minecraft:breedable": {
          "require_tame": true,"inherit_tamed": false,"blend_attributes": true,
          "breed_cooldown": 30,
          "love_filters": {
            "all_of": [
              {"test": "is_skin_id","subject": "self","operator": "==","value": 53}
            ]
          },
          "breeds_with": [
            {
              "mate_type": "minecraft:horse","baby_type": "minecraft:horse",
              "breed_event": {"event": "loadisk:black.pegasus_born","target": "baby"}
            }
          ],
          "breed_items": ["golden_carrot","golden_apple","appleEnchanted"]
        }
      }
    },
    "components": {
      "minecraft:nameable": {},
      "minecraft:balloonable": {},
      "minecraft:fire_immune": false,
      "minecraft:is_hidden_when_invisible": {},
      "minecraft:health": {"value": {"range_min": 15,"range_max": 60}},
      "minecraft:follow_range": {"value": 100,"max": 100},
      "minecraft:breathable": {"totalSupply": 15,"suffocateTime": 0},
      "minecraft:type_family": {"family": ["horse","mount","mob","flyable"]},
      //Movement
      "minecraft:jump.static": {},
      "minecraft:movement": {"value": {"range_min": 0.1125,"range_max": 0.3375}},
      "minecraft:horse.jump_strength": {"value": {"range_min": 0.4,"range_max": 2.0}},
      "minecraft:leashable": {"soft_distance": 4.0,"hard_distance": 6.0,"max_distance": 32.0},
      "minecraft:navigation.generic": {
          "can_walk_in_lava": false,"can_path_over_lava": false,
          "can_jump": true,"can_walk": true,"can_path_from_air": false,
          "avoid_damage_blocks": true,"avoid_portals": true,"avoid_sun": false,
          "can_break_doors": false,"can_open_doors": false,"can_open_iron_doors": false,"can_pass_doors": true,
          "avoid_water": true,"can_sink": true,"can_swim": true,"can_breach": false,"is_amphibious": false,"can_path_over_water": false
      },
      "minecraft:movement.generic": {},
      //Filters
      "minecraft:damage_sensor": {
        "triggers": [
          {
            "on_damage": {
              "filters": [
                {"test": "is_family","subject": "other","value": "lightning"},
                { "test": "is_skin_id", "subject": "self","operator": "<=", "value": 43 },
                {"test": "is_difficulty","operator": "!=","value": "peaceful"}
              ],
              "event": "loadisk:become_skeleton_event"
            },
            "deals_damage": false
          }
        ]
      },
      "minecraft:interact": {
        "interactions": [
          {
            "on_interact": {"filters": {"all_of": [
              { "test": "is_variant", "subject": "self","operator": "!=", "value": 1 },
              { "test": "has_component", "subject": "self", "operator": "==", "value": "minecraft:is_tamed" },
              { "test": "is_family", "subject": "other", "value": "player" },
              { "test": "has_equipment", "domain": "hand", "subject": "other", "value": "light_blue_dye" }]},
              "event": "loadisk:equip_gear_aqua_event","target": "self"},
              "use_item": true,"swing": true,"play_sounds": "saddle","interact_text": "action.interact.saddle"
          },
          {
            "on_interact": {"filters": {"all_of": [
              { "test": "is_variant", "subject": "self","operator": "!=", "value": 2 },
              { "test": "has_component", "subject": "self", "operator": "==", "value": "minecraft:is_tamed" },
              { "test": "is_family", "subject": "other", "value": "player" },
              { "test": "has_equipment", "domain": "hand", "subject": "other", "value": "black_dye" }]},
              "event": "loadisk:equip_gear_black_event","target": "self"},
              "use_item": true,"swing": true,"play_sounds": "saddle","interact_text": "action.interact.saddle"
          },
          {
            "on_interact": {"filters": {"all_of": [
              { "test": "is_variant", "subject": "self","operator": "!=", "value": 3 },
              { "test": "has_component", "subject": "self", "operator": "==", "value": "minecraft:is_tamed" },
              { "test": "is_family", "subject": "other", "value": "player" },
              { "test": "has_equipment", "domain": "hand", "subject": "other", "value": "lapis_lazuli" }]},
              "event": "loadisk:equip_gear_blue_event","target": "self"},
              "use_item": true,"swing": true,"play_sounds": "saddle","interact_text": "action.interact.saddle"
          },
          {
            "on_interact": {"filters": {"all_of": [
              { "test": "is_variant", "subject": "self","operator": "!=", "value": 4 },
              { "test": "has_component", "subject": "self", "operator": "==", "value": "minecraft:is_tamed" },
              { "test": "is_family", "subject": "other", "value": "player" },
              { "test": "has_equipment", "domain": "hand", "subject": "other", "value": "brown_dye" }]},
              "event": "loadisk:equip_gear_brown_event","target": "self"},
              "use_item": true,"swing": true,"play_sounds": "saddle","interact_text": "action.interact.saddle"
          },
          {
            "on_interact": {"filters": {"all_of": [
              { "test": "is_variant", "subject": "self","operator": "!=", "value": 5 },
              { "test": "has_component", "subject": "self", "operator": "==", "value": "minecraft:is_tamed" },
              { "test": "is_family", "subject": "other", "value": "player" },
              { "test": "has_equipment", "domain": "hand", "subject": "other", "value": "cyan_dye"}]},
              "event": "loadisk:equip_gear_dark_aqua_event","target": "self"},
              "use_item": true,"swing": true,"play_sounds": "saddle","interact_text": "action.interact.saddle"
          },
          {
            "on_interact": {"filters": {"all_of": [
              { "test": "is_variant", "subject": "self","operator": "!=", "value": 6 },
              { "test": "has_component", "subject": "self", "operator": "==", "value": "minecraft:is_tamed" },
              { "test": "is_family", "subject": "other", "value": "player" },
              { "test": "has_equipment", "domain": "hand", "subject": "other", "value": "blue_dye" }]},
              "event": "loadisk:equip_gear_dark_blue_event","target": "self"},
              "use_item": true,"swing": true,"play_sounds": "saddle","interact_text": "action.interact.saddle"
          },
          {
            "on_interact": {"filters": {"all_of": [
              { "test": "is_variant", "subject": "self","operator": "!=", "value": 7 },
              { "test": "has_component", "subject": "self", "operator": "==", "value": "minecraft:is_tamed" },
              { "test": "is_family", "subject": "other", "value": "player" },
              { "test": "has_equipment", "domain": "hand", "subject": "other", "value": "green_dye" }]},
              "event": "loadisk:equip_gear_dark_green_event","target": "self"},
              "use_item": true,"swing": true,"play_sounds": "saddle","interact_text": "action.interact.saddle"
          },
          {
            "on_interact": {"filters": {"all_of": [
              { "test": "is_variant", "subject": "self","operator": "!=", "value": 8 },
              { "test": "has_component", "subject": "self", "operator": "==", "value": "minecraft:is_tamed" },
              { "test": "is_family", "subject": "other", "value": "player" },
              { "test": "has_equipment", "domain": "hand", "subject": "other", "value": "red_dye" }]},
              "event": "loadisk:equip_gear_dark_red_event","target": "self"},
              "use_item": true,"swing": true,"play_sounds": "saddle","interact_text": "action.interact.saddle"
          },
          {
            "on_interact": {"filters": {"all_of": [
              { "test": "is_variant", "subject": "self","operator": "!=", "value": 9 },
              { "test": "has_component", "subject": "self", "operator": "==", "value": "minecraft:is_tamed" },
              { "test": "is_family", "subject": "other", "value": "player" },
              { "test": "has_equipment", "domain": "hand", "subject": "other", "value": "orange_dye" }]},
              "event": "loadisk:equip_gear_gold_event","target": "self"},
              "use_item": true,"swing": true,"play_sounds": "saddle","interact_text": "action.interact.saddle"
          },
          {
            "on_interact": {"filters": {"all_of": [
              { "test": "is_variant", "subject": "self","operator": "!=", "value": 10 },
              { "test": "has_component", "subject": "self", "operator": "==", "value": "minecraft:is_tamed" },
              { "test": "is_family", "subject": "other", "value": "player" },
              { "test": "has_equipment", "domain": "hand", "subject": "other", "value": "gray_dye" }]},
              "event": "loadisk:equip_gear_gray_event","target": "self"},
              "use_item": true,"swing": true,"play_sounds": "saddle","interact_text": "action.interact.saddle"
          },
          {
            "on_interact": {"filters": {"all_of": [
              { "test": "is_variant", "subject": "self","operator": "!=", "value": 11 },
              { "test": "has_component", "subject": "self", "operator": "==", "value": "minecraft:is_tamed" },
              { "test": "is_family", "subject": "other", "value": "player" },
              { "test": "has_equipment", "domain": "hand", "subject": "other", "value": "lime_dye" }]},
              "event": "loadisk:equip_gear_green_event","target": "self"},
              "use_item": true,"swing": true,"play_sounds": "saddle","interact_text": "action.interact.saddle"
          },
          {
            "on_interact": {"filters": {"all_of": [
              { "test": "is_variant", "subject": "self","operator": "!=", "value": 12 },
              { "test": "has_component", "subject": "self", "operator": "==", "value": "minecraft:is_tamed" },
              { "test": "is_family", "subject": "other", "value": "player" },
              { "test": "has_equipment", "domain": "hand", "subject": "other", "value": "light_gray_dye" }]},
              "event": "loadisk:equip_gear_light_gray_event","target": "self"},
              "use_item": true,"swing": true,"play_sounds": "saddle","interact_text": "action.interact.saddle"
          },
          {
            "on_interact": {"filters": {"all_of": [
              { "test": "is_variant", "subject": "self","operator": "!=", "value": 13 },
              { "test": "has_component", "subject": "self", "operator": "==", "value": "minecraft:is_tamed" },
              { "test": "is_family", "subject": "other", "value": "player" },
              { "test": "has_equipment", "domain": "hand", "subject": "other", "value": "magenta_dye" }]},
              "event": "loadisk:equip_gear_light_purple_event","target": "self"},
              "use_item": true,"swing": true,"play_sounds": "saddle","interact_text": "action.interact.saddle"
          },
          {
            "on_interact": {"filters": {"all_of": [
              { "test": "is_variant", "subject": "self","operator": "!=", "value": 14 },
              { "test": "has_component", "subject": "self", "operator": "==", "value": "minecraft:is_tamed" },
              { "test": "is_family", "subject": "other", "value": "player" },
              { "test": "has_equipment", "domain": "hand", "subject": "other", "value": "purple_dye" }]},
              "event": "loadisk:equip_gear_purple_event","target": "self"},
              "use_item": true,"swing": true,"play_sounds": "saddle","interact_text": "action.interact.saddle"
          },
          {
            "on_interact": {"filters": {"all_of": [
              { "test": "is_variant", "subject": "self","operator": "!=", "value": 15 },
              { "test": "has_component", "subject": "self", "operator": "==", "value": "minecraft:is_tamed" },
              { "test": "is_family", "subject": "other", "value": "player" },
              { "test": "has_equipment", "domain": "hand", "subject": "other", "value": "pink_dye" }]},
              "event": "loadisk:equip_gear_red_event","target": "self"},
              "use_item": true,"swing": true,"play_sounds": "saddle","interact_text": "action.interact.saddle"
          },
          {
            "on_interact": {"filters": {"all_of": [
              { "test": "is_variant", "subject": "self","operator": "!=", "value": 16 },
              { "test": "has_component", "subject": "self", "operator": "==", "value": "minecraft:is_tamed" },
              { "test": "is_family", "subject": "other", "value": "player" },
              { "test": "has_equipment", "domain": "hand", "subject": "other", "value": "white_dye" }]},
              "event": "loadisk:equip_gear_white_event","target": "self"},
              "use_item": true,"swing": true,"play_sounds": "saddle","interact_text": "action.interact.saddle"
          },
          {
            "on_interact": {"filters": {"all_of": [
              { "test": "is_variant", "subject": "self","operator": "!=", "value": 17 },
              { "test": "has_component", "subject": "self", "operator": "==", "value": "minecraft:is_tamed" },
              { "test": "is_family", "subject": "other", "value": "player" },
              { "test": "has_equipment", "domain": "hand", "subject": "other", "value": "yellow_dye" }]},
              "event": "loadisk:equip_gear_yellow_event","target": "self"},
              "use_item": true,"swing": true,"play_sounds": "saddle","interact_text": "action.interact.saddle"
          },
          {
            "on_interact": {"filters": {"all_of": [
              { "test": "has_component", "subject": "self", "operator": "!=", "value": "minecraft:is_chested" },
              { "test": "has_component", "subject": "self", "operator": "==", "value": "minecraft:is_tamed" },
              { "test": "is_family", "subject": "other", "value": "player" },
              { "test": "has_equipment", "domain": "hand", "subject": "other", "value": "chest" }]},
              "event": "loadisk:horse_chested_event","target": "self"},
              "use_item": true,"swing": true,"play_sounds": "saddle","interact_text": "action.interact.attachchest"
          },
          {
            "on_interact": {"filters": {"all_of": [
              { "test": "is_family", "subject": "other", "value": "player" },
              { "test": "is_skin_id", "subject": "self","operator": "!=", "value": 43 },
              { "test": "is_skin_id", "subject": "self","operator": "!=", "value": 46 },
              { "test": "has_equipment", "domain": "hand", "subject": "other", "value": "rotten_flesh" }]},
              "event": "loadisk:zombification_timer_event","target": "self"},
              "use_item": true,"swing": true,"play_sounds": "saddle","interact_text": "action.interact.flesh"
          },
          {
            "on_interact": {"filters": {"all_of": [
              { "test": "is_family", "subject": "other", "value": "player" },
              { "test": "has_equipment", "domain": "hand", "subject": "other", "value": "loadisk:candy" }]},
              "event": "loadisk:roll_event","target": "self"},
              "use_item": true,"swing": true,"play_sounds": "candy","interact_text": "action.interact.candy"
          }
        ]
      },
      "minecraft:environment_sensor": { //%
        "triggers": [
          {
            "filters": {
              "all_of": [
                { "test": "has_component", "subject": "self", "operator": "==", "value": "minecraft:is_saddled"},
                { "test": "is_skin_id", "subject": "self","operator": "!=", "value": 43 },
                { "test": "is_skin_id", "subject": "self","operator": "!=", "value": 50 },
                {
                  "any_of": [
                    {"test": "in_water","operator": "==","value": false},
                    {
                      "all_of": [
                        {"test": "in_lava","operator": "==","value": false},
                        {
                          "any_of": [
                            {"test": "is_skin_id","subject": "self","operator": "==","value": 47},
                            {"test": "is_skin_id","subject": "self","operator": "==","value": 48},
                            {"test": "is_skin_id","subject": "self","operator": "==","value": 49}
                          ]
                        }
                      ]
                    }
                  ]
                }
              ]
            },
            "event": "loadisk:on_land"
          },
          {
            "filters": {
              "any_of": [
                { "test": "has_component", "subject": "self", "operator": "==", "value": "minecraft:is_saddled"},
                { "test": "is_skin_id", "subject": "self","operator": "!=", "value": 43 },
                { "test": "is_skin_id", "subject": "self","operator": "!=", "value": 50 },
                {
                  "any_of": [
                    {"test": "in_water","operator": "==","value": true},
                    {
                      "all_of": [
                        {"test": "in_lava","operator": "==","value": true},
                        {
                          "any_of": [
                            {"test": "is_skin_id","subject": "self","operator": "==","value": 47},
                            {"test": "is_skin_id","subject": "self","operator": "==","value": 48},
                            {"test": "is_skin_id","subject": "self","operator": "==","value": 49}
                          ]
                        }
                      ]
                    }
                  ]
                }
              ]
            },
            "event": "loadisk:in_water"
          },
          {
            "filters": {
              "all_of": [
                { "test": "has_component", "subject": "self", "operator": "==", "value": "minecraft:is_tamed"},
                { "test": "is_skin_id", "subject": "self","operator": "==", "value": 41}
              ]
            },
            "event": "loadisk:remove_randomtp_event"
          },
          {
            "filters": {
              "all_of": [
                { "test": "has_component", "subject": "self", "operator": "==", "value": "minecraft:is_saddled"},
                { "test": "is_skin_id", "subject": "self","operator": "!=", "value": 43 },
                { "test": "is_skin_id", "subject": "self","operator": "!=", "value": 50 },
                {"test": "in_lava","operator": "==","value": false}
              ]
            },
            "event": "loadisk:out_of_lava"
          },
          {
            "filters": {
              "all_of": [
                { "test": "has_component", "subject": "self", "operator": "==", "value": "minecraft:is_saddled"},
                { "test": "is_skin_id", "subject": "self","operator": "!=", "value": 43 },
                { "test": "is_skin_id", "subject": "self","operator": "!=", "value": 50 },
                {"test": "in_lava","operator": "==","value": true}
              ]
            },
            "event": "loadisk:in_lava"
          }
        ]
      },
      "minecraft:equippable": {
        "slots": [
          {
            "slot": 0,"item": "saddle",
            "accepted_items": ["saddle"],
            "on_equip": {"event": "loadisk:horse_saddled_event"},
            "on_unequip": {"event": "loadisk:horse_unsaddled_event"}
          },
          {
            "slot": 1,"item": "horsearmoriron",
            "accepted_items": ["horsearmorleather","horsearmoriron","horsearmorgold","horsearmordiamond"]
          }
        ]
      },
      "minecraft:healable": {
        "items": [
          {"item": "wheat","heal_amount": 2},{"item": "sugar","heal_amount": 1},
          {"item": "hay_block","heal_amount": 20},{"item": "apple","heal_amount": 3},
          {"item": "golden_carrot","heal_amount": 4},{"item": "golden_apple","heal_amount": 10},
          {"item": "appleEnchanted","heal_amount": 10}
        ]
      },
      "minecraft:hurt_on_condition": {
        "damage_conditions": [
          {
            "filters": {
              "all_of": [
                {"test": "in_lava","subject": "self","operator": "==","value": true}
              ]
            },
            "cause": "lava","damage_per_tick": 4
          }
        ]
      },
      //Physics
      "minecraft:physics": {},
      "minecraft:conditional_bandwidth_optimization": {},
      "minecraft:collision_box": {"width": 1.4,"height": 1.6},
      "minecraft:pushable": {"is_pushable": true,"is_pushable_by_piston": true},
      //Behavior
      "minecraft:behavior.float": {"priority": 0},
      "minecraft:behavior.stay_while_sitting": {"priority": 1},
      "minecraft:behavior.breed": {"priority": 2,"speed_multiplier": 1.0},
      "minecraft:behavior.panic": {"priority": 3,"speed_multiplier": 1.2},

      //"minecraft:behavior.follow_owner": {"priority": 5,"start_distance": 16,"stop_distance": 17},
      "minecraft:behavior.tempt": {"speed_multiplier": 1.2,"items": ["golden_apple","appleEnchanted","golden_carrot"],"priority": 6},
      //priority 8 open
      "minecraft:behavior.random_stroll": {"priority": 10,"speed_multiplier": 1},
      "minecraft:behavior.look_at_target": {"priority": 11,"look_distance": 8},
      "minecraft:behavior.random_look_around": {"priority": 12},
      "minecraft:behavior.follow_parent": {"priority": 16,"speed_multiplier": 1.1}
    },
    "events": {
      "loadisk:manual_spawn": {"add": {"component_groups": ["loadisk:type_void"]}},//Overwiting define_type
      "minecraft:entity_spawned": {
          "randomize": [
            {"weight": 95,"trigger": "loadisk:define_type_event","add": {"component_groups": ["loadisk:is_wild","loadisk:is_adult","loadisk:gear_default","loadisk:is_deafult"]}},
            {"weight": 5,"trigger": "loadisk:define_type_event","add": {"component_groups": ["loadisk:is_wild","loadisk:is_baby","loadisk:gear_default","loadisk:is_deafult"]}}
          ]
      },
      "minecraft:entity_born": {
        "sequence": [
          {"trigger": "loadisk:define_type_event","add": {"component_groups": ["loadisk:is_wild","loadisk:is_baby","loadisk:gear_default","loadisk:is_deafult","loadisk:default_breed"]}}
        ]
      },
      "loadisk:black.pegasus_born": {
        "sequence": [
          {"trigger": "loadisk:mod.pegasus_black_event","add": {"component_groups": ["loadisk:is_wild","loadisk:is_baby","loadisk:gear_default"]}}
        ]
      },
      "loadisk:white.pegasus_born": {
        "sequence": [
          {"trigger": "loadisk:mod.pegasus_white_event","add": {"component_groups": ["loadisk:is_wild","loadisk:is_baby","loadisk:gear_default"]}}
        ]
      },
      "loadisk:unicorn.pegasus_born": {
        "sequence": [
          {"trigger": "loadisk:mod.pegasus_unicorn_event","add": {"component_groups": ["loadisk:is_wild","loadisk:is_baby","loadisk:gear_default"]}}
        ]
      },
      "loadisk:unicorn_born": {
        "sequence": [
          {"trigger": "loadisk:mod.unicorn_event","add": {"component_groups": ["loadisk:is_wild","loadisk:is_baby","loadisk:gear_default"]}}
        ]
      },
      "loadisk:shadow_born": {
        "sequence": [
          {"trigger": "loadisk:mod.shadow_event","add": {"component_groups": ["loadisk:is_wild","loadisk:is_baby","loadisk:gear_default"]}}
        ]
      },
      "loadisk:ender_born": {
        "sequence": [
          {"trigger": "loadisk:mod.ender_event","add": {"component_groups": ["loadisk:is_wild","loadisk:is_baby","loadisk:gear_default"]}}
        ]
      },
      "loadisk:void_born": {
        "sequence": [
          {"trigger": "loadisk:mod.void_event","add": {"component_groups": ["loadisk:is_wild","loadisk:is_baby","loadisk:gear_default"]}}
        ]
      },
      "loadisk:zebra_born": {
        "sequence": [
          {"trigger": "loadisk:mod.zebra_event","add": {"component_groups": ["loadisk:is_wild","loadisk:is_baby","loadisk:gear_default"]}}
        ]
      },
      "loadisk:icion_born": {
        "sequence": [
          {"trigger": "loadisk:mod.icion_event","add": {"component_groups": ["loadisk:is_wild","loadisk:is_baby","loadisk:gear_default"]}}
        ]
      },
      "loadisk:endion_born": {
        "sequence": [
          {"trigger": "loadisk:mod.endion_event","add": {"component_groups": ["loadisk:is_wild","loadisk:is_baby","loadisk:gear_default"]}}
        ]
      },
      "loadisk:magma_born": {
        "sequence": [
          {"trigger": "loadisk:mod.magma_event","add": {"component_groups": ["loadisk:is_wild","loadisk:is_baby","loadisk:gear_default"]}}
        ]
      },
      "loadisk:horse_saddled_event": {"add": {"component_groups": ["loadisk:horse_saddled"]}},
      "loadisk:horse_unsaddled_event": {"remove": {"component_groups": ["loadisk:horse_saddled"]}},
      "loadisk:horse_chested_event": {"add": {"component_groups": ["loadisk:is_chested"]}},
      "loadisk:horse_unchested_event": {"remove": {"component_groups": ["loadisk:is_chested"]}},
      "loadisk:remove_randomtp_event": {"remove": {"component_groups": ["loadisk:has_randomtp"]}},
      "loadisk:on_tame_event": {"remove": {"component_groups": ["loadisk:is_wild"]},"add": {"component_groups": ["loadisk:is_tamed"]}},
      "loadisk:in_water": {"add": {"component_groups": ["loadisk:is_buoyant"]}},
      "loadisk:on_land": {"remove": {"component_groups": ["loadisk:is_buoyant"]}},
      "loadisk:in_lava": {"add": {"component_groups": ["loadisk:in_lava"]}},
      "loadisk:out_of_lava": {"remove": {"component_groups": ["loadisk:in_lava"]}},
      "loadisk:define_type_event": {//Link Skeleton & Zombie Through Events
        "sequence": [
          {
            "filters": {
              "any_of": [
                {"test": "is_biome", "operator": "!=","value": "desert"},
                {"test": "is_biome", "operator": "!=","value": "mesa"},
                {"test": "is_biome", "operator": "!=","value": "savanna"},
                {"test": "is_biome", "operator": "!=","value": "the_nether"},
                {"test": "is_biome", "operator": "!=","value": "the_end"}
              ]
            },
            "trigger": "loadisk:define_horse_event","add": {"component_groups": ["loadisk:default_breed"]}
          },
          {
            "filters": {
              "any_of": [
                {"test": "is_biome", "operator": "==","value": "desert"},
                {"test": "is_biome", "operator": "==","value": "mesa"},
                {"test": "is_biome", "operator": "==","value": "savanna"}
              ]
            },
            "trigger": "loadisk:is_zebra_event"
          },
          {
            "filters": {
              "any_of": [
                {"test": "is_biome", "operator": "==","value": "the_nether"}
              ]
            },
            "trigger": "loadisk:is_nether_event"
          },
          {
            "filters": {
              "any_of": [
                {"test": "is_biome", "operator": "==","value": "the_end"}
              ]
            },
            "trigger": "loadisk:is_ender_event"
          }
        ]
      },
      "loadisk:define_horse_event": {
        "randomize": [
          {"weight": 1,"trigger": "loadisk:is_black_event"},
          {"weight": 1,"trigger": "loadisk:is_brown_event"},
          {"weight": 1,"trigger": "loadisk:is_chestnut_event"},
          {"weight": 1,"trigger": "loadisk:is_creamy_event"},
          {"weight": 1,"trigger": "loadisk:is_darkbrown_event"},
          {"weight": 1,"trigger": "loadisk:is_gray_event"},
          {"weight": 1,"trigger": "loadisk:is_white_event"},
          {"weight": 1,"trigger": "loadisk:is_special_event"}
        ]
      },
      "loadisk:is_black_event": {
        "randomize": [
          {"weight": 1,"add": {"component_groups": ["loadisk:type_black00"]}},
          {"weight": 1,"add": {"component_groups": ["loadisk:type_black01"]}},
          {"weight": 1,"add": {"component_groups": ["loadisk:type_black02"]}},
          {"weight": 1,"add": {"component_groups": ["loadisk:type_black03"]}},
          {"weight": 1,"add": {"component_groups": ["loadisk:type_black04"]}}
        ]
      },
      "loadisk:is_brown_event": {
        "randomize": [
          {"weight": 1,"add": {"component_groups": ["loadisk:type_brown00"]}},
          {"weight": 1,"add": {"component_groups": ["loadisk:type_brown01"]}},
          {"weight": 1,"add": {"component_groups": ["loadisk:type_brown02"]}},
          {"weight": 1,"add": {"component_groups": ["loadisk:type_brown03"]}},
          {"weight": 1,"add": {"component_groups": ["loadisk:type_brown04"]}},
          {"weight": 1,"add": {"component_groups": ["loadisk:type_brown05"]}}
        ]
      },
      "loadisk:is_chestnut_event": {
        "randomize": [
          {"weight": 1,"add": {"component_groups": ["loadisk:type_chestnut00"]}},
          {"weight": 1,"add": {"component_groups": ["loadisk:type_chestnut01"]}},
          {"weight": 1,"add": {"component_groups": ["loadisk:type_chestnut02"]}},
          {"weight": 1,"add": {"component_groups": ["loadisk:type_chestnut03"]}},
          {"weight": 1,"add": {"component_groups": ["loadisk:type_chestnut04"]}}
        ]
      },
      "loadisk:is_creamy_event": {
        "randomize": [
          {"weight": 1,"add": {"component_groups": ["loadisk:type_creamy00"]}},
          {"weight": 1,"add": {"component_groups": ["loadisk:type_creamy01"]}},
          {"weight": 1,"add": {"component_groups": ["loadisk:type_creamy02"]}},
          {"weight": 1,"add": {"component_groups": ["loadisk:type_creamy03"]}},
          {"weight": 1,"add": {"component_groups": ["loadisk:type_creamy04"]}}
        ]
      },
      "loadisk:is_darkbrown_event": {
        "randomize": [
          {"weight": 1,"add": {"component_groups": ["loadisk:type_darkbrown00"]}},
          {"weight": 1,"add": {"component_groups": ["loadisk:type_darkbrown01"]}},
          {"weight": 1,"add": {"component_groups": ["loadisk:type_darkbrown02"]}},
          {"weight": 1,"add": {"component_groups": ["loadisk:type_darkbrown03"]}},
          {"weight": 1,"add": {"component_groups": ["loadisk:type_darkbrown04"]}},
          {"weight": 1,"add": {"component_groups": ["loadisk:type_darkbrown05"]}}
        ]
      },
      "loadisk:is_gray_event": {
        "randomize": [
          {"weight": 1,"add": {"component_groups": ["loadisk:type_gray00"]}},
          {"weight": 1,"add": {"component_groups": ["loadisk:type_gray01"]}},
          {"weight": 1,"add": {"component_groups": ["loadisk:type_gray02"]}},
          {"weight": 1,"add": {"component_groups": ["loadisk:type_gray03"]}},
          {"weight": 1,"add": {"component_groups": ["loadisk:type_gray04"]}},
          {"weight": 1,"add": {"component_groups": ["loadisk:type_gray05"]}}
        ]
      },
      "loadisk:is_white_event": {
        "randomize": [
          {"weight": 1,"add": {"component_groups": ["loadisk:type_white00"]}},
          {"weight": 1,"add": {"component_groups": ["loadisk:type_white01"]}},
          {"weight": 1,"add": {"component_groups": ["loadisk:type_white02"]}},
          {"weight": 1,"add": {"component_groups": ["loadisk:type_white03"]}},
          {"weight": 1,"add": {"component_groups": ["loadisk:type_white04"]}},
          {"weight": 1,"add": {"component_groups": ["loadisk:type_white05"]}}
        ]
      },
      "loadisk:is_zebra_event": {
        "randomize": [
          {"weight": 90,"add": {"component_groups": ["loadisk:type_white06"]},"remove": {"component_groups": ["loadisk:default_breed"]}},
          {"weight": 90,"add": {"component_groups": ["loadisk:type_white07"]},"remove": {"component_groups": ["loadisk:default_breed"]}},
          {"weight": 10,"trigger": "loadisk:is_special_event"}
        ]
      },
      "loadisk:is_nether_event": {
        "randomize": [
          {
            "weight": 1,
            "add": {"component_groups": ["loadisk:type_magma","loadisk:is_fire_immune","loadisk:magma_breed"]},
            "remove": {"component_groups": ["loadisk:default_breed","loadisk:is_default"]}
          }
        ]
      },
      "loadisk:is_ender_event": {
        "randomize": [
          {"weight": 1,"add": {"component_groups": ["loadisk:type_ender","loadisk:has_randomtp"]}}
        ]
      },
      "loadisk:type_magma_event": {
        "remove": {
          "component_groups": ["loadisk:type_magma.f1","loadisk:type_magma.f2"]
        },
        "add": {"component_groups": ["loadisk:type_magma"]}
      },
      "loadisk:type_magma.f1_event": {
        "remove": {
          "component_groups": ["loadisk:type_magma","loadisk:type_magma.f2"]
        },
        "add": {"component_groups": ["loadisk:type_magma.f1"]}
      },
      "loadisk:type_magma.f2_event": {
        "remove": {
          "component_groups": ["loadisk:type_magma.f1","loadisk:type_magma"]
        },
        "add": {"component_groups": ["loadisk:type_magma.f2"]}
      },
      "loadisk:is_special_event": {
        "randomize": [
          {"weight": 90,"add": {"component_groups": ["loadisk:type_ender","loadisk:has_randomtp"]}},
          {"weight": 80,"add": {"component_groups": ["loadisk:type_shadow"]}},
          {"weight": 70,"add": {"component_groups": ["loadisk:type_void"]}},
          {"weight": 30,"add": {"component_groups": ["loadisk:type_unicorn"]}},
          {"weight": 15,"trigger": "loadisk:is_pegasus_event"},
          {"weight": 1,"trigger": "loadisk:is_mythic_event"}
        ]
      },
      "loadisk:is_pegasus_event": {
        "randomize": [
          {"weight": 90,"add": {"component_groups": ["loadisk:type_pegasus.white","loadisk:is_pegasus"]}},
          {"weight": 90,"add": {"component_groups": ["loadisk:type_pegasus.black","loadisk:is_pegasus"]}},
          {"weight": 10,"add": {"component_groups": ["loadisk:type_unicorn","loadisk:is_pegasus"]}}
        ]
      },
      "loadisk:is_mythic_event": {
        "randomize": [
          {"weight": 90,"add": {"component_groups": ["loadisk:type_icion"]}},
          {"weight": 90,"add": {"component_groups": ["loadisk:type_endion"]}},
          {"weight": 10,"add": {"component_groups": ["loadisk:type_icion","loadisk:is_pegasus"]}},
          {"weight": 10,"add": {"component_groups": ["loadisk:type_endion","loadisk:is_pegasus"]}}
        ]
      },
      "loadisk:roll_event": {"add": {"component_groups": ["loadisk:roll_timer"]}},
      "loadisk:result_event": {
        "sequence": [
          {
            "randomize": [
              {"weight": 95,"trigger": "loadisk:mod.shadow_event"},
              {"weight": 85,"trigger": "loadisk:mod.ender_event"},
              {"weight": 75,"trigger": "loadisk:mod.void_event"},
              {"weight": 40,"trigger": "loadisk:mod.unicorn_event"},
              {"weight": 10,"trigger": "loadisk:mod.pegasus_black_event"},
              {"weight": 10,"trigger": "loadisk:mod.pegasus_white_event"},
              {"weight": 2,"trigger": "loadisk:mod.icion_event"},
              {"weight": 2,"trigger": "loadisk:is_endion_event"},
              {"weight": 1,"trigger": "loadisk:mod.pegasus_unicorn_event"}
            ]
          },
          {
            "remove": {"component_groups": ["loadisk:roll_timer"]}
          }
        ]
      },
      "loadisk:equip_gear_default_event": {
        "remove": {
          "component_groups": [
            "loadisk:gear_aqua","loadisk:gear_black","loadisk:gear_blue","loadisk:gear_brown","loadisk:gear_dark_aqua",
            "loadisk:gear_dark_blue","loadisk:gear_dark_green","loadisk:gear_dark_red","loadisk:gear_gold","loadisk:gear_gray","loadisk:gear_green",
            "loadisk:gear_light_gray","loadisk:gear_light_purple","loadisk:gear_purple","loadisk:gear_red","loadisk:gear_white","loadisk:gear_yellow"
          ]
        },
        "add": {"component_groups": ["loadisk:gear_default"]}
      },
      "loadisk:equip_gear_aqua_event": {
        "remove": {
          "component_groups": [
            "loadisk:gear_default","loadisk:gear_black","loadisk:gear_blue","loadisk:gear_brown","loadisk:gear_dark_aqua",
            "loadisk:gear_dark_blue","loadisk:gear_dark_green","loadisk:gear_dark_red","loadisk:gear_gold","loadisk:gear_gray","loadisk:gear_green",
            "loadisk:gear_light_gray","loadisk:gear_light_purple","loadisk:gear_purple","loadisk:gear_red","loadisk:gear_white","loadisk:gear_yellow"
          ]
        },
        "add": {"component_groups": ["loadisk:gear_aqua"]}
      },
      "loadisk:equip_gear_black_event": {
        "remove": {
          "component_groups": [
            "loadisk:gear_default","loadisk:gear_aqua","loadisk:gear_blue","loadisk:gear_brown","loadisk:gear_dark_aqua",
            "loadisk:gear_dark_blue","loadisk:gear_dark_green","loadisk:gear_dark_red","loadisk:gear_gold","loadisk:gear_gray","loadisk:gear_green",
            "loadisk:gear_light_gray","loadisk:gear_light_purple","loadisk:gear_purple","loadisk:gear_red","loadisk:gear_white","loadisk:gear_yellow"
          ]
        },
        "add": {"component_groups": ["loadisk:gear_black"]}
      },
      "loadisk:equip_gear_blue_event": {
        "remove": {
          "component_groups": [
            "loadisk:gear_default","loadisk:gear_aqua","loadisk:gear_black","loadisk:gear_brown","loadisk:gear_dark_aqua",
            "loadisk:gear_dark_blue","loadisk:gear_dark_green","loadisk:gear_dark_red","loadisk:gear_gold","loadisk:gear_gray","loadisk:gear_green",
            "loadisk:gear_light_gray","loadisk:gear_light_purple","loadisk:gear_purple","loadisk:gear_red","loadisk:gear_white","loadisk:gear_yellow"
          ]
        },
        "add": {"component_groups": ["loadisk:gear_blue"]}
      },
      "loadisk:equip_gear_brown_event": {
        "remove": {
          "component_groups": [
            "loadisk:gear_default","loadisk:gear_aqua","loadisk:gear_black","loadisk:gear_blue","loadisk:gear_dark_aqua",
            "loadisk:gear_dark_blue","loadisk:gear_dark_green","loadisk:gear_dark_red","loadisk:gear_gold","loadisk:gear_gray","loadisk:gear_green",
            "loadisk:gear_light_gray","loadisk:gear_light_purple","loadisk:gear_purple","loadisk:gear_red","loadisk:gear_white","loadisk:gear_yellow"
          ]
        },
        "add": {"component_groups": ["loadisk:gear_brown"]}
      },
      "loadisk:equip_gear_dark_aqua_event": {
        "remove": {
          "component_groups": [
            "loadisk:gear_default","loadisk:gear_aqua","loadisk:gear_black","loadisk:gear_blue","loadisk:gear_brown",
            "loadisk:gear_dark_blue","loadisk:gear_dark_green","loadisk:gear_dark_red","loadisk:gear_gold","loadisk:gear_gray","loadisk:gear_green",
            "loadisk:gear_light_gray","loadisk:gear_light_purple","loadisk:gear_purple","loadisk:gear_red","loadisk:gear_white","loadisk:gear_yellow"
          ]
        },
        "add": {"component_groups": ["loadisk:gear_dark_aqua"]}
      },
      "loadisk:equip_gear_dark_blue_event": {
        "remove": {
          "component_groups": [
            "loadisk:gear_default","loadisk:gear_aqua","loadisk:gear_black","loadisk:gear_blue","loadisk:gear_brown","loadisk:gear_dark_aqua",
            "loadisk:gear_dark_green","loadisk:gear_dark_red","loadisk:gear_gold","loadisk:gear_gray","loadisk:gear_green",
            "loadisk:gear_light_gray","loadisk:gear_light_purple","loadisk:gear_purple","loadisk:gear_red","loadisk:gear_white","loadisk:gear_yellow"
          ]
        },
        "add": {"component_groups": ["loadisk:gear_dark_blue"]}
      },
      "loadisk:equip_gear_dark_green_event": {
        "remove": {
          "component_groups": [
            "loadisk:gear_default","loadisk:gear_aqua","loadisk:gear_black","loadisk:gear_blue","loadisk:gear_brown","loadisk:gear_dark_aqua",
            "loadisk:gear_dark_blue","loadisk:gear_dark_red","loadisk:gear_gold","loadisk:gear_gray","loadisk:gear_green",
            "loadisk:gear_light_gray","loadisk:gear_light_purple","loadisk:gear_purple","loadisk:gear_red","loadisk:gear_white","loadisk:gear_yellow"
          ]
        },
        "add": {"component_groups": ["loadisk:gear_dark_green"]}
      },
      "loadisk:equip_gear_dark_red_event": {
        "remove": {
          "component_groups": [
            "loadisk:gear_default","loadisk:gear_aqua","loadisk:gear_black","loadisk:gear_blue","loadisk:gear_brown","loadisk:gear_dark_aqua",
            "loadisk:gear_dark_blue","loadisk:gear_dark_green","loadisk:gear_gold","loadisk:gear_gray","loadisk:gear_green",
            "loadisk:gear_light_gray","loadisk:gear_light_purple","loadisk:gear_purple","loadisk:gear_red","loadisk:gear_white","loadisk:gear_yellow"
          ]
        },
        "add": {"component_groups": ["loadisk:gear_dark_red"]}
      },
      "loadisk:equip_gear_gold_event": {
        "remove": {
          "component_groups": [
            "loadisk:gear_default","loadisk:gear_aqua","loadisk:gear_black","loadisk:gear_blue","loadisk:gear_brown","loadisk:gear_dark_aqua",
            "loadisk:gear_dark_blue","loadisk:gear_dark_green","loadisk:gear_dark_red","loadisk:gear_gray","loadisk:gear_green",
            "loadisk:gear_light_gray","loadisk:gear_light_purple","loadisk:gear_purple","loadisk:gear_red","loadisk:gear_white","loadisk:gear_yellow"
          ]
        },
        "add": {"component_groups": ["loadisk:gear_gold"]}
      },
      "loadisk:equip_gear_gray_event": {
        "remove": {
          "component_groups": [
            "loadisk:gear_default","loadisk:gear_aqua","loadisk:gear_black","loadisk:gear_blue","loadisk:gear_brown","loadisk:gear_dark_aqua",
            "loadisk:gear_dark_blue","loadisk:gear_dark_green","loadisk:gear_dark_red","loadisk:gear_gold","loadisk:gear_green",
            "loadisk:gear_light_gray","loadisk:gear_light_purple","loadisk:gear_purple","loadisk:gear_red","loadisk:gear_white","loadisk:gear_yellow"
          ]
        },
        "add": {"component_groups": ["loadisk:gear_gray"]}
      },
      "loadisk:equip_gear_green_event": {
        "remove": {
          "component_groups": [
            "loadisk:gear_default","loadisk:gear_aqua","loadisk:gear_black","loadisk:gear_blue","loadisk:gear_brown","loadisk:gear_dark_aqua",
            "loadisk:gear_dark_blue","loadisk:gear_dark_green","loadisk:gear_dark_red","loadisk:gear_gold","loadisk:gear_gray",
            "loadisk:gear_light_gray","loadisk:gear_light_purple","loadisk:gear_purple","loadisk:gear_red","loadisk:gear_white","loadisk:gear_yellow"
          ]
        },
        "add": {"component_groups": ["loadisk:gear_green"]}
      },
      "loadisk:equip_gear_light_gray_event": {
        "remove": {
          "component_groups": [
            "loadisk:gear_default","loadisk:gear_aqua","loadisk:gear_black","loadisk:gear_blue","loadisk:gear_brown","loadisk:gear_dark_aqua",
            "loadisk:gear_dark_blue","loadisk:gear_dark_green","loadisk:gear_dark_red","loadisk:gear_gold","loadisk:gear_gray","loadisk:gear_green",
            "loadisk:gear_light_purple","loadisk:gear_purple","loadisk:gear_red","loadisk:gear_white","loadisk:gear_yellow"
          ]
        },
        "add": {"component_groups": ["loadisk:gear_light_gray"]}
      },
      "loadisk:equip_gear_light_purple_event": {
        "remove": {
          "component_groups": [
            "loadisk:gear_default","loadisk:gear_aqua","loadisk:gear_black","loadisk:gear_blue","loadisk:gear_brown","loadisk:gear_dark_aqua",
            "loadisk:gear_dark_blue","loadisk:gear_dark_green","loadisk:gear_dark_red","loadisk:gear_gold","loadisk:gear_gray","loadisk:gear_green",
            "loadisk:gear_light_gray","loadisk:gear_purple","loadisk:gear_red","loadisk:gear_white","loadisk:gear_yellow"
          ]
        },
        "add": {"component_groups": ["loadisk:gear_light_purple"]}
      },
      "loadisk:equip_gear_purple_event": {
        "remove": {
          "component_groups": [
            "loadisk:gear_default","loadisk:gear_aqua","loadisk:gear_black","loadisk:gear_blue","loadisk:gear_brown","loadisk:gear_dark_aqua",
            "loadisk:gear_dark_blue","loadisk:gear_dark_green","loadisk:gear_dark_red","loadisk:gear_gold","loadisk:gear_gray","loadisk:gear_green",
            "loadisk:gear_light_gray","loadisk:gear_light_purple","loadisk:gear_red","loadisk:gear_white","loadisk:gear_yellow"
          ]
        },
        "add": {"component_groups": ["loadisk:gear_purple"]}
      },
      "loadisk:equip_gear_red_event": {
        "remove": {
          "component_groups": [
            "loadisk:gear_default","loadisk:gear_aqua","loadisk:gear_black","loadisk:gear_blue","loadisk:gear_brown","loadisk:gear_dark_aqua",
            "loadisk:gear_dark_blue","loadisk:gear_dark_green","loadisk:gear_dark_red","loadisk:gear_gold","loadisk:gear_gray","loadisk:gear_green",
            "loadisk:gear_light_gray","loadisk:gear_light_purple","loadisk:gear_purple","loadisk:gear_white","loadisk:gear_yellow"
          ]
        },
        "add": {"component_groups": ["loadisk:gear_red"]}
      },
      "loadisk:equip_gear_white_event": {
        "remove": {
          "component_groups": [
            "loadisk:gear_default","loadisk:gear_aqua","loadisk:gear_black","loadisk:gear_blue","loadisk:gear_brown","loadisk:gear_dark_aqua",
            "loadisk:gear_dark_blue","loadisk:gear_dark_green","loadisk:gear_dark_red","loadisk:gear_gold","loadisk:gear_gray","loadisk:gear_green",
            "loadisk:gear_light_gray","loadisk:gear_light_purple","loadisk:gear_purple","loadisk:gear_red","loadisk:gear_yellow"
          ]
        },
        "add": {"component_groups": ["loadisk:gear_white"]}
      },
      "loadisk:equip_gear_yellow_event": {
        "remove": {
          "component_groups": [
            "loadisk:gear_default","loadisk:gear_aqua","loadisk:gear_black","loadisk:gear_blue","loadisk:gear_brown","loadisk:gear_dark_aqua",
            "loadisk:gear_dark_blue","loadisk:gear_dark_green","loadisk:gear_dark_red","loadisk:gear_gold","loadisk:gear_gray","loadisk:gear_green",
            "loadisk:gear_light_gray","loadisk:gear_light_purple","loadisk:gear_purple","loadisk:gear_red","loadisk:gear_white"
          ]
        },
        "add": {"component_groups": ["loadisk:gear_yellow"]}
      },
      "loadisk:become_skeleton_event": {
        "remove": {
          "component_groups": [
            "loadisk:type_black00","loadisk:type_black01", "loadisk:type_black02", "loadisk:type_black03", "loadisk:type_black04", "loadisk:type_brown00", "loadisk:type_brown01",
            "loadisk:type_brown02", "loadisk:type_brown03", "loadisk:type_brown04", "loadisk:type_brown05", "loadisk:type_chestnut00","loadisk:type_chestnut01","loadisk:type_magma","loadisk:type_magma.f1","loadisk:type_magma.f2", 
            "loadisk:type_chestnut02", "loadisk:type_chestnut03", "loadisk:type_chestnut04","loadisk:type_creamy00", "loadisk:type_creamy01", "loadisk:type_creamy02",
            "loadisk:type_creamy03","loadisk:type_creamy04","loadisk:type_darkbrown00", "loadisk:type_darkbrown01","loadisk:type_darkbrown02", "loadisk:type_darkbrown03", 
            "loadisk:type_darkbrown04", "loadisk:type_darkbrown05", "loadisk:type_gray00", "loadisk:type_gray01", "loadisk:type_gray02","loadisk:type_gray03","loadisk:type_gray04","loadisk:is_pegasus",
            "loadisk:type_gray05", "loadisk:type_white00","loadisk:type_white01", "loadisk:type_white02","loadisk:type_white03", "loadisk:type_white04", "loadisk:type_white05", "loadisk:type_white06", 
            "loadisk:type_white07","loadisk:type_ender","loadisk:type_shadow","loadisk:type_unicorn","loadisk:type_void","loadisk:type_zombie","loadisk:type_icion","loadisk:type_endion","loadisk:is_fire_immune"
          ]
        },
        "add": {"component_groups": ["loadisk:type_skeleton","loadisk:is_undead"]}
      },
      "loadisk:zombification_timer_event": {
        "add": {"component_groups": ["loadisk:zombification_timer"]}
      },
      "loadisk:zombify_event": {
        "remove": {
          "component_groups": [
            "loadisk:type_black00","loadisk:type_black01", "loadisk:type_black02", "loadisk:type_black03", "loadisk:type_black04", "loadisk:type_brown00", "loadisk:type_brown01",
            "loadisk:type_brown02", "loadisk:type_brown03", "loadisk:type_brown04", "loadisk:type_brown05", "loadisk:type_chestnut00","loadisk:type_chestnut01","loadisk:type_magma","loadisk:type_magma.f1","loadisk:type_magma.f2", 
            "loadisk:type_chestnut02", "loadisk:type_chestnut03", "loadisk:type_chestnut04","loadisk:type_creamy00", "loadisk:type_creamy01", "loadisk:type_creamy02",
            "loadisk:type_creamy03","loadisk:type_creamy04","loadisk:type_darkbrown00", "loadisk:type_darkbrown01","loadisk:type_darkbrown02", "loadisk:type_darkbrown03", 
            "loadisk:type_darkbrown04", "loadisk:type_darkbrown05", "loadisk:type_gray00", "loadisk:type_gray01", "loadisk:type_gray02","loadisk:type_gray03","loadisk:type_gray04","loadisk:is_pegasus",
            "loadisk:type_gray05", "loadisk:type_white00","loadisk:type_white01", "loadisk:type_white02","loadisk:type_white03", "loadisk:type_white04", "loadisk:type_white05", "loadisk:type_white06","loadisk:is_fire_immune",
            "loadisk:type_white07","loadisk:type_ender","loadisk:type_shadow","loadisk:type_skeleton","loadisk:type_unicorn","loadisk:type_void","loadisk:zombification_timer","loadisk:type_icion","loadisk:type_endion","loadisk:has_randomtp"
          ]
        },
        "add": {"component_groups": ["loadisk:type_zombie","loadisk:is_undead"]}
      },
      "loadisk:mod.unicorn_event": {
        "remove": {
          "component_groups": [
            "loadisk:type_black00","loadisk:type_black01", "loadisk:type_black02", "loadisk:type_black03", "loadisk:type_black04", "loadisk:type_brown00", "loadisk:type_brown01",
            "loadisk:type_brown02", "loadisk:type_brown03", "loadisk:type_brown04", "loadisk:type_brown05", "loadisk:type_chestnut00","loadisk:type_chestnut01","loadisk:type_magma","loadisk:type_magma.f1","loadisk:type_magma.f2", 
            "loadisk:type_chestnut02", "loadisk:type_chestnut03", "loadisk:type_chestnut04","loadisk:type_creamy00", "loadisk:type_creamy01", "loadisk:type_creamy02",
            "loadisk:type_creamy03","loadisk:type_creamy04","loadisk:type_darkbrown00", "loadisk:type_darkbrown01","loadisk:type_darkbrown02", "loadisk:type_darkbrown03", 
            "loadisk:type_darkbrown04", "loadisk:type_darkbrown05", "loadisk:type_gray00", "loadisk:type_gray01", "loadisk:type_gray02","loadisk:type_gray03","loadisk:type_gray04","loadisk:is_pegasus",
            "loadisk:type_gray05", "loadisk:type_white00","loadisk:type_white01", "loadisk:type_white02","loadisk:type_white03", "loadisk:type_white04", "loadisk:type_white05", "loadisk:type_white06", 
            "loadisk:type_white07","loadisk:type_ender","loadisk:type_shadow","loadisk:type_skeleton","loadisk:type_void","loadisk:type_zombie","loadisk:type_icion","loadisk:type_endion","loadisk:is_fire_immune","loadisk:default_breed","loadisk:has_randomtp"
          ]
        },
        "add": {"component_groups": ["loadisk:type_unicorn"]}
      },
      "loadisk:mod.shadow_event": {
        "remove": {
          "component_groups": [
            "loadisk:type_black00","loadisk:type_black01", "loadisk:type_black02", "loadisk:type_black03", "loadisk:type_black04", "loadisk:type_brown00", "loadisk:type_brown01",
            "loadisk:type_brown02", "loadisk:type_brown03", "loadisk:type_brown04", "loadisk:type_brown05", "loadisk:type_chestnut00","loadisk:type_chestnut01","loadisk:type_magma","loadisk:type_magma.f1","loadisk:type_magma.f2", 
            "loadisk:type_chestnut02", "loadisk:type_chestnut03", "loadisk:type_chestnut04","loadisk:type_creamy00", "loadisk:type_creamy01", "loadisk:type_creamy02",
            "loadisk:type_creamy03","loadisk:type_creamy04","loadisk:type_darkbrown00", "loadisk:type_darkbrown01","loadisk:type_darkbrown02", "loadisk:type_darkbrown03", 
            "loadisk:type_darkbrown04", "loadisk:type_darkbrown05", "loadisk:type_gray00", "loadisk:type_gray01", "loadisk:type_gray02","loadisk:type_gray03","loadisk:type_gray04","loadisk:is_pegasus",
            "loadisk:type_gray05", "loadisk:type_white00","loadisk:type_white01", "loadisk:type_white02","loadisk:type_white03", "loadisk:type_white04", "loadisk:type_white05", "loadisk:type_white06", 
            "loadisk:type_white07","loadisk:type_ender","loadisk:type_skeleton","loadisk:type_unicorn","loadisk:type_void","loadisk:type_zombie","loadisk:type_icion","loadisk:type_endion","loadisk:is_fire_immune","loadisk:default_breed","loadisk:has_randomtp"
          ]
        },
        "add": {"component_groups": ["loadisk:type_shadow"]}
      },
      "loadisk:mod.ender_event": {
        "remove": {
          "component_groups": [
            "loadisk:type_black00","loadisk:type_black01", "loadisk:type_black02", "loadisk:type_black03", "loadisk:type_black04", "loadisk:type_brown00", "loadisk:type_brown01",
            "loadisk:type_brown02", "loadisk:type_brown03", "loadisk:type_brown04", "loadisk:type_brown05", "loadisk:type_chestnut00","loadisk:type_chestnut01","loadisk:type_magma","loadisk:type_magma.f1","loadisk:type_magma.f2", 
            "loadisk:type_chestnut02", "loadisk:type_chestnut03", "loadisk:type_chestnut04","loadisk:type_creamy00", "loadisk:type_creamy01", "loadisk:type_creamy02",
            "loadisk:type_creamy03","loadisk:type_creamy04","loadisk:type_darkbrown00", "loadisk:type_darkbrown01","loadisk:type_darkbrown02", "loadisk:type_darkbrown03", 
            "loadisk:type_darkbrown04", "loadisk:type_darkbrown05", "loadisk:type_gray00", "loadisk:type_gray01", "loadisk:type_gray02","loadisk:type_gray03","loadisk:type_gray04","loadisk:is_pegasus",
            "loadisk:type_gray05", "loadisk:type_white00","loadisk:type_white01", "loadisk:type_white02","loadisk:type_white03", "loadisk:type_white04", "loadisk:type_white05", "loadisk:type_white06", 
            "loadisk:type_white07","loadisk:type_shadow","loadisk:type_skeleton","loadisk:type_unicorn","loadisk:type_void","loadisk:type_zombie","loadisk:type_icion","loadisk:type_endion","loadisk:is_fire_immune","loadisk:default_breed"
          ]
        },
        "add": {"component_groups": ["loadisk:type_ender","loadisk:has_randomtp"]}
      },
      "loadisk:mod.void_event": {
        "remove": {
          "component_groups": [
            "loadisk:type_black00","loadisk:type_black01", "loadisk:type_black02", "loadisk:type_black03", "loadisk:type_black04", "loadisk:type_brown00", "loadisk:type_brown01",
            "loadisk:type_brown02", "loadisk:type_brown03", "loadisk:type_brown04", "loadisk:type_brown05", "loadisk:type_chestnut00","loadisk:type_chestnut01","loadisk:type_magma","loadisk:type_magma.f1","loadisk:type_magma.f2", 
            "loadisk:type_chestnut02", "loadisk:type_chestnut03", "loadisk:type_chestnut04","loadisk:type_creamy00", "loadisk:type_creamy01", "loadisk:type_creamy02",
            "loadisk:type_creamy03","loadisk:type_creamy04","loadisk:type_darkbrown00", "loadisk:type_darkbrown01","loadisk:type_darkbrown02", "loadisk:type_darkbrown03", 
            "loadisk:type_darkbrown04", "loadisk:type_darkbrown05", "loadisk:type_gray00", "loadisk:type_gray01", "loadisk:type_gray02","loadisk:type_gray03","loadisk:type_gray04","loadisk:is_pegasus",
            "loadisk:type_gray05", "loadisk:type_white00","loadisk:type_white01", "loadisk:type_white02","loadisk:type_white03", "loadisk:type_white04", "loadisk:type_white05", "loadisk:type_white06", 
            "loadisk:type_white07","loadisk:type_ender","loadisk:type_shadow","loadisk:type_skeleton","loadisk:type_unicorn","loadisk:type_zombie","loadisk:type_icion","loadisk:type_endion","loadisk:is_fire_immune","loadisk:default_breed","loadisk:has_randomtp"
          ]
        },
        "add": {"component_groups": ["loadisk:type_void"]}
      },
      "loadisk:mod.zebra_event": {
        "sequence": [
          {
            "remove": {
              "component_groups": [
                "loadisk:type_black00","loadisk:type_black01", "loadisk:type_black02", "loadisk:type_black03", "loadisk:type_black04", "loadisk:type_brown00", "loadisk:type_brown01",
                "loadisk:type_brown02", "loadisk:type_brown03", "loadisk:type_brown04", "loadisk:type_brown05", "loadisk:type_chestnut00","loadisk:type_chestnut01","loadisk:type_magma","loadisk:type_magma.f1","loadisk:type_magma.f2", 
                "loadisk:type_chestnut02", "loadisk:type_chestnut03", "loadisk:type_chestnut04","loadisk:type_creamy00", "loadisk:type_creamy01", "loadisk:type_creamy02",
                "loadisk:type_creamy03","loadisk:type_creamy04","loadisk:type_darkbrown00", "loadisk:type_darkbrown01","loadisk:type_darkbrown02", "loadisk:type_darkbrown03", 
                "loadisk:type_darkbrown04", "loadisk:type_darkbrown05", "loadisk:type_gray00", "loadisk:type_gray01", "loadisk:type_gray02","loadisk:type_gray03","loadisk:type_gray04",
                "loadisk:type_gray05", "loadisk:type_white00","loadisk:type_white01", "loadisk:type_white02","loadisk:type_white03", "loadisk:type_white04", "loadisk:type_white05","loadisk:is_pegasus",
                "loadisk:type_ender","loadisk:type_shadow","loadisk:type_skeleton","loadisk:type_unicorn","loadisk:type_void","loadisk:type_zombie","loadisk:is_deafult","loadisk:type_icion","loadisk:type_endion","loadisk:is_fire_immune","loadisk:default_breed","loadisk:has_randomtp"
              ]
            },
            "trigger": "loadisk:is_zebra_event"
          }
        ]
      },
      "loadisk:mod.icion_event": {
        "remove": {
          "component_groups": [
            "loadisk:type_black00","loadisk:type_black01", "loadisk:type_black02", "loadisk:type_black03", "loadisk:type_black04", "loadisk:type_brown00", "loadisk:type_brown01",
            "loadisk:type_brown02", "loadisk:type_brown03", "loadisk:type_brown04", "loadisk:type_brown05", "loadisk:type_chestnut00","loadisk:type_chestnut01","loadisk:type_magma","loadisk:type_magma.f1","loadisk:type_magma.f2", 
            "loadisk:type_chestnut02", "loadisk:type_chestnut03", "loadisk:type_chestnut04","loadisk:type_creamy00", "loadisk:type_creamy01", "loadisk:type_creamy02",
            "loadisk:type_creamy03","loadisk:type_creamy04","loadisk:type_darkbrown00", "loadisk:type_darkbrown01","loadisk:type_darkbrown02", "loadisk:type_darkbrown03", 
            "loadisk:type_darkbrown04", "loadisk:type_darkbrown05", "loadisk:type_gray00", "loadisk:type_gray01", "loadisk:type_gray02","loadisk:type_gray03","loadisk:type_gray04",
            "loadisk:type_gray05", "loadisk:type_white00","loadisk:type_white01", "loadisk:type_white02","loadisk:type_white03", "loadisk:type_white04", "loadisk:type_white05", "loadisk:type_white06", 
            "loadisk:type_white07","loadisk:type_ender","loadisk:type_shadow","loadisk:type_skeleton","loadisk:type_unicorn","loadisk:type_zombie","loadisk:type_endion","loadisk:type_void","loadisk:is_fire_immune","loadisk:default_breed","loadisk:has_randomtp"
          ]
        },
        "add": {"component_groups": ["loadisk:type_icion","loadisk:is_pegasus"]}
      },
      "loadisk:mod.endion_event": {
        "remove": {
          "component_groups": [
            "loadisk:type_black00","loadisk:type_black01", "loadisk:type_black02", "loadisk:type_black03", "loadisk:type_black04", "loadisk:type_brown00", "loadisk:type_brown01",
            "loadisk:type_brown02", "loadisk:type_brown03", "loadisk:type_brown04", "loadisk:type_brown05", "loadisk:type_chestnut00","loadisk:type_chestnut01","loadisk:type_magma","loadisk:type_magma.f1","loadisk:type_magma.f2", 
            "loadisk:type_chestnut02", "loadisk:type_chestnut03", "loadisk:type_chestnut04","loadisk:type_creamy00", "loadisk:type_creamy01", "loadisk:type_creamy02",
            "loadisk:type_creamy03","loadisk:type_creamy04","loadisk:type_darkbrown00", "loadisk:type_darkbrown01","loadisk:type_darkbrown02", "loadisk:type_darkbrown03", 
            "loadisk:type_darkbrown04", "loadisk:type_darkbrown05", "loadisk:type_gray00", "loadisk:type_gray01", "loadisk:type_gray02","loadisk:type_gray03","loadisk:type_gray04",
            "loadisk:type_gray05", "loadisk:type_white00","loadisk:type_white01", "loadisk:type_white02","loadisk:type_white03", "loadisk:type_white04", "loadisk:type_white05", "loadisk:type_white06", 
            "loadisk:type_white07","loadisk:type_ender","loadisk:type_shadow","loadisk:type_skeleton","loadisk:type_unicorn","loadisk:type_zombie","loadisk:type_icion","loadisk:type_void","loadisk:is_fire_immune","loadisk:default_breed","loadisk:has_randomtp"
          ]
        },
        "add": {"component_groups": ["loadisk:type_endion","loadisk:is_pegasus"]}
      },
      "loadisk:mod.pegasus_black_event": {
        "remove": {
          "component_groups": [
            "loadisk:type_white00","loadisk:type_black01", "loadisk:type_black02", "loadisk:type_black03", "loadisk:type_black04", "loadisk:type_brown00", "loadisk:type_brown01",
            "loadisk:type_brown02", "loadisk:type_brown03", "loadisk:type_brown04", "loadisk:type_brown05", "loadisk:type_chestnut00","loadisk:type_chestnut01","loadisk:type_magma","loadisk:type_magma.f1","loadisk:type_magma.f2", 
            "loadisk:type_chestnut02", "loadisk:type_chestnut03", "loadisk:type_chestnut04","loadisk:type_creamy00", "loadisk:type_creamy01", "loadisk:type_creamy02",
            "loadisk:type_creamy03","loadisk:type_creamy04","loadisk:type_darkbrown00", "loadisk:type_darkbrown01","loadisk:type_darkbrown02", "loadisk:type_darkbrown03", 
            "loadisk:type_darkbrown04", "loadisk:type_darkbrown05", "loadisk:type_gray00", "loadisk:type_gray01", "loadisk:type_gray02","loadisk:type_gray03","loadisk:type_gray04",
            "loadisk:type_gray05","loadisk:type_white01", "loadisk:type_white02","loadisk:type_white03", "loadisk:type_white04", "loadisk:type_white05", "loadisk:type_white06","loadisk:type_black00", 
            "loadisk:type_white07","loadisk:type_ender","loadisk:type_shadow","loadisk:type_skeleton","loadisk:type_unicorn","loadisk:type_zombie","loadisk:type_icion","loadisk:type_endion","loadisk:type_void","loadisk:is_fire_immune","loadisk:default_breed","loadisk:has_randomtp"
          ]
        },
        "add": {"component_groups": ["loadisk:type_pegasus.black","loadisk:is_pegasus"]}
      },
      "loadisk:mod.pegasus_white_event": {
        "remove": {
          "component_groups": [
            "loadisk:type_black00","loadisk:type_black01", "loadisk:type_black02", "loadisk:type_black03", "loadisk:type_black04", "loadisk:type_brown00", "loadisk:type_brown01",
            "loadisk:type_brown02", "loadisk:type_brown03", "loadisk:type_brown04", "loadisk:type_brown05", "loadisk:type_chestnut00","loadisk:type_chestnut01","loadisk:type_magma","loadisk:type_magma.f1","loadisk:type_magma.f2", 
            "loadisk:type_chestnut02", "loadisk:type_chestnut03", "loadisk:type_chestnut04","loadisk:type_creamy00", "loadisk:type_creamy01", "loadisk:type_creamy02",
            "loadisk:type_creamy03","loadisk:type_creamy04","loadisk:type_darkbrown00", "loadisk:type_darkbrown01","loadisk:type_darkbrown02", "loadisk:type_darkbrown03", 
            "loadisk:type_darkbrown04", "loadisk:type_darkbrown05", "loadisk:type_gray00", "loadisk:type_gray01", "loadisk:type_gray02","loadisk:type_gray03","loadisk:type_gray04",
            "loadisk:type_gray05","loadisk:type_white01", "loadisk:type_white02","loadisk:type_white03", "loadisk:type_white04", "loadisk:type_white05", "loadisk:type_white06","loadisk:type_white00", 
            "loadisk:type_white07","loadisk:type_ender","loadisk:type_shadow","loadisk:type_skeleton","loadisk:type_unicorn","loadisk:type_zombie","loadisk:type_icion","loadisk:type_endion","loadisk:type_void","loadisk:is_fire_immune","loadisk:default_breed","loadisk:has_randomtp"
          ]
        },
        "add": {"component_groups": ["loadisk:type_pegasus.white","loadisk:is_pegasus"]}
      },
      "loadisk:mod.pegasus_unicorn_event": {
        "remove": {
          "component_groups": [
            "loadisk:type_black00","loadisk:type_black01", "loadisk:type_black02", "loadisk:type_black03", "loadisk:type_black04", "loadisk:type_brown00", "loadisk:type_brown01",
            "loadisk:type_brown02", "loadisk:type_brown03", "loadisk:type_brown04", "loadisk:type_brown05", "loadisk:type_chestnut00","loadisk:type_chestnut01","loadisk:type_magma","loadisk:type_magma.f1","loadisk:type_magma.f2",
            "loadisk:type_chestnut02", "loadisk:type_chestnut03", "loadisk:type_chestnut04","loadisk:type_creamy00", "loadisk:type_creamy01", "loadisk:type_creamy02",
            "loadisk:type_creamy03","loadisk:type_creamy04","loadisk:type_darkbrown00", "loadisk:type_darkbrown01","loadisk:type_darkbrown02", "loadisk:type_darkbrown03", 
            "loadisk:type_darkbrown04", "loadisk:type_darkbrown05", "loadisk:type_gray00", "loadisk:type_gray01", "loadisk:type_gray02","loadisk:type_gray03","loadisk:type_gray04",
            "loadisk:type_gray05","loadisk:type_white01", "loadisk:type_white02","loadisk:type_white03", "loadisk:type_white04", "loadisk:type_white05", "loadisk:type_white06", 
            "loadisk:type_white07","loadisk:type_ender","loadisk:type_shadow","loadisk:type_skeleton","loadisk:type_white00","loadisk:type_zombie","loadisk:type_icion","loadisk:type_endion","loadisk:type_void","loadisk:is_fire_immune","loadisk:default_breed","loadisk:has_randomtp"
          ]
        },
        "add": {"component_groups": ["loadisk:type_unicorn","loadisk:is_pegasus"]}
      },
      "loadisk:mod.magma_event": {
        "remove": {
          "component_groups": [
            "loadisk:type_black00","loadisk:type_black01", "loadisk:type_black02", "loadisk:type_black03", "loadisk:type_black04", "loadisk:type_brown00", "loadisk:type_brown01",
            "loadisk:type_brown02", "loadisk:type_brown03", "loadisk:type_brown04", "loadisk:type_brown05", "loadisk:type_chestnut00","loadisk:type_chestnut01", 
            "loadisk:type_chestnut02", "loadisk:type_chestnut03", "loadisk:type_chestnut04","loadisk:type_creamy00", "loadisk:type_creamy01", "loadisk:type_creamy02",
            "loadisk:type_creamy03","loadisk:type_creamy04","loadisk:type_darkbrown00", "loadisk:type_darkbrown01","loadisk:type_darkbrown02", "loadisk:type_darkbrown03", 
            "loadisk:type_darkbrown04", "loadisk:type_darkbrown05", "loadisk:type_gray00", "loadisk:type_gray01", "loadisk:type_gray02","loadisk:type_gray03","loadisk:type_gray04",
            "loadisk:type_gray05","loadisk:type_white01", "loadisk:type_white02","loadisk:type_white03", "loadisk:type_white04", "loadisk:type_white05", "loadisk:type_white06","loadisk:type_unicorn","loadisk:is_pegasus", 
            "loadisk:type_white07","loadisk:type_ender","loadisk:type_shadow","loadisk:type_skeleton","loadisk:type_white00","loadisk:type_zombie","loadisk:type_icion","loadisk:type_endion","loadisk:type_void","loadisk:default_breed","loadisk:has_randomtp"
          ]
        },
        "add": {"component_groups": ["loadisk:type_magma","loadisk:is_fire_immune","loadisk:magma_breed"]}
      }
    }
  }
}