{
	"format_version": "1.18.0",
	"minecraft:entity": {
		"description": {
			"identifier": "loadisk:mushi",
			"is_spawnable": true,"is_summonable": true,"is_experimental": false,
			"scripts": {"animate": ["interact","detect"]},
      			"animations": {
					"interact":"controller.animation.moremobs.common.interact",
					"detect":"controller.animation.moremobs.common.detect",
					"call.detect":"animation.moremobs.common.detect",
					"call.interact":"animation.moremobs.common.interact"
			}
		},
		"component_groups": {
			"loadisk:is_default": {
				"minecraft:on_hurt": {"event": "loadisk:on_hurt_event","target": "self"},
				"minecraft:on_hurt_by_player": {"event": "loadisk:on_hurt_event","target": "self"}
			},
			"loadisk:is_trader":{
				"minecraft:is_chested":{},
				"minecraft:economy_trade_table": {
					"display_name": "entity.loadisk:mushi.name",
					"table": "trading/mushi.json",
					"new_screen": true
				},
				"minecraft:behavior.trade_with_player": {"priority": 1},
				"minecraft:behavior.trade_interest": {
					"priority": 3,
					"within_radius": 6.0,
					"interest_time": 45.0,
					"remove_item_time": 1.0,
					"carried_item_switch_time": 2.0,
					"cooldown": 2.0
				},
				"minecraft:behavior.look_at_trading_player": {"priority": 4},
				"minecraft:on_hurt": {"event": "loadisk:on_hurt_event","target": "self"},
				"minecraft:on_hurt_by_player": {"event": "loadisk:on_hurt_event","target": "self"}
			},
			"loadisk:is_warrior":{
				"minecraft:attack": {"damage": 3},
				"minecraft:health": {"value": 10,"max": 10},
				"minecraft:behavior.hurt_by_target": {"priority": 4},
				"minecraft:behavior.delayed_attack": {
					"priority": 1,"attack_once": false,"track_target": true,
					"require_complete_path": false,"random_stop_interval": 0,
					"reach_multiplier": 1,"attack_duration": 1,"hit_delay_pct": 0.5
				},
				"minecraft:behavior.nearest_attackable_target": {
					"priority": 0,"must_see": true,"reselect_targets": true,"within_radius": 20,
					"entity_types": [
					  {
						"filters": {
						  "all_of": [
							  {"test": "is_family","subject": "other","value": "zombie"}
						  ]
						},
						"max_dist": 15
					  }
					]
				},
				"minecraft:equipment": {"table": "loot_tables/equipment/mushi.warrior.json"},
				"minecraft:equip_item": {},
				"minecraft:follow_range": {"value": 60}
			},
			"loadisk:is_wizard":{
				"minecraft:attack": {"damage": 3},
				"minecraft:health": {"value": 10,"max": 10},
				"minecraft:behavior.hurt_by_target": {"priority": 4},
				"minecraft:shooter": {"def": "minecraft:small_fireball"},
				"minecraft:behavior.ranged_attack": {
					"priority": 1,
					"burst_shots": 1,
					"burst_interval": 0.3,
					"charge_charged_trigger": 0.0,
					"charge_shoot_trigger": 2.0,
					"attack_interval_min": 1.0,
					"attack_interval_max": 3.0,
					"attack_radius": 16.0
				},
				"minecraft:behavior.nearest_attackable_target": {
					"priority": 0,"must_see": true,"reselect_targets": true,"within_radius": 20,
					"entity_types": [
					  {
						"filters": {
						  "all_of": [
							  {"test": "is_family","subject": "other","value": "zombie"}
						  ]
						},
						"max_dist": 15
					  }
					]
				},
				"minecraft:equipment": {"table": "loot_tables/equipment/mushi.wizard.json"},
				"minecraft:equip_item": {},
				"minecraft:follow_range": {"value": 60}
			},
			"loadisk:is_avoiding": {
				"minecraft:behavior.avoid_mob_type": {
					"priority": 1,
					"entity_types": [
					  {
						"filters": {
						  "any_of": [
							{
							  "test": "is_family", "subject": "other", "value": "player"
							},
							{
							  "test": "is_family", "subject": "other", "value": "mob"
							}
						  ]
						},
						"max_dist": 3,
						"max_flee": 10,
						"walk_speed_multiplier": 1.5,
						"sprint_speed_multiplier": 2.0
					  }
					]
				},
				"minecraft:timer": {
					"looping": false,"time": 10,
					"time_down_event": {"event": "loadisk:kill.on_hurt_event","target": "self"}
				}
			}, 
			"loadisk:default":{"minecraft:mark_variant": {"value": 0}},
			"loadisk:elder":{"minecraft:mark_variant": {"value": 1}},
			"loadisk:skin_id00":{"minecraft:skin_id": {"value": 0}},
			"loadisk:skin_id01":{"minecraft:skin_id": {"value": 1}},
			"loadisk:skin_id02":{"minecraft:skin_id": {"value": 2}},
			"loadisk:skin_id03":{"minecraft:skin_id": {"value": 3}},
			"loadisk:despawn": {"minecraft:instant_despawn": {}},
			"loadisk:action":{"minecraft:is_stunned":{}},
			"loadisk:detected":{
				"minecraft:is_sheared":{},
				"minecraft:environment_sensor": {
                    "triggers": [
                        {
                            "filters": {"test": "distance_to_nearest_player","operator": ">=","value": 8.0},
                            "event": "loadisk:kill.detect_event"
                        }
                    ]
                }
			},
			"loadisk:detect":{
				"minecraft:entity_sensor": {
					"sensor_range": 4,"relative_range": false,"minimum_count": 1,
					"event_filters": {
						"all_of": [
							{"test": "is_family","subject": "other","value": "player"},
							{"subject": "self","test": "distance_to_nearest_player","operator": "<","value": 8}
						]
					},
					"event": "loadisk:detect_event"
				}
			},
			"loadisk:has_ai":{
				"minecraft:behavior.look_at_target": {"priority": 2,"look_distance": 999},
				"minecraft:behavior.random_look_around": {"priority": 3},
				"minecraft:behavior.random_stroll": {"priority": 5,"speed_multiplier": 1},
				"minecraft:behavior.look_at_player": {"priority": 6, "look_distance": 8}
			},
			"loadisk:can_path":{
				"minecraft:attack": {"damage": 0},
				"minecraft:behavior.melee_attack": {"priority": 1,"track_target": true},
				"minecraft:behavior.nearest_attackable_target": {
					"priority": 0,"must_see": false,"reselect_targets": false,"within_radius": 999,
					"entity_types": [
					  {
						"filters": {
						  "all_of": [
							  {"test": "is_family","subject": "other","value": "path"},
							  {"test": "has_tag","subject": "other","value": "mushi"}
						  ]
						},
						"max_dist": 999
					  }
					]
				}
			},
			"loadisk:is_essential":{"minecraft:damage_sensor": {"triggers": {"cause": "all","deals_damage": false}}},
			"loadisk:has_interact":{
				"minecraft:interact": {
					"interactions": [
						{
							"use_item": false,"hurt_item": 0,
							"on_interact": {
								"filters": {"all_of": [{"test": "is_family","subject": "other","value": "player"}]},
								"event": "loadisk:action_event","target": "self"
							}
						}
					]
				}
			}
		},
		"components": {
			"minecraft:attack": {"damage": 0},
			"minecraft:health": {"value": 5,"max": 5},
			"minecraft:collision_box": {"width": 0.6,"height": 1.5},
			"minecraft:physics": {"has_gravity": true,"has_collision": true},
			"minecraft:pushable": {"is_pushable": true,"is_pushable_by_piston": true},
			"minecraft:type_family": {"family": ["npc","mushi","mob"]},
			"minecraft:jump.static": {},
			"minecraft:movement.generic": {},
			"minecraft:movement": {"value": 0.20},
			"minecraft:navigation.generic": {"can_jump": true,"can_walk": true},
			"minecraft:ambient_sound_interval": {//Look intro more
				"value": 2.0,
				"range": 4.0,
				"event_name": "ambient",
				"event_names": [
				  {
					"event_name" : "ambient",
					"condition" : "query.anger_level(this) >= 80"
				  },
				  {
					"event_name" : "breathe",
					"condition" : "query.anger_level(this) >= 40"
				  }
				]
			}
		},
		"events": {
			"minecraft:entity_spawned": {
				"randomize": [
				  {
					"weight": 80,"trigger": "loadisk:type_event",
					"add": {"component_groups": ["loadisk:default","loadisk:has_ai"]}
				  },
				  {
					"weight": 20,"trigger": "loadisk:type_event",
					"add": {"component_groups": ["loadisk:elder","loadisk:has_ai"]}
				  }
				]
			},
			"loadisk:type_event": {
				"randomize": [
				  {"weight": 37.5,"trigger": "loadisk:assign_job_event","add": {"component_groups": ["loadisk:skin_id00"]}},
				  {"weight": 37.5,"trigger": "loadisk:assign_job_event","add": {"component_groups": ["loadisk:skin_id01"]}},
				  {"weight": 12.5,"trigger": "loadisk:assign_job_event","add": {"component_groups": ["loadisk:skin_id02"]}},
				  {"weight": 12.5,"trigger": "loadisk:assign_job_event","add": {"component_groups": ["loadisk:skin_id03"]}}
				]
			},
			"loadisk:assign_job_event": {
				"randomize": [
				  {"weight": 60,"trigger": "loadisk:assign_detect_event","add": {"component_groups": ["loadisk:is_default","loadisk:has_interact"]}},
				  {"weight": 16,"add": {"component_groups": ["loadisk:is_warrior","loadisk:has_interact"]}},
				  {"weight": 16,"add": {"component_groups": ["loadisk:is_wizard","loadisk:has_interact"]}},
				  {"weight": 8,"trigger": "loadisk:assign_detect_event","add": {"component_groups": ["loadisk:is_trader"]}}
				]
			},
			"loadisk:assign_detect_event": {
				"randomize": [
				  {"weight": 25,"add": {"component_groups": ["loadisk:detect"]}},
				  {"weight": 50,"add": {"component_groups": []}}
				]
			},
			"loadisk:despawn_event": {"add": {"component_groups": ["loadisk:despawn"]}},
			"loadisk:action_event": {"add": {"component_groups": ["loadisk:action"]}},
			"loadisk:kill.action_event": {"remove": {"component_groups": ["loadisk:action"]}},
			"loadisk:detect_event": {"add": {"component_groups": ["loadisk:detected"]},"remove": {"component_groups": ["loadisk:detect"]}},
			"loadisk:kill.detect_event": {"remove": {"component_groups": ["loadisk:detected"]},"add": {"component_groups": ["loadisk:detect"]}},
			"loadisk:on_hurt_event": {"add": {"component_groups": ["loadisk:is_avoiding"]}},
			"loadisk:kill.on_hurt_event": {"remove": {"component_groups": ["loadisk:is_avoiding"]}}
		}
	}
}
