{
  "format_version": "1.18.0",
  "minecraft:entity": {
    "description": {
      "identifier": "loadisk:wild_cat",
      "is_spawnable": true,
      "is_summonable": true,
      "is_experimental": false
    },
    "component_groups":{
      "loadisk:cheetah":{"minecraft:skin_id":{"value": 0}},
      "loadisk:lepard":{"minecraft:skin_id":{"value": 1}},
      "loadisk:lion":{"minecraft:skin_id":{"value": 2}},
      "loadisk:lionis":{"minecraft:skin_id":{"value": 2},"minecraft:is_sheared":{}},
      "loadisk:panther":{"minecraft:skin_id":{"value": 3}},
      "loadisk:is_wild": {
          "minecraft:despawn": {"despawn_from_distance": {}},
          "minecraft:type_family": {"family": ["lepard","animal","mob","wild"]},
          "minecraft:behavior.nearest_attackable_target": {
            "priority": 8,"must_see": true,"reselect_targets": true,"within_radius": 32.0,
            "entity_types": [
              {
                "filters": {
                  "all_of": [
                    { "test": "has_component", "subject": "other", "operator": "!=", "value": "minecraft:is_tamed" },
                    {
                      "any_of": [
                        {"test": "is_family","subject": "other","value": "chicken"},
                        {"test": "is_family","subject": "other","value": "fox"},
                        {"test": "is_family","subject": "other","value": "rabbet"},
                        {"test": "is_family","subject": "other","value": "bird"},
                        {"test": "is_family","subject": "other","value": "deer"},
                        {
                          "all_of": [
                            {"test": "is_family","subject": "other","value": "player"},
                            {"test": "has_equipment", "domain": "hand", "subject": "other","operator":"!=", "value": "cod"}
                          ]
                        }
                      ]
                    }
                  ]
                },
                "max_dist": 32.0
              }
            ]
          },
          "minecraft:tamemount": {
              "min_temper": 0,"max_temper": 100,"feed_text": "action.interact.feed","ride_text": "action.interact.mount",
              "feed_items": [{"item": "beef","temper_mod": 3}],"auto_reject_items": [{"item": "horsearmorleather"},
              {"item": "horsearmoriron"},{"item": "horsearmorgold"},{"item": "horsearmordiamond"},{"item": "saddle"}],
              "tame_event": {"event": "loadisk:on_tame_event","target": "self"}
          }
      },
      "loadisk:is_saddled": {
        "minecraft:variant":{"value": 1},
        "minecraft:is_saddled": {},
        "minecraft:input_ground_controlled": {},
        "minecraft:can_power_jump": {},
        "minecraft:behavior.player_ride_tamed": {}
      },
      "loadisk:is_tamed": {
          "minecraft:is_tamed":{},
          "minecraft:persistent": {},
          "minecraft:type_family": {"family": ["lepard","animal","mob","tamed"]},
          "minecraft:sittable":{},
          "minecraft:behavior.nearest_attackable_target": {
            "priority": 12,"must_see": true,"reselect_targets": true,"within_radius": 32.0,
            "entity_types": [
              {
                "filters": {
                  "any_of": [
                    {"test": "is_family","subject": "other","value": "monster"}
                  ]
                },
                "max_dist": 32.0
              }
            ]
          },
          "minecraft:equippable": {
            "slots": [
              {
                "slot": 0,"item": "saddle",
                "accepted_items": ["saddle"],
                "on_equip": {"event": "loadisk:on_saddled_event"},
                "on_unequip": {"event": "loadisk:on_unsaddled_event"}
              }
            ]
          },
          "minecraft:inventory": {
            "inventory_size": 16,
            "container_type": "horse"
          }
      },
      "loadisk:is_baby": {
          "minecraft:is_baby": {},
          "minecraft:scale_by_age": {"start_scale": 0.5,"end_scale": 1.0},
          "minecraft:ageable": {
              "duration": 1200,"feed_items": ["cod"],
              "grow_up": {"event": "loadisk:ageable_grow_up","target": "self"}
          }
      },
      "loadisk:is_adult": {
         "minecraft:experience_reward": {
           "on_bred": "Math.Random(1,7)",
            "on_death": "query.last_hit_by_player ? Math.Random(1,3) : 0"
          },
          "minecraft:loot": {"table": "loot_tables/entities/wild_cat.json"},
          "minecraft:breedable": {
              "require_tame": true,
              "allow_sitting": true,
              "breeds_with": {
                  "mate_type": "loadisk:wild_cat",
                  "baby_type": "loadisk:wild_cat",
                  "breed_event": {"event": "minecraft:entity_born","target": "baby"}
              },
              "breed_items": ["cod"]
          },
          "minecraft:rideable": {
              "seat_count": 1,"crouching_skip_interact": true,"rider_can_interact": true,
              "family_types": ["player"],
              "interact_text": "action.interact.ride.lepard",
              "seats": {"position": [0, 1.1, 0]}
          }
      }
    },
    "components": {
      "minecraft:variant":{"value": 0},
      "minecraft:nameable": {},
      "minecraft:is_hidden_when_invisible": {},
      "minecraft:attack": {"damage": 3},
      "minecraft:health": {"value": 18,"max": 18},
      "minecraft:follow_range": {"value": 100,"max": 100},
      "minecraft:breathable": {"totalSupply": 15,"suffocateTime": 0},
      //Movement
      "minecraft:jump.static": {},
      "minecraft:movement.generic": {},
      "minecraft:movement": {"value": 0.35},
      "minecraft:horse.jump_strength": {"value": 0.8},
      "minecraft:leashable": {"soft_distance": 4.0,"hard_distance": 6.0,"max_distance": 10.0},
      "minecraft:navigation.generic": {
          "can_walk_in_lava": false,"can_path_over_lava": false,
          "can_jump": true,"can_walk": true,"can_path_from_air": false,
          "avoid_damage_blocks": true,"avoid_portals": true,"avoid_sun": false,
          "can_break_doors": false,"can_open_doors": false,"can_open_iron_doors": false,"can_pass_doors": true,
          "avoid_water": true,"can_sink": true,"can_swim": false,"can_breach": false,"is_amphibious": false,"can_path_over_water": true
      },
      //Filters
      "minecraft:hurt_on_condition": {
          "damage_conditions": [
            {
              "filters": {"test": "in_lava","subject": "self","operator": "==","value": true},
              "cause": "lava","damage_per_tick": 4
            }
          ]
      },
      "minecraft:healable": {"items": [{"item": "cod","heal_amount": 3}]},
      //Physics
      "minecraft:physics": {},
      "minecraft:conditional_bandwidth_optimization": {},
      "minecraft:collision_box": {"width": 0.9,"height": 1.1},
      "minecraft:pushable": {"is_pushable": true,"is_pushable_by_piston": true},
      //Behaviors
      "minecraft:behavior.float": {"priority": 0},
      "minecraft:behavior.stay_while_sitting": {"priority": 1},
      "minecraft:behavior.breed": {"priority": 2,"speed_multiplier": 1.0},
      "minecraft:behavior.owner_hurt_by_target": {"priority": 3},
      "minecraft:behavior.owner_hurt_target": {"priority": 4},
      "minecraft:behavior.follow_owner": {"priority": 5,"start_distance": 16,"stop_distance": 3},
      "minecraft:behavior.tempt": {"speed_multiplier": 1.2,"items": ["cod"],"priority": 6},
      "minecraft:behavior.mount_pathing": {
          "priority": 7,"speed_multiplier": 1.5,"target_dist": 0.0,"track_target": true
      },
      "minecraft:behavior.hurt_by_target": {"priority": 8,"entity_types": {"filters": 
          {"test": "is_family","subject": "other","operator": "!=","value": "lepard"},"max_dist": 32.0}},
      "minecraft:behavior.melee_attack": {"priority": 9,"track_target": true},
      "minecraft:behavior.random_stroll": {"priority": 10,"speed_multiplier": 1},
      "minecraft:behavior.look_at_target": {"priority": 11,"look_distance": 8},
      "minecraft:behavior.random_look_around": {"priority": 12},
      "minecraft:behavior.follow_parent": {"priority": 16,"speed_multiplier": 1.1}
      
    },
    "events": {
      "minecraft:entity_spawned": {
          "randomize": [
            {"trigger": "loadisk:define_type_event","weight": 95,"add": {"component_groups": ["loadisk:is_wild","loadisk:is_adult"]}},
            {"trigger": "loadisk:define_type_event","weight": 5,"add": {"component_groups": ["loadisk:is_wild","loadisk:is_baby"]}}
          ]
      },
      "loadisk:define_type_event": {
        "randomize": [
          {
            "filters": {
              "all_of": [
                {"test": "is_biome", "operator": "!=","value": "ice"},
                {"test": "is_biome", "operator": "!=","value": "taiga"},
                {"test": "is_biome", "operator": "!=","value": "desert"},
                {"test": "is_biome", "operator": "==","value": "jungle"},
                {"test": "is_biome", "operator": "!=","value": "savanna"}
              ]
            },
            "weight": 75,"add": {"component_groups": ["loadisk:cheetah"]}
          },
          {
            "filters": {
              "all_of": [
                {"test": "is_biome", "operator": "!=","value": "desert"},
                {"test": "is_biome", "operator": "!=","value": "jungle"},
                {"test": "is_biome", "operator": "!=","value": "savanna"},
                {
                  "any_of": [
                    {"test": "is_biome", "operator": "==","value": "ice"},
                    {"test": "is_biome", "operator": "==","value": "taiga"}
                  ]
                }
              ]
            },
            "weight": 100,"add": {"component_groups": ["loadisk:lepard"]}
          },
          {
            "filters": {
              "all_of": [
                {"test": "is_biome", "operator": "!=","value": "ice"},
                {"test": "is_biome", "operator": "!=","value": "taiga"},
                {"test": "is_biome", "operator": "!=","value": "jungle"},
                {
                  "any_of": [
                    {"test": "is_biome", "operator": "==","value": "desert"},
                    {"test": "is_biome", "operator": "==","value": "savanna"}
                  ]
                }
              ]
            },
            "weight": 75,"add": {"component_groups": ["loadisk:lion"]}
          },
          {
            "filters": {
              "all_of": [
                {"test": "is_biome", "operator": "!=","value": "ice"},
                {"test": "is_biome", "operator": "!=","value": "taiga"},
                {"test": "is_biome", "operator": "!=","value": "jungle"},
                {
                  "any_of": [
                    {"test": "is_biome", "operator": "==","value": "desert"},
                    {"test": "is_biome", "operator": "==","value": "savanna"}
                  ]
                }
              ]
            },
            "weight": 25,"add": {"component_groups": ["loadisk:lionis"]}
          },
          {
            "filters": {
              "all_of": [
                {"test": "is_biome", "operator": "!=","value": "ice"},
                {"test": "is_biome", "operator": "!=","value": "taiga"},
                {"test": "is_biome", "operator": "!=","value": "desert"},
                {"test": "is_biome", "operator": "==","value": "jungle"},
                {"test": "is_biome", "operator": "!=","value": "savanna"}
              ]
            },
            "weight": 25,"add": {"component_groups": ["loadisk:panther"]}
          }
        ]
      },
      "minecraft:entity_born": {"add": {"component_groups": ["loadisk:is_baby"]}},
      "loadisk:on_tame_event": {"remove": {"component_groups": ["loadisk:is_wild"]},"add": {"component_groups": ["loadisk:is_tamed"]}},
      "loadisk:ageable_grow_up": {"remove": {"component_groups": ["loadisk:is_baby"]},"add": {"component_groups": ["loadisk:is_adult"]}},
      "loadisk:on_saddled_event": {"add": {"component_groups": ["loadisk:is_saddled"]}},
      "loadisk:on_unsaddled_event": {"remove": {"component_groups": ["loadisk:is_saddled"]}},
      "loadisk:mod.cheetah_event": {"remove": {"component_groups": ["loadisk:lepard","loadisk:lion","loadisk:lionis","loadisk:panther"]},"add": {"component_groups": ["loadisk:cheetah"]}},
      "loadisk:mod.lepard_event": {"remove": {"component_groups": ["loadisk:cheetah","loadisk:lion","loadisk:lionis","loadisk:panther"]},"add": {"component_groups": ["loadisk:lepard"]}},
      "loadisk:mod.lion_event": {"remove": {"component_groups": ["loadisk:cheetah","loadisk:lepard","loadisk:lionis","loadisk:panther"]},"add": {"component_groups": ["loadisk:lion"]}},
      "loadisk:mod.lionis_event": {"remove": {"component_groups": ["loadisk:cheetah","loadisk:lepard","loadisk:lion","loadisk:panther"]},"add": {"component_groups": ["loadisk:lionis"]}},
      "loadisk:mod.panther_event": {"remove": {"component_groups": ["loadisk:cheetah","loadisk:lepard","loadisk:lion","loadisk:lionis"]},"add": {"component_groups": ["loadisk:panther"]}}
    }
  }
}