{
	"format_version": "1.18.0",
	"minecraft:entity": {
		"description": {
			"identifier": "loadisk:wyvern",
			"is_spawnable": false,"is_summonable": true,"is_experimental": false
		},
		"component_groups": {
			"loadisk:despawn": {"minecraft:instant_despawn": {}},
			"loadisk:player01": {"minecraft:variant": {"value": 1}},
			"loadisk:player02": {"minecraft:variant": {"value": 2}},
			"loadisk:player03": {"minecraft:variant": {"value": 3}},
			"loadisk:player04": {"minecraft:variant": {"value": 4}},
			"loadisk:player05": {"minecraft:variant": {"value": 5}},
			"loadisk:player06": {"minecraft:variant": {"value": 6}},
			"loadisk:player07": {"minecraft:variant": {"value": 7}},
			"loadisk:player08": {"minecraft:variant": {"value": 8}},
			"loadisk:player09": {"minecraft:variant": {"value": 9}},
			"loadisk:player10": {"minecraft:variant": {"value": 10}}
		},
		"components": {
			//Def
			"minecraft:variant": {"value": 0},
			"minecraft:health": {"value": 0.5,"max": 0.5},
			"minecraft:type_family": {"family": ["wyvern","mob","animal","mount"]},
			//Physics
			"minecraft:collision_box": {"width": 0.5,"height": 0.5},
			"minecraft:physics": {"has_gravity": true,"has_collision": true},
			"minecraft:pushable": {"is_pushable": false,"is_pushable_by_piston": false},
			"minecraft:damage_sensor": {"triggers": {"cause": "all","deals_damage": false}},
			"minecraft:rideable": {"seat_count": 1,"family_types": ["player","hag"],"seats": {"position": [0, 1.4, -0.5]}}//,
			//Navigation
            //"minecraft:jump.static": {},
			//"minecraft:can_power_jump": {},
			//"minecraft:movement.generic": {},
			//"minecraft:movement": {"value": 0.0},
			//"minecraft:input_ground_controlled": {},
            //"minecraft:horse.jump_strength": {"value": 0.6},
			//"minecraft:navigation.generic": {"can_jump": true,"can_walk": true},
			//Behaviors
            //"minecraft:behavior.player_ride_tamed": {},
            //"minecraft:behavior.mount_pathing": {"priority": 0,"target_dist": 0.0,"track_target": true},
			//"minecraft:behavior.random_stroll": {"priority": 6,"speed_multiplier": 0.8},
			//"minecraft:behavior.look_at_player": {"priority": 7,"look_distance": 6.0,"probability": 0.02},
			//"minecraft:behavior.random_look_around": {"priority": 9},
			//"minecraft:behavior.tempt": {"priority": 4,"speed_multiplier": 1.25,"items": ["wheat"]}
		},
		"events": {
			"loadisk:despawn_event": {"add": {"component_groups": ["loadisk:despawn"]}},
			"loadisk:spawn.player01_event": {"add": {"component_groups": ["loadisk:player01"]}},
			"loadisk:spawn.player02_event": {"add": {"component_groups": ["loadisk:player02"]}},
			"loadisk:spawn.player03_event": {"add": {"component_groups": ["loadisk:player03"]}},
			"loadisk:spawn.player04_event": {"add": {"component_groups": ["loadisk:player04"]}},
			"loadisk:spawn.player05_event": {"add": {"component_groups": ["loadisk:player05"]}},
			"loadisk:spawn.player06_event": {"add": {"component_groups": ["loadisk:player06"]}},
			"loadisk:spawn.player07_event": {"add": {"component_groups": ["loadisk:player07"]}},
			"loadisk:spawn.player08_event": {"add": {"component_groups": ["loadisk:player08"]}},
			"loadisk:spawn.player09_event": {"add": {"component_groups": ["loadisk:player09"]}},
			"loadisk:spawn.player10_event": {"add": {"component_groups": ["loadisk:player10"]}}
		}
	}
}