{
	"tiers": [
		{
			"groups": [
				{
					"trades": [
						{
							"wants": [{"item": "minecraft:gold_nugget","quantity": 1}],
							"gives": [{"item": "minecraft:wheat","quantity": {"min": 3,"max": 3}}],
							"max_uses": -1
						},
						{
							"wants": [{"item": "minecraft:gold_nugget","quantity": 2}],
							"gives": [{"item": "minecraft:beetroot","quantity": {"min": 3,"max": 3}}],
							"max_uses": -1
						},
						{
							"wants": [{"item": "minecraft:gold_nugget","quantity": 2}],
							"gives": [{"item": "minecraft:potato","quantity": {"min": 3,"max": 3}}],
							"max_uses": -1
						},
						{
							"wants": [{"item": "minecraft:gold_nugget","quantity": 2}],
							"gives": [{"item": "minecraft:carrot","quantity": {"min": 3,"max": 3}}],
							"max_uses": -1
						},
						{
							"wants": [{"item": "minecraft:gold_nugget","quantity": 3}],
							"gives": [{"item": "minecraft:apple"}],
							"max_uses": -1
						},
						{
							"wants": [{"item": "minecraft:gold_nugget","quantity": 2}],
							"gives": [{"item": "minecraft:melon","quantity": {"min": 3,"max": 3}}],
							"max_uses": -1
						}
					]
				}
			]
		}
	]
}