{
	"format_version": "1.12.0",
	"minecraft:geometry": [
		{
			"description": {
				"identifier": "geometry.lab.pump",
				"texture_width": 128,
				"texture_height": 128,
				"visible_bounds_width": 2,
				"visible_bounds_height": 2.5,
				"visible_bounds_offset": [0, 0.75, 0]
			},
			"bones": [
				{
					"name": "bb_main",
					"pivot": [0, 0, 0],
					"cubes": [
						{
							"origin": [-5, 1, -8.175],
							"size": [10, 10, 0],
							"uv": {
								"north": {"uv": [64, 64], "uv_size": [64, 64]},
								"east": {"uv": [0, 115], "uv_size": [0, 10]},
								"south": {"uv": [10, 115], "uv_size": [10, 10]},
								"west": {"uv": [10, 115], "uv_size": [0, 10]},
								"up": {"uv": [0, 115], "uv_size": [10, 0]},
								"down": {"uv": [10, 115], "uv_size": [10, 0]}
							}
						}
					]
				},
				{
					"name": "lab_pump",
					"pivot": [0, 0, 0]
				},
				{
					"name": "box",
					"parent": "lab_pump",
					"pivot": [0, 6, 0],
					"cubes": [
						{
							"origin": [4, 2, -6],
							"size": [2, 8, 12],
							"uv": {
								"north": {"uv": [28, 20], "uv_size": [2, 8]},
								"east": {"uv": [16, 20], "uv_size": [12, 8]},
								"south": {"uv": [42, 20], "uv_size": [2, 8]},
								"west": {"uv": [30, 20], "uv_size": [12, 8]},
								"up": {"uv": [28, 8], "uv_size": [2, 12]},
								"down": {"uv": [30, 20], "uv_size": [2, -12]}
							}
						},
						{
							"origin": [-4, 2, 4],
							"size": [8, 8, 2],
							"uv": {
								"north": {"uv": [50, 20], "uv_size": [8, 8]},
								"east": {"uv": [48, 20], "uv_size": [2, 8]},
								"south": {"uv": [60, 20], "uv_size": [8, 8]},
								"west": {"uv": [58, 20], "uv_size": [2, 8]},
								"up": {"uv": [50, 18], "uv_size": [8, 2]},
								"down": {"uv": [58, 20], "uv_size": [8, -2]}
							}
						},
						{
							"origin": [-6, 2, -6],
							"size": [2, 8, 12],
							"uv": {
								"north": {"uv": [12, 12], "uv_size": [2, 8]},
								"east": {"uv": [0, 12], "uv_size": [12, 8]},
								"south": {"uv": [26, 12], "uv_size": [2, 8]},
								"west": {"uv": [14, 12], "uv_size": [12, 8]},
								"up": {"uv": [12, 0], "uv_size": [2, 12]},
								"down": {"uv": [14, 12], "uv_size": [2, -12]}
							}
						},
						{
							"origin": [-4, 2, -6],
							"size": [8, 8, 2],
							"uv": {
								"north": {"uv": [50, 32], "uv_size": [8, 8]},
								"east": {"uv": [48, 32], "uv_size": [2, 8]},
								"south": {"uv": [60, 32], "uv_size": [8, 8]},
								"west": {"uv": [58, 32], "uv_size": [2, 8]},
								"up": {"uv": [50, 30], "uv_size": [8, 2]},
								"down": {"uv": [58, 32], "uv_size": [8, -2]}
							}
						}
					]
				},
				{
					"name": "ring02",
					"parent": "lab_pump",
					"pivot": [0, 1, 0],
					"cubes": [
						{
							"origin": [-8, 0, 6],
							"size": [16, 2, 2],
							"uv": {
								"north": {"uv": [50, 16], "uv_size": [16, 2]},
								"east": {"uv": [48, 16], "uv_size": [2, 2]},
								"south": {"uv": [68, 16], "uv_size": [16, 2]},
								"west": {"uv": [66, 16], "uv_size": [2, 2]},
								"up": {"uv": [50, 14], "uv_size": [16, 2]},
								"down": {"uv": [66, 16], "uv_size": [16, -2]}
							}
						},
						{
							"origin": [6, 0, -6],
							"size": [2, 2, 12],
							"uv": {
								"north": {"uv": [44, 42], "uv_size": [2, 2]},
								"east": {"uv": [32, 42], "uv_size": [12, 2]},
								"south": {"uv": [58, 42], "uv_size": [2, 2]},
								"west": {"uv": [46, 42], "uv_size": [12, 2]},
								"up": {"uv": [44, 30], "uv_size": [2, 12]},
								"down": {"uv": [46, 42], "uv_size": [2, -12]}
							}
						},
						{
							"origin": [-8, 0, -8],
							"size": [16, 2, 2],
							"uv": {
								"north": {"uv": [50, 10], "uv_size": [16, 2]},
								"east": {"uv": [48, 10], "uv_size": [2, 2]},
								"south": {"uv": [68, 10], "uv_size": [16, 2]},
								"west": {"uv": [66, 10], "uv_size": [2, 2]},
								"up": {"uv": [50, 8], "uv_size": [16, 2]},
								"down": {"uv": [66, 10], "uv_size": [16, -2]}
							}
						},
						{
							"origin": [-8, 0, -6],
							"size": [2, 2, 12],
							"uv": {
								"north": {"uv": [12, 46], "uv_size": [2, 2]},
								"east": {"uv": [0, 46], "uv_size": [12, 2]},
								"south": {"uv": [26, 46], "uv_size": [2, 2]},
								"west": {"uv": [14, 46], "uv_size": [12, 2]},
								"up": {"uv": [12, 34], "uv_size": [2, 12]},
								"down": {"uv": [14, 46], "uv_size": [2, -12]}
							}
						}
					]
				},
				{
					"name": "ring01",
					"parent": "lab_pump",
					"pivot": [0, 6, 0],
					"cubes": [
						{
							"origin": [-8, 5, -6],
							"size": [2, 2, 12],
							"uv": {
								"north": {"uv": [44, 12], "uv_size": [2, 2]},
								"east": {"uv": [32, 12], "uv_size": [12, 2]},
								"south": {"uv": [58, 12], "uv_size": [2, 2]},
								"west": {"uv": [46, 12], "uv_size": [12, 2]},
								"up": {"uv": [44, 0], "uv_size": [2, 12]},
								"down": {"uv": [46, 12], "uv_size": [2, -12]}
							}
						},
						{
							"origin": [-8, 5, -8],
							"size": [16, 2, 2],
							"uv": {
								"north": {"uv": [50, 6], "uv_size": [16, 2]},
								"east": {"uv": [48, 6], "uv_size": [2, 2]},
								"south": {"uv": [68, 6], "uv_size": [16, 2]},
								"west": {"uv": [66, 6], "uv_size": [2, 2]},
								"up": {"uv": [50, 4], "uv_size": [16, 2]},
								"down": {"uv": [66, 6], "uv_size": [16, -2]}
							}
						},
						{
							"origin": [6, 5, -6],
							"size": [2, 2, 12],
							"uv": {
								"north": {"uv": [44, 28], "uv_size": [2, 2]},
								"east": {"uv": [32, 28], "uv_size": [12, 2]},
								"south": {"uv": [58, 28], "uv_size": [2, 2]},
								"west": {"uv": [46, 28], "uv_size": [12, 2]},
								"up": {"uv": [44, 16], "uv_size": [2, 12]},
								"down": {"uv": [46, 28], "uv_size": [2, -12]}
							}
						},
						{
							"origin": [-8, 5, 6],
							"size": [16, 2, 2],
							"uv": {
								"north": {"uv": [50, 2], "uv_size": [16, 2]},
								"east": {"uv": [48, 2], "uv_size": [2, 2]},
								"south": {"uv": [68, 2], "uv_size": [16, 2]},
								"west": {"uv": [66, 2], "uv_size": [2, 2]},
								"up": {"uv": [50, 0], "uv_size": [16, 2]},
								"down": {"uv": [66, 2], "uv_size": [16, -2]}
							}
						}
					]
				},
				{
					"name": "ring00",
					"parent": "lab_pump",
					"pivot": [0, 11, 0],
					"cubes": [
						{
							"origin": [-8, 10, -6],
							"size": [2, 2, 12],
							"uv": {
								"north": {"uv": [12, 32], "uv_size": [2, 2]},
								"east": {"uv": [0, 32], "uv_size": [12, 2]},
								"south": {"uv": [26, 32], "uv_size": [2, 2]},
								"west": {"uv": [14, 32], "uv_size": [12, 2]},
								"up": {"uv": [12, 20], "uv_size": [2, 12]},
								"down": {"uv": [14, 32], "uv_size": [2, -12]}
							}
						},
						{
							"origin": [-8, 10, 6],
							"size": [16, 2, 2],
							"uv": {
								"north": {"uv": [30, 46], "uv_size": [16, 2]},
								"east": {"uv": [28, 46], "uv_size": [2, 2]},
								"south": {"uv": [48, 46], "uv_size": [16, 2]},
								"west": {"uv": [46, 46], "uv_size": [2, 2]},
								"up": {"uv": [30, 44], "uv_size": [16, 2]},
								"down": {"uv": [46, 46], "uv_size": [16, -2]}
							}
						},
						{
							"origin": [6, 10, -6],
							"size": [2, 2, 12],
							"uv": {
								"north": {"uv": [28, 40], "uv_size": [2, 2]},
								"east": {"uv": [16, 40], "uv_size": [12, 2]},
								"south": {"uv": [42, 40], "uv_size": [2, 2]},
								"west": {"uv": [30, 40], "uv_size": [12, 2]},
								"up": {"uv": [28, 28], "uv_size": [2, 12]},
								"down": {"uv": [30, 40], "uv_size": [2, -12]}
							}
						},
						{
							"origin": [-8, 10, -8],
							"size": [16, 2, 2],
							"uv": {
								"north": {"uv": [2, 50], "uv_size": [16, 2]},
								"east": {"uv": [0, 50], "uv_size": [2, 2]},
								"south": {"uv": [20, 50], "uv_size": [16, 2]},
								"west": {"uv": [18, 50], "uv_size": [2, 2]},
								"up": {"uv": [2, 48], "uv_size": [16, 2]},
								"down": {"uv": [18, 50], "uv_size": [16, -2]}
							}
						}
					]
				}
			]
		}
	]
}