{
	"pools": [
	  {
		"conditions": [{"condition": "random_regional_difficulty_chance","max_chance": 100}],
		"rolls": 1,
		"entries": [
		  {
			"type": "item","name": "minecraft:stick","weight": 9,
			"functions": [
			  {"function": "looting_enchant","count": {"min": 0,"max": 1}},
			  {"function": "enchant_random_gear","chance": 0.25}
			]
		  },
		  {
			"type": "item",
			"name": "minecraft:blaze_rod",
			"weight": 1,
			"functions": [
			  {"function": "looting_enchant","count": {"min": 0,"max": 1}},
			  {"function": "enchant_random_gear","chance": 0.25}
			]
		  }
		]
	  }
	]
  }