{
    "format_version": "1.10.0",
    "animation_controllers": {
        "controller.animation.lab.root": {
            "initial_state": "root.filter",
            "states": {
                "icon_controller": {
                    "animations": [
                        "lab.marker.controller"
                    ],
                    "transitions": [
                        {
                            "root.filter": "query.variant == 0"
                        }
                    ]
                },
                "root.filter": {
                    "transitions": [
                        {
                            "icon_controller": "query.variant > 0"
                        }
                    ]
                }
            }
        }
    }
}