{
	"entity_sounds": {
		"entities": {
			"loadisk:camel": {
				"events": {
					"heavy.step": {
						"default": "mob.horse.wood"
					},
					"step": {
						"default": "mob.horse.soft",
						"wood": "mob.horse.wood"
					}
				},
				"pitch": [0.70,0.90],"volume": 0.450
			},
			"loadisk:deer": {
				"events": {
					"heavy.step": {
						"pitch": 1.0,
						"sound": "mob.horse.wood",
						"volume": 0.70
					},
					"step": {
						"pitch": 1.0,
						"sound": "mob.horse.soft",
						"volume": 0.70
					},
					"add.chest": {
						"pitch": [0.80,1.20],
						"sound": "mob.horse.armor",
						"volume": 1.0
					},
					"ambient": {
						"pitch": [0.70,1],
						"sound": "loadisk.deer.idle",
						"volume": 0.60
					},
					"armor": {
						"pitch": 1.0,
						"sound": "mob.horse.armor",
						"volume": 0.60
					},
					"breathe": {
						"pitch": [0.70,0.90],
						"sound": "mob.horse.breathe",
						"volume": 0.70
					},
					"death": {
						"pitch": [0.70,1],
						"sound": "loadisk.deer.death",
						"volume": 0.70
					},
					"hurt": {
						"pitch": [0.70,1],
						"sound": "loadisk.deer.hurt",
						"volume": 0.70
					},
					"jump": {
						"pitch": 1.0,
						"sound": "mob.horse.jump",
						"volume": 0.40
					},
					"land": {
						"pitch": 1.0,
						"sound": "mob.horse.land",
						"volume": 0.40
					},
					"mad": {
						"pitch": [0.70,1],
						"sound": "loadisk.deer.ambiant",
						"volume": 0.40
					},
					"saddle": {
						"pitch": 1.0,
						"sound": "mob.horse.leather",
						"volume": 0.60
					}
				}
			},
			"loadisk:wild_cat": {
				"events": {
					"heavy.step": {
						"pitch": 1.0,
						"sound": "mob.panda.step",
						"volume": 0.70
					},
					"step": {
						"pitch": 1.0,
						"sound": "mob.panda.step",
						"volume": 0.70
					},
					"add.chest": {
						"pitch": [0.80,1.20],
						"sound": "mob.horse.armor",
						"volume": 1.0
					},
					"ambient": {
						"pitch": [0.70,1],
						"sound": "loadisk.wild_cat.idle",
						"volume": 0.60
					},
					"armor": {
						"pitch": 1.0,
						"sound": "mob.horse.armor",
						"volume": 0.60
					},
					"breathe": {
						"pitch": [0.70,0.90],
						"sound": "loadisk.wild_cat.breathe",
						"volume": 0.70
					},
					"death": {
						"pitch": [0.70,1],
						"sound": "loadisk.wild_cat.death",
						"volume": 0.70
					},
					"hurt": {
						"pitch": [0.70,1],
						"sound": "loadisk.wild_cat.hurt",
						"volume": 0.70
					},
					"jump": {
						"pitch": 1.0,
						"sound": "mob.horse.jump",
						"volume": 0.40
					},
					"land": {
						"pitch": 1.0,
						"sound": "mob.panda.step",
						"volume": 0.40
					},
					"mad": {
						"pitch": [0.70,1],
						"sound": "loadisk.wild_cat.ambiant",
						"volume": 0.40
					},
					"saddle": {
						"pitch": 1.0,
						"sound": "mob.horse.leather",
						"volume": 0.60
					}
				}
			},
			"loadisk:black_bear" : {
				"events" : {
				   "ambient" : "mob.polarbear.idle",
				   "ambient.baby" : "mob.polarbear_baby.idle",
				   "death" : "mob.polarbear.death",
				   "hurt" : {
					  "sound" : "mob.polarbear.hurt",
					  "volume" : 0.70
				   },
				   "mob.warning" : {
					  "pitch" : 1.0,
					  "sound" : "mob.polarbear.warning",
					  "volume" : 1.20
				   },
				   "step" : {
					  "pitch" : 1.0,
					  "sound" : "mob.polarbear.step",
					  "volume" : 0.70
				   }
				},
				"pitch" : [ 0.80, 1.20 ],
				"volume" : 1.0
			},
			"loadisk:bass" : {
				"events" : {
				   "flop" : {
					  "pitch" : 1.0,
					  "sound" : "mob.fish.flop",
					  "volume" : 1.0
				   },
				   "hurt" : "mob.fish.hurt",
				   "hurt.in.water" : "mob.fish.hurt",
				   "step" : {
					  "pitch" : 1.0,
					  "sound" : "mob.fish.step",
					  "volume" : 0.150
				   }
				},
				"pitch" : [ 0.80, 1.20 ],
				"volume" : 1.0
			},
			"loadisk:char" : {
				"events" : {
				   "flop" : {
					  "pitch" : 1.0,
					  "sound" : "mob.fish.flop",
					  "volume" : 1.0
				   },
				   "hurt" : "mob.fish.hurt",
				   "hurt.in.water" : "mob.fish.hurt",
				   "step" : {
					  "pitch" : 1.0,
					  "sound" : "mob.fish.step",
					  "volume" : 0.150
				   }
				},
				"pitch" : [ 0.80, 1.20 ],
				"volume" : 1.0
			},
			"loadisk:guppy" : {
				"events" : {
				   "flop" : {
					  "pitch" : 1.0,
					  "sound" : "mob.fish.flop",
					  "volume" : 1.0
				   },
				   "hurt" : "mob.fish.hurt",
				   "hurt.in.water" : "mob.fish.hurt",
				   "step" : {
					  "pitch" : 1.0,
					  "sound" : "mob.fish.step",
					  "volume" : 0.150
				   }
				},
				"pitch" : [ 0.80, 1.20 ],
				"volume" : 1.0
			},
			"loadisk:lionfish" : {
				"events" : {
				   "flop" : {
					  "pitch" : 1.0,
					  "sound" : "mob.fish.flop",
					  "volume" : 1.0
				   },
				   "hurt" : "mob.fish.hurt",
				   "hurt.in.water" : "mob.fish.hurt",
				   "step" : {
					  "pitch" : 1.0,
					  "sound" : "mob.fish.step",
					  "volume" : 0.150
				   }
				},
				"pitch" : [ 0.80, 1.20 ],
				"volume" : 1.0
			},
			"loadisk:mackerel" : {
				"events" : {
				   "flop" : {
					  "pitch" : 1.0,
					  "sound" : "mob.fish.flop",
					  "volume" : 1.0
				   },
				   "hurt" : "mob.fish.hurt",
				   "hurt.in.water" : "mob.fish.hurt",
				   "step" : {
					  "pitch" : 1.0,
					  "sound" : "mob.fish.step",
					  "volume" : 0.150
				   }
				},
				"pitch" : [ 0.80, 1.20 ],
				"volume" : 1.0
			},
			"loadisk:piranha" : {
				"events" : {
				   "flop" : {
					  "pitch" : 1.0,
					  "sound" : "mob.fish.flop",
					  "volume" : 1.0
				   },
				   "hurt" : "mob.fish.hurt",
				   "hurt.in.water" : "mob.fish.hurt",
				   "step" : {
					  "pitch" : 1.0,
					  "sound" : "mob.fish.step",
					  "volume" : 0.150
				   }
				},
				"pitch" : [ 0.80, 1.20 ],
				"volume" : 1.0
			},
			"loadisk:swordfish" : {
				"events" : {
				   "flop" : {
					  "pitch" : 1.0,
					  "sound" : "mob.fish.flop",
					  "volume" : 1.0
				   },
				   "hurt" : "mob.fish.hurt",
				   "hurt.in.water" : "mob.fish.hurt",
				   "step" : {
					  "pitch" : 1.0,
					  "sound" : "mob.fish.step",
					  "volume" : 0.150
				   }
				},
				"pitch" : [ 0.80, 1.20 ],
				"volume" : 1.0
			},
			"loadisk:ent" : {
				"events" : {
				   "ambient" : {
					  "pitch" : 0.8,
					  "sound" : "mob.ravager.roar"
				   },
				   "death" : "fall.wood",
				   "attack": "dig.wood",
				   "hurt" : {
					  "pitch" : 0.8,
					  "sound" : "mob.ravager.stun"
				   },
				   "step" : {
					  "sound" : "loadisk.ent.step",
					  "volume" : 2.0
				   }
				},
				"pitch" : [ 0.80, 1.0 ],
				"volume" : 1.5
			},
			"loadisk:hag" : {
				"events" : {
				   "ambient" : "loadisk.hag.idle",
				   "death" : "loadisk.hag.death",
				   "attack": "loadisk.hag.damage",
				   "hurt" : "loadisk.hag.damage",
				   "step" : "mob.zombie.step"
				},
				"pitch" : [ 0.90, 1.5 ],
				"volume" : 1.0
			},
			"loadisk:seagull" : {
				"events" : {
				   "ambient" : "loadisk.seagull.idle",
				   "death" : "loadisk.seagull.idle",
				   "attack": "loadisk.seagull.idle",
				   "hurt" : "loadisk.seagull.idle",
				   "step" : "mob.parrot.step",
				   "fly" : "mob.parrot.fly"
				},
				"pitch" : [ 0.90, 1.0 ],
				"volume" : 1.0
			},
			"loadisk:mushi": {
				"events": {
					"step": {
						"pitch": 1.0,
						"sound": "mob.chicken.step",
						"volume": 0.70
					},
					"ambient": {
						"pitch": [0.5,1.5],
						"sound": "loadisk.mushi.idle",
						"volume": 0.60
					},
					"breathe": {
						"pitch": [0.5,1.5],
						"sound": "loadisk.mushi.sneez",
						"volume": 0.70
					},
					"death": {
						"pitch": [0.5,1.5],
						"sound": "loadisk.mushi.growl",
						"volume": 0.70
					},
					"hurt": {
						"pitch": [0.5,1.5],
						"sound": "loadisk.mushi.hurt",
						"volume": 0.70
					},
					"jump": {
						"pitch": 1.0,
						"sound": "mob.horse.jump",
						"volume": 0.40
					},
					"mad": {
						"pitch": [0.5,1.5],
						"sound": "loadisk.mushi.growl",
						"volume": 0.40
					}
				}
			}
		}
	}
}