{
	"format_version": "1.12.0",
	"minecraft:geometry": [
		{
			"description": {
				"identifier": "geometry.loadisk.bear",
				"texture_width": 128,
				"texture_height": 64,
				"visible_bounds_width": 6,
				"visible_bounds_height": 4,
				"visible_bounds_offset": [0, 1, 0]
			},
			"bones": [
				{
					"name": "body",
					"pivot": [-2, 15, 12]
				},
				{
					"name": "torso",
					"parent": "body",
					"pivot": [0, 13.75, 1.25],
					"cubes": [
						{"origin": [-6, 15, -4], "size": [12, 12, 10], "pivot": [0, 13.75, 1.25], "rotation": [90, 0, 0], "uv": [39, 0]},
						{"origin": [-7, 1, -4], "size": [14, 14, 11], "pivot": [0, 13.75, 1.25], "rotation": [90, 0, 0], "uv": [0, 19]}
					]
				},
				{
					"name": "saddle",
					"parent": "torso",
					"pivot": [0, 25.5, 9.5],
					"cubes": [
						{"origin": [-5, 8.5, -2], "size": [10, 9, 9], "inflate": 2.1, "uv": [90, 0]}
					]
				},
				{
					"name": "chest",
					"parent": "torso",
					"pivot": [8, 19.5, 11],
					"rotation": [0, 0, 90],
					"cubes": [
						{"origin": [-5, -4.75, 0.25], "size": [8, 8, 3], "pivot": [0.75, 11.5, 10.25], "rotation": [0, -90, -90], "uv": [90, 21]},
						{"origin": [-5, -4.75, 17.25], "size": [8, 8, 3], "pivot": [0.75, 11.5, 10.25], "rotation": [0, -90, -90], "uv": [90, 21]}
					]
				},
				{
					"name": "head",
					"parent": "torso",
					"pivot": [0, 14, -16],
					"mirror": true,
					"cubes": [
						{"origin": [-3.5, 10, -19], "size": [7, 7, 7], "uv": [0, 0], "mirror": false},
						{"origin": [-2.5, 10, -22], "size": [5, 3, 3], "uv": [0, 44], "mirror": false},
						{"origin": [-4.5, 16, -17], "size": [2, 2, 1], "uv": [26, 0], "mirror": false},
						{"origin": [2.5, 16, -17], "size": [2, 2, 1], "uv": [26, 0]}
					],
					"locators": {
						"lead": [0, 14, -16]
					}
				},
				{
					"name": "leg0",
					"parent": "body",
					"pivot": [-4.5, 10, 6],
					"cubes": [
						{"origin": [-6.5, 0, 4], "size": [4, 10, 8], "uv": [50, 22]}
					]
				},
				{
					"name": "leg1",
					"parent": "body",
					"pivot": [4.5, 10, 6],
					"cubes": [
						{"origin": [2.5, 0, 4], "size": [4, 10, 8], "uv": [50, 22]}
					]
				},
				{
					"name": "leg2",
					"parent": "body",
					"pivot": [-3.5, 10, -8],
					"cubes": [
						{"origin": [-5.5, 0, -10], "size": [4, 10, 6], "uv": [50, 40]}
					]
				},
				{
					"name": "leg3",
					"parent": "body",
					"pivot": [3.5, 10, -8],
					"cubes": [
						{"origin": [1.5, 0, -10], "size": [4, 10, 6], "uv": [50, 40]}
					]
				}
			]
		}
	]
}