{
	"format_version": "1.12.0",
	"minecraft:geometry": [
		{
			"description": {
				"identifier": "geometry.blackbear",
				"texture_width": 128,
				"texture_height": 128,
				"visible_bounds_width": 3,
				"visible_bounds_height": 2.5,
				"visible_bounds_offset": [0, 0.75, 0]
			},
			"bones": [
				{
					"name": "body",
					"pivot": [-2, 15, 12],
					"cubes": [
						{"origin": [-7, 25, -8], "size": [14, 14, 11], "pivot": [0, 27.5, 10.25], "rotation": [90, 0, 0], "uv": [0, 0]},
						{"origin": [-6, 38, -8], "size": [12, 12, 10], "pivot": [0, 27.5, 10.25], "rotation": [90, 0, 0], "uv": [0, 25]}
					]
				},
				{
					"name": "head",
					"parent": "body",
					"pivot": [0, 14, -16],
					"cubes": [
						{"origin": [-3.5, 10, -19], "size": [7, 7, 7], "uv": [0, 47]},
						{"origin": [-2.5, 10, -22], "size": [5, 3, 3], "uv": [39, 0]},
						{"origin": [-4.5, 16, -17], "size": [2, 2, 1], "uv": [0, 3]},
						{"origin": [2.5, 16, -17], "size": [2, 2, 1], "uv": [0, 0]}
					],
					"locators": {
						"lead": [0, 0, 0]
					}
				},
				{
					"name": "leg0",
					"parent": "body",
					"pivot": [-4.5, 10, 6],
					"cubes": [
						{"origin": [-6.5, 0, 4], "size": [4, 10, 8], "uv": [42, 17]}
					]
				},
				{
					"name": "leg1",
					"parent": "body",
					"pivot": [4.5, 10, 6],
					"cubes": [
						{"origin": [2.5, 0, 4], "size": [4, 10, 8], "uv": [36, 39]}
					]
				},
				{
					"name": "leg2",
					"parent": "body",
					"pivot": [-3.5, 10, -8],
					"cubes": [
						{"origin": [-5.5, 0, -10], "size": [4, 10, 6], "uv": [54, 51]}
					]
				},
				{
					"name": "leg3",
					"parent": "body",
					"pivot": [3.5, 10, -8],
					"cubes": [
						{"origin": [1.5, 0, -10], "size": [4, 10, 6], "uv": [50, 0]}
					]
				}
			]
		}
	]
}