{
	"format_version": "1.10.0",
	"geometry.loadisk.camel": {
		"texturewidth": 128,
		"textureheight": 128,
		"visible_bounds_width": 3,
		"visible_bounds_height": 3.25,
		"visible_bounds_offset": [0, 1.375, 0],
		"bones": [
			{
				"name": "neck",
				"pivot": [0, 20, -9],
				"rotation": [-17.5, 0, 0],
				"cubes": [
					{"origin": [-4, 17, -17], "size": [8, 6, 9], "uv": [0, 39], "inflate": -0.001}
				]
			},
			{
				"name": "mid_neck",
				"parent": "neck",
				"pivot": [0, 21, -22],
				"rotation": [-38.6, 0, 0],
				"cubes": [
					{"origin": [-4, 21, -22], "size": [8, 6, 6.4], "uv": [44, 16]}
				]
			},
			{
				"name": "head",
				"parent": "neck",
				"pivot": [0, 26.64286, -21.15],
				"rotation": [17.5, 0, 0],
				"cubes": [
					{"origin": [-2, 25.5, -29.65], "size": [4, 4, 9], "uv": [25, 48]},
					{"origin": [-4, 21.5, -23.65], "size": [8, 10, 6], "uv": [44, 0], "inflate": 0.003},
					{"origin": [-5, 30.5, -20.65], "size": [3, 3, 2], "uv": [34, 0]},
					{"origin": [2, 30.5, -20.65], "size": [3, 3, 2], "uv": [34, 0]}
				],
				"locators": {
					"lead": [0, 16.5, -22.65]
				}
			},
			{
				"name": "ReinsL",
				"parent": "head",
				"pivot": [3, 27.575, -24.5],
				"rotation": [-2.5, 10, 0],
				"cubes": [
					{"origin": [4.1, 26.075, -24], "size": [0, 3, 16], "uv": [0, 19]}
				]
			},
			{
				"name": "ReinsR",
				"parent": "head",
				"pivot": [-4, 26.525, -24.5],
				"rotation": [-2.5, -10, 0],
				"cubes": [
					{"origin": [-4.1, 26.025, -24], "size": [0, 3, 16], "uv": [0, 16]}
				]
			},
			{
				"name": "Bridle",
				"parent": "head",
				"pivot": [0, 14, -25.675],
				"cubes": [
					{"origin": [-2, 25, -25.675], "size": [4, 5, 2], "uv": [42, 48], "inflate": 0.25},
					{"origin": [-3, 25, -28.675], "size": [6, 5, 7], "uv": [51, 48], "inflate": 0.25}
				]
			},
			{
				"name": "BitL",
				"parent": "Bridle",
				"pivot": [0, 14, -25.4],
				"cubes": [
					{"origin": [2, 26.325, -29.85], "size": [1, 2, 2], "uv": [34, 5]}
				]
			},
			{
				"name": "BitR",
				"parent": "Bridle",
				"pivot": [0, 14, -25.3],
				"cubes": [
					{"origin": [-3, 26.325, -29.75], "size": [1, 2, 2], "uv": [34, 5]}
				]
			},
			{
				"name": "chest1",
				"pivot": [-8.5, 24, 6],
				"rotation": [0, 90, 0],
				"cubes": [
					{"origin": [-11.5, 16, 6], "size": [8, 8, 3], "uv": [0, 66]}
				]
			},
			{
				"name": "chest2",
				"pivot": [5.5, 24, 6],
				"rotation": [0, 90, 0],
				"cubes": [
					{"origin": [2.5, 16, 6], "size": [8, 8, 3], "uv": [24, 61]}
				]
			},
			{
				"name": "body",
				"pivot": [0, 22, -1],
				"cubes": [
					{"origin": [-6, 10, -8], "size": [12, 22, 10], "uv": [0, 0]}
				]
			},
			{
				"name": "hump",
				"parent": "body",
				"pivot": [0, 27, 2.25],
				"cubes": [
					{"origin": [-4, 23, 4], "size": [8, 8, 3], "uv": [48, 60]},
					{"origin": [-5, 22, 2], "size": [10, 10, 2], "uv": [0, 54]}
				]
			},
			{
				"name": "hump2",
				"parent": "body",
				"pivot": [0, 16, 2.25],
				"cubes": [
					{"origin": [-4, 12, 4], "size": [8, 8, 3], "uv": [48, 60]},
					{"origin": [-5, 11, 2], "size": [10, 10, 2], "uv": [0, 54]}
				]
			},
			{
				"name": "leg0",
				"pivot": [-3.5, 12, 8],
				"cubes": [
					{"origin": [-5.5, 0, 6], "size": [4, 14, 4], "uv": [59, 28]}
				]
			},
			{
				"name": "leg1",
				"pivot": [3.5, 12, 8],
				"cubes": [
					{"origin": [1.5, 0, 6], "size": [4, 14, 4], "uv": [59, 28]}
				]
			},
			{
				"name": "leg2",
				"pivot": [-3.5, 11, -8],
				"cubes": [
					{"origin": [-5.5, 0, -10], "size": [4, 14, 4], "uv": [59, 28]}
				]
			},
			{
				"name": "leg3",
				"pivot": [3.5, 12, -8],
				"cubes": [
					{"origin": [1.5, 0, -10], "size": [4, 14, 4], "uv": [59, 28]}
				]
			},
			{
				"name": "Saddle",
				"pivot": [0, 30.675, -3],
				"cubes": [
					{"origin": [-5, 20.675, -9.475], "size": [10, 9, 7], "uv": [25, 32], "inflate": 0.6}
				]
			},
			{
				"name": "Saddle2",
				"pivot": [0, 30.675, 8],
				"cubes": [
					{"origin": [-5, 20.675, 1.5], "size": [10, 9, 7], "uv": [25, 32], "inflate": 0.6}
				]
			}
		]
	}
}