{
	"format_version": "1.12.0",
	"minecraft:geometry": [
		{
			"description": {
				"identifier": "geometry.loadisk.deer",
				"texture_width": 128,
				"texture_height": 128,
				"visible_bounds_width": 4,
				"visible_bounds_height": 3.5,
				"visible_bounds_offset": [0, 1.25, 0]
			},
			"bones": [
				{
					"name": "root",
					"pivot": [0, 0, 1]
				},
				{
					"name": "body",
					"parent": "root",
					"pivot": [-0.5, 12.20466, -3.52302]
				},
				{
					"name": "hip",
					"parent": "body",
					"pivot": [-0.5, 15.96793, -8.93478],
					"cubes": [
						{"origin": [-4, 7.84623, -4.47809], "size": [7, 8, 11], "pivot": [0, -1.00377, -1.97809], "rotation": [-5, 0, 0], "uv": [0, 0]},
						{"origin": [-4, 8, -9], "size": [7, 8, 6], "inflate": 0.01, "uv": [30, 31]}
					]
				},
				{
					"name": "tail",
					"parent": "hip",
					"pivot": [-0.5, 14, 8],
					"rotation": [20, 0, 0],
					"cubes": [
						{"origin": [-2, 10.40233, 6.71829], "size": [3, 4, 2], "uv": [50, 13]}
					]
				},
				{
					"name": "chest",
					"parent": "hip",
					"pivot": [-0.5, 15.02697, 4.77862],
					"rotation": [-90, -85, 90],
					"cubes": [
						{"origin": [-4.67431, 12.93186, 2.51612], "size": [8, 8, 3], "inflate": -1, "pivot": [-0.67431, 17.01936, 4.77862], "rotation": [0, -90, -90], "uv": [96, 37]},
						{"origin": [-4.67431, 13.10686, 4.04112], "size": [8, 8, 3], "inflate": -0.5, "pivot": [-0.67431, 17.01936, 4.77862], "rotation": [0, -90, -90], "uv": [96, 50]}
					]
				},
				{
					"name": "saddle",
					"parent": "hip",
					"pivot": [0, 0, 0],
					"cubes": [
						{"origin": [-4, 8.84623, -4.47809], "size": [7, 7, 11], "inflate": 0.05, "pivot": [0, -2.00377, -1.97809], "rotation": [-5, 0, 0], "uv": [92, 0]},
						{"origin": [-4, 8, -9], "size": [7, 8, 6], "inflate": 0.05, "uv": [102, 18]}
					]
				},
				{
					"name": "neck",
					"parent": "body",
					"pivot": [0, 13, -7],
					"cubes": [
						{"origin": [-2, 17, -5], "size": [3, 6, 4], "pivot": [0, 3, -2], "rotation": [27.5, 0, 0], "uv": [50, 27]},
						{"origin": [-2.5, 12.46065, -12.78079], "size": [4, 8, 4], "inflate": -0.01, "pivot": [-0.5, 15.88565, -10.35579], "rotation": [27.5, 0, 0], "uv": [16, 41]},
						{"origin": [-3, 14, 1], "size": [5, 3, 5], "pivot": [0, 3, -2], "rotation": [52.5, 0, 0], "uv": [40, 5]}
					],
					"locators": {
						"lead": [-0.5, 18.82812, -14.54951]
					}
				},
				{
					"name": "head",
					"parent": "neck",
					"pivot": [-0.5, 19.35, -11.875],
					"rotation": [10, 0, 0],
					"cubes": [
						{"origin": [1, 21.29356, -11.55494], "size": [3, 2, 1], "pivot": [1.5, 22.29356, -11.05494], "rotation": [-3, -22, -14], "uv": [33, 27]},
						{"origin": [-5, 21.29356, -11.55494], "size": [3, 2, 1], "pivot": [-2.5, 22.29356, -11.05494], "rotation": [-3, 22, 14], "uv": [25, 27]},
						{"origin": [-2, 19.31856, -18.55494], "size": [3, 3, 4], "pivot": [-0.5, 20.79356, -15.55494], "rotation": [5, 0, 0], "uv": [55, 0]},
						{"origin": [-2.5, 19.29356, -15.55494], "size": [4, 4, 6], "uv": [25, 0]}
					]
				},
				{
					"name": "antler",
					"parent": "head",
					"pivot": [-0.5, 22.70016, -10.18686],
					"cubes": [
						{"origin": [-5.475, 22.79356, -11.55494], "size": [7, 9, 0], "pivot": [-1.975, 23.29356, -11.55494], "rotation": [-20, 0, -25], "uv": [0, 53]},
						{"origin": [-15.35366, 17.65965, -9.33181], "size": [8, 16, 0], "pivot": [-11.35366, 25.65965, -9.33181], "rotation": [0, -20, -115], "uv": [0, 37]},
						{"origin": [-2.525, 22.79356, -11.55494], "size": [7, 9, 0], "pivot": [0.975, 23.29356, -11.55494], "rotation": [-20, 0, 25], "uv": [0, 53], "mirror": true},
						{"origin": [-2.02913, 12.54975, -11.38393], "size": [8, 16, 0], "pivot": [7.97087, 20.54975, -11.38393], "rotation": [0, 20, 115], "uv": [0, 37], "mirror": true}
					]
				},
				{
					"name": "leg0",
					"parent": "root",
					"pivot": [2, 9, -6.5],
					"cubes": [
						{"origin": [1, 0, -8], "size": [2, 9, 3], "uv": [24, 53]}
					]
				},
				{
					"name": "leg1",
					"parent": "root",
					"pivot": [-3, 9, -6.5],
					"cubes": [
						{"origin": [-4, 0, -8], "size": [2, 9, 3], "uv": [14, 53]}
					]
				},
				{
					"name": "leg2",
					"parent": "root",
					"pivot": [-3, 10, 5],
					"cubes": [
						{"origin": [-4.5, 0, 3], "size": [2, 6, 3], "uv": [0, 19]},
						{"origin": [-5, 6, 2], "size": [3, 5, 5], "uv": [48, 45]}
					]
				},
				{
					"name": "leg3",
					"parent": "root",
					"pivot": [2.45, 10, 5],
					"cubes": [
						{"origin": [1.5, 0, 3], "size": [2, 6, 3], "uv": [0, 0]},
						{"origin": [1, 6, 2], "size": [3, 5, 5], "uv": [32, 45]}
					]
				}
			]
		}
	]
}