{
	"format_version": "1.12.0",
	"minecraft:geometry": [
		{
			"description": {
				"identifier": "geometry.loadisk.ent",
				"texture_width": 256,
				"texture_height": 256,
				"visible_bounds_width": 5,
				"visible_bounds_height": 9.5,
				"visible_bounds_offset": [0, 4.25, 0]
			},
			"bones": [
				{
					"name": "root",
					"pivot": [0, 0, 0]
				},
				{
					"name": "body",
					"parent": "root",
					"pivot": [0, 36, 3],
					"cubes": [
						{"origin": [-10, 74, -1], "size": [20, 8, 8], "uv": [104, 104]},
						{"origin": [-10, 36, -2], "size": [20, 19, 10], "uv": [96, 0]},
						{"origin": [-9, 55, -1], "size": [18, 11, 8], "uv": [48, 112]},
						{"origin": [-8, 66, -1], "size": [16, 8, 8], "uv": [48, 0]}
					]
				},
				{
					"name": "right_arm",
					"parent": "body",
					"pivot": [10, 82, 3],
					"cubes": [
						{"origin": [10, 58, -1], "size": [8, 24, 8], "uv": [40, 131]}
					]
				},
				{
					"name": "right_forearm",
					"parent": "right_arm",
					"pivot": [14, 58, 3],
					"cubes": [
						{"origin": [9, 42, -2], "size": [10, 16, 10], "uv": [100, 120]}
					]
				},
				{
					"name": "right_hand",
					"parent": "right_forearm",
					"pivot": [14, 42, 3],
					"cubes": [
						{"origin": [8, 26, -3], "size": [12, 16, 12], "uv": [100, 36], "mirror": true}
					]
				},
				{
					"name": "left_arm",
					"parent": "body",
					"pivot": [-10, 82, 3],
					"cubes": [
						{"origin": [-18, 58, -1], "size": [8, 24, 8], "uv": [72, 138]}
					]
				},
				{
					"name": "left_forearm",
					"parent": "left_arm",
					"pivot": [-14, 58, 3],
					"cubes": [
						{"origin": [-19, 42, -2], "size": [10, 16, 10], "uv": [0, 124]}
					]
				},
				{
					"name": "left_hand",
					"parent": "left_forearm",
					"pivot": [-14, 42, 3],
					"cubes": [
						{"origin": [-20, 26, -3], "size": [12, 16, 12], "uv": [100, 36]}
					]
				},
				{
					"name": "head",
					"parent": "body",
					"pivot": [0, 82, 3],
					"cubes": [
						{"origin": [-6, 82, -2], "size": [12, 8, 10], "uv": [136, 29]},
						{"origin": [-7, 90, -3], "size": [14, 8, 12], "uv": [100, 68]},
						{"origin": [-1.5, 88, -5], "size": [3, 6, 2], "uv": [0, 0]},
						{"origin": [-6.5, 95.05, -3.9], "size": [4, 1, 1], "uv": [0, 2]},
						{"origin": [2.5, 95.05, -3.9], "size": [4, 1, 1], "uv": [0, 2]}
					]
				},
				{
					"name": "foli",
					"parent": "head",
					"pivot": [-5, -8, 3],
					"cubes": [
						{"origin": [-8, 98, -5], "size": [16, 16, 16], "uv": [48, 80]},
						{"origin": [-8, 114, -5], "size": [16, 16, 16], "uv": [0, 0]},
						{"origin": [-24, 98, -5], "size": [16, 16, 16], "uv": [0, 64]},
						{"origin": [8, 98, -5], "size": [16, 16, 16], "uv": [48, 48]},
						{"origin": [-8, 98, -21], "size": [16, 16, 16], "uv": [48, 16]},
						{"origin": [-8, 98, 11], "size": [16, 16, 16], "uv": [0, 32]}
					]
				},
				{
					"name": "right_hip",
					"parent": "root",
					"pivot": [5, 36, 3],
					"cubes": [
						{"origin": [1, 31, -1], "size": [8, 5, 8], "uv": [144, 80]}
					]
				},
				{
					"name": "right_leg",
					"parent": "right_hip",
					"pivot": [5, 31, 3],
					"cubes": [
						{"origin": [2, 19, 0], "size": [6, 12, 6], "uv": [156, 0]}
					]
				},
				{
					"name": "right_knee",
					"parent": "right_leg",
					"pivot": [5, 19, 3],
					"cubes": [
						{"origin": [1, 12, -1], "size": [8, 7, 8], "uv": [112, 88]}
					]
				},
				{
					"name": "right_foot",
					"parent": "right_knee",
					"pivot": [5, 12, 3],
					"cubes": [
						{"origin": [1, 0, -1], "size": [8, 12, 8], "uv": [132, 138]}
					]
				},
				{
					"name": "right_toes",
					"parent": "right_foot",
					"pivot": [5, 4, -1],
					"cubes": [
						{"origin": [1, 0, -9], "size": [8, 4, 8], "inflate": -0.01, "pivot": [5, 4, -1], "rotation": [15, 0, 0], "uv": [152, 93], "mirror": true}
					]
				},
				{
					"name": "left_hip",
					"parent": "root",
					"pivot": [-5, 36, 3],
					"cubes": [
						{"origin": [-9, 31, -1], "size": [8, 5, 8], "uv": [0, 150]}
					]
				},
				{
					"name": "left_leg",
					"parent": "left_hip",
					"pivot": [-5, 31, 3],
					"cubes": [
						{"origin": [-8, 19, 0], "size": [6, 12, 6], "uv": [130, 158]}
					]
				},
				{
					"name": "left_knee",
					"parent": "left_leg",
					"pivot": [-5, 19, 3],
					"cubes": [
						{"origin": [-9, 12, -1], "size": [8, 7, 8], "uv": [140, 120]}
					]
				},
				{
					"name": "left_foot",
					"parent": "left_knee",
					"pivot": [-5, 12, 3],
					"cubes": [
						{"origin": [-9, 0, -1], "size": [8, 12, 8], "uv": [140, 56]}
					]
				},
				{
					"name": "left_toes",
					"parent": "left_foot",
					"pivot": [-5, 4, -1],
					"cubes": [
						{"origin": [-9, 0, -9], "size": [8, 4, 8], "inflate": -0.01, "pivot": [-5, 4, -1], "rotation": [15, 0, 0], "uv": [152, 93]}
					]
				}
			]
		}
	]
}