{
	"format_version": "1.12.0",
	"minecraft:geometry": [
		{
			"description": {
				"identifier": "geometry.loadisk.hag",
				"texture_width": 64,
				"texture_height": 64,
				"visible_bounds_width": 3,
				"visible_bounds_height": 3.5,
				"visible_bounds_offset": [0, 1.25, 0]
			},
			"bones": [
				{
					"name": "root",
					"pivot": [0, 0, 0]
				},
				{
					"name": "Head",
					"parent": "root",
					"pivot": [0, 24, 0],
					"cubes": [
						{
							"origin": [0.5, 27, 4.525],
							"size": [6.5, 6.5, 0],
							"uv": {
								"north": {"uv": [51, 51], "uv_size": [13, 13]}
							}
						},
						{
							"origin": [-1.5, 27, 4.55],
							"size": [6.5, 6.5, 0],
							"pivot": [1.75, 30.25, 4.525],
							"rotation": [0, 0, -45],
							"uv": {
								"north": {"uv": [51, 51], "uv_size": [13, 13]}
							}
						},
						{
							"origin": [-5, 27, 4.55],
							"size": [6.5, 6.5, 0],
							"pivot": [-1.75, 30.25, 4.525],
							"rotation": [0, 0, 45],
							"uv": {
								"north": {"uv": [64, 51], "uv_size": [-13, 13]}
							}
						},
						{
							"origin": [-7, 27, 4.525],
							"size": [6.5, 6.5, 0],
							"uv": {
								"north": {"uv": [64, 51], "uv_size": [-13, 13]}
							}
						},
						{
							"origin": [-4, 24, -4],
							"size": [8, 8, 8],
							"uv": {
								"north": {"uv": [8, 8], "uv_size": [8, 8]},
								"east": {"uv": [0, 8], "uv_size": [8, 8]},
								"south": {"uv": [24, 8], "uv_size": [8, 8]},
								"west": {"uv": [16, 8], "uv_size": [8, 8]},
								"up": {"uv": [8, 0], "uv_size": [8, 8]},
								"down": {"uv": [16, 8], "uv_size": [8, -8]}
							}
						},
						{
							"origin": [-4, 24, -4],
							"size": [8, 8, 8],
							"inflate": 0.5,
							"uv": {
								"north": {"uv": [40, 8], "uv_size": [8, 8]},
								"east": {"uv": [32, 8], "uv_size": [8, 8]},
								"south": {"uv": [56, 8], "uv_size": [8, 8]},
								"west": {"uv": [48, 8], "uv_size": [8, 8]},
								"up": {"uv": [40, 0], "uv_size": [8, 8]},
								"down": {"uv": [48, 8], "uv_size": [8, -8]}
							}
						}
					]
				},
				{
					"name": "Body",
					"parent": "root",
					"pivot": [0, 24, 0],
					"cubes": [
						{
							"origin": [-4, 12, -2],
							"size": [8, 12, 4],
							"uv": {
								"north": {"uv": [20, 20], "uv_size": [8, 12]},
								"east": {"uv": [16, 20], "uv_size": [4, 12]},
								"south": {"uv": [32, 20], "uv_size": [8, 12]},
								"west": {"uv": [28, 20], "uv_size": [4, 12]},
								"up": {"uv": [20, 16], "uv_size": [8, 4]},
								"down": {"uv": [28, 20], "uv_size": [8, -4]}
							}
						},
						{
							"origin": [-4, 12, -2],
							"size": [8, 12, 4],
							"inflate": 0.25,
							"uv": {
								"north": {"uv": [20, 36], "uv_size": [8, 12]},
								"east": {"uv": [16, 36], "uv_size": [4, 12]},
								"south": {"uv": [32, 36], "uv_size": [8, 12]},
								"west": {"uv": [28, 36], "uv_size": [4, 12]},
								"up": {"uv": [20, 32], "uv_size": [8, 4]},
								"down": {"uv": [28, 36], "uv_size": [8, -4]}
							}
						}
					]
				},
				{
					"name": "LeftWing",
					"parent": "Body",
					"pivot": [0, 20.5, 2.4],
					"rotation": [0, -15, 0],
					"cubes": [
						{
							"origin": [0, 11, 2.425],
							"size": [13, 13, 0],
							"pivot": [6.5, 17.5, 2.375],
							"rotation": [0, 0, 30],
							"uv": {
								"north": {"uv": [51, 51], "uv_size": [13, 13]}
							}
						},
						{
							"origin": [0, 17, 2.375],
							"size": [13, 13, 0],
							"uv": {
								"north": {"uv": [51, 51], "uv_size": [13, 13]}
							}
						}
					]
				},
				{
					"name": "RightWing",
					"parent": "Body",
					"pivot": [0, 20.5, 2.4],
					"rotation": [0, 15, 0],
					"cubes": [
						{
							"origin": [-13, 11, 2.425],
							"size": [13, 13, 0],
							"pivot": [-6.5, 17.5, 2.375],
							"rotation": [0, 0, -30],
							"uv": {
								"north": {"uv": [64, 51], "uv_size": [-13, 13]}
							}
						},
						{
							"origin": [-13, 17, 2.375],
							"size": [13, 13, 0],
							"uv": {
								"north": {"uv": [64, 51], "uv_size": [-13, 13]}
							}
						}
					]
				},
				{
					"name": "RightArm",
					"parent": "root",
					"pivot": [-5, 21.5, 0],
					"cubes": [
						{
							"origin": [-7, 11.5, -2],
							"size": [3, 12, 4],
							"inflate": -0.01,
							"uv": {
								"north": {"uv": [44, 20], "uv_size": [3, 12]},
								"east": {"uv": [40, 20], "uv_size": [4, 12]},
								"south": {"uv": [51, 20], "uv_size": [3, 12]},
								"west": {"uv": [47, 20], "uv_size": [4, 12]},
								"up": {"uv": [44, 16], "uv_size": [3, 4]},
								"down": {"uv": [47, 20], "uv_size": [3, -4]}
							}
						},
						{
							"origin": [-7, 5.5, -2],
							"size": [3, 6, 4],
							"inflate": -0.01,
							"uv": {
								"north": {"uv": [4, 36], "uv_size": [3, 6]},
								"east": {"uv": [0, 36], "uv_size": [4, 6]},
								"south": {"uv": [11, 36], "uv_size": [3, 6]},
								"west": {"uv": [7, 36], "uv_size": [4, 6]},
								"up": {"uv": [4, 32], "uv_size": [3, 4]},
								"down": {"uv": [7, 36], "uv_size": [3, -4]}
							}
						}
					]
				},
				{
					"name": "LeftArm",
					"parent": "root",
					"pivot": [5, 21.5, 0],
					"cubes": [
						{
							"origin": [4, 11.5, -2],
							"size": [3, 12, 4],
							"inflate": -0.01,
							"uv": {
								"north": {"uv": [36, 52], "uv_size": [3, 12]},
								"east": {"uv": [32, 52], "uv_size": [4, 12]},
								"south": {"uv": [43, 52], "uv_size": [3, 12]},
								"west": {"uv": [39, 52], "uv_size": [4, 12]},
								"up": {"uv": [36, 48], "uv_size": [3, 4]},
								"down": {"uv": [39, 52], "uv_size": [3, -4]}
							}
						},
						{
							"origin": [4, 5.5, -2],
							"size": [3, 6, 4],
							"inflate": -0.01,
							"uv": {
								"north": {"uv": [7, 36], "uv_size": [-3, 6]},
								"east": {"uv": [11, 36], "uv_size": [-4, 6]},
								"south": {"uv": [14, 36], "uv_size": [-3, 6]},
								"west": {"uv": [4, 36], "uv_size": [-4, 6]},
								"up": {"uv": [7, 32], "uv_size": [-3, 4]},
								"down": {"uv": [10, 36], "uv_size": [-3, -4]}
							}
						}
					]
				},
				{
					"name": "RightLeg",
					"parent": "root",
					"pivot": [-1.9, 12, 0],
					"cubes": [
						{
							"origin": [-3.9, 0, -2],
							"size": [4, 12, 4],
							"uv": {
								"north": {"uv": [4, 20], "uv_size": [4, 12]},
								"east": {"uv": [0, 20], "uv_size": [4, 12]},
								"south": {"uv": [12, 20], "uv_size": [4, 12]},
								"west": {"uv": [8, 20], "uv_size": [4, 12]},
								"up": {"uv": [4, 16], "uv_size": [4, 4]},
								"down": {"uv": [8, 20], "uv_size": [4, -4]}
							}
						},
						{
							"origin": [-3.9, 0, -2],
							"size": [4, 12, 4],
							"inflate": 0.25,
							"uv": {
								"north": {"uv": [4, 52], "uv_size": [4, 12]},
								"east": {"uv": [0, 52], "uv_size": [4, 12]},
								"south": {"uv": [12, 52], "uv_size": [4, 12]},
								"west": {"uv": [8, 52], "uv_size": [4, 12]},
								"up": {"uv": [4, 48], "uv_size": [4, 4]},
								"down": {"uv": [8, 52], "uv_size": [4, -4]}
							}
						}
					]
				},
				{
					"name": "LeftLeg",
					"parent": "root",
					"pivot": [1.9, 12, 0],
					"cubes": [
						{
							"origin": [-0.1, 0, -2],
							"size": [4, 12, 4],
							"uv": {
								"north": {"uv": [20, 52], "uv_size": [4, 12]},
								"east": {"uv": [16, 52], "uv_size": [4, 12]},
								"south": {"uv": [28, 52], "uv_size": [4, 12]},
								"west": {"uv": [24, 52], "uv_size": [4, 12]},
								"up": {"uv": [20, 48], "uv_size": [4, 4]},
								"down": {"uv": [24, 52], "uv_size": [4, -4]}
							}
						},
						{
							"origin": [-0.1, 0, -2],
							"size": [4, 12, 4],
							"inflate": 0.25,
							"uv": {
								"north": {"uv": [4, 52], "uv_size": [4, 12]},
								"east": {"uv": [0, 52], "uv_size": [4, 12]},
								"south": {"uv": [12, 52], "uv_size": [4, 12]},
								"west": {"uv": [8, 52], "uv_size": [4, 12]},
								"up": {"uv": [4, 48], "uv_size": [4, 4]},
								"down": {"uv": [8, 52], "uv_size": [4, -4]}
							}
						}
					]
				}
			]
		}
	]
}