{
	"format_version": "1.10.0",
	"geometry.loadisk.horse_wings": {
		"texturewidth": 64,
		"textureheight": 64,
		"visible_bounds_width": 5,
		"visible_bounds_height": 3,
		"visible_bounds_offset": [0, 1.5, 0],
		"bones": [
			{
				"name": "Body",
				"pivot": [0, 13, 9]
			},
			{
				"name": "hip",
				"parent": "Body",
				"pivot": [0, 11, -11]
			},
			{
				"name": "wings",
				"parent": "hip",
				"pivot": [0, 21, -2]
			},
			{
				"name": "left_wing",
				"parent": "wings",
				"pivot": [-5, 21, -3],
				"cubes": [
					{"origin": [-25, 21, -8], "size": [20, 0, 10], "uv": [0, 0], "mirror": true}
				]
			},
			{
				"name": "right_wing",
				"parent": "wings",
				"pivot": [5, 21, -3],
				"cubes": [
					{"origin": [5, 21, -8], "size": [20, 0, 10], "uv": [0, 0]}
				]
			},
			{
				"name": "Tail",
				"parent": "Body",
				"pivot": [0, 20, 11],
				"rotation": [25, 0, 0]
			},
			{
				"name": "LegBL",
				"parent": "Body",
				"pivot": [3, 11, 9]
			},
			{
				"name": "LegBR",
				"parent": "Body",
				"pivot": [-3, 11, 9]
			},
			{
				"name": "LegFL",
				"parent": "Body",
				"pivot": [3, 11, -9]
			},
			{
				"name": "LegFR",
				"parent": "Body",
				"pivot": [-3, 11, -9]
			},
			{
				"name": "Neck",
				"parent": "Body",
				"pivot": [0, 17, -8],
				"rotation": [30, 0, 0]
			},
			{
				"name": "Head",
				"parent": "Neck",
				"pivot": [0, 28, -11]
			},
			{
				"name": "Muzzle",
				"parent": "Head",
				"pivot": [0, 28, -11]
			},
			{
				"name": "EarL",
				"parent": "Head",
				"pivot": [0, 17, -8],
				"rotation": [0, 0, 5]
			},
			{
				"name": "EarR",
				"parent": "Head",
				"pivot": [0, 17, -8],
				"rotation": [0, 0, -5]
			},
			{
				"name": "MuleEarL",
				"parent": "Head",
				"pivot": [0, 17, -8],
				"rotation": [0, 0, 15]
			},
			{
				"name": "MuleEarR",
				"parent": "Head",
				"pivot": [0, 17, -8],
				"rotation": [0, 0, -15]
			},
			{
				"name": "ReinsL",
				"parent": "Head",
				"pivot": [2, 30.5, -13.5],
				"rotation": [-35, 0, 0]
			},
			{
				"name": "ReinsR",
				"parent": "Head",
				"pivot": [-3, 30.5, -13.5],
				"rotation": [-35, 0, 0]
			},
			{
				"name": "Bridle",
				"parent": "Head",
				"pivot": [0, 17, -8]
			},
			{
				"name": "BitL",
				"parent": "Bridle",
				"pivot": [0, 17, -8]
			},
			{
				"name": "BitR",
				"parent": "Bridle",
				"pivot": [0, 17, -8]
			},
			{
				"name": "bone",
				"parent": "Head",
				"pivot": [0, 0, 0]
			},
			{
				"name": "Mane",
				"parent": "Neck",
				"pivot": [0, 17, -8]
			},
			{
				"name": "BagL",
				"parent": "Body",
				"pivot": [5, 21, 11],
				"rotation": [0, 90, 0]
			},
			{
				"name": "BagR",
				"parent": "Body",
				"pivot": [-5, 21, 11],
				"rotation": [0, -90, 0]
			},
			{
				"name": "Saddle",
				"parent": "Body",
				"pivot": [0, 22, 2]
			}
		]
	}
}