{
	"format_version": "1.12.0",
	"minecraft:geometry": [
		{
			"description": {
				"identifier": "geometry.ld.mushi",
				"texture_width": 128,
				"texture_height": 128,
				"visible_bounds_width": 3,
				"visible_bounds_height": 2.5,
				"visible_bounds_offset": [0, 0.75, 0]
			},
			"bones": [
				{
					"name": "root",
					"pivot": [0, -0.5, 0.5],
					"cubes": [
						{"origin": [-6, 3, -6], "size": [12, 12, 13], "uv": [0, 45]},
						{"origin": [-6, 3, -6], "size": [12, 12, 13], "inflate": 0.05, "uv": [74, 0]}
					]
				},
				{
					"name": "bag",
					"parent": "root",
					"pivot": [0, 0, 0],
					"cubes": [
						{"origin": [-5, 4, 7], "size": [10, 10, 9], "uv": [90, 109]},
						{"origin": [-4, 14, 11], "size": [8, 4, 4], "uv": [94, 101]}
					]
				},
				{
					"name": "leftArm",
					"parent": "root",
					"pivot": [-5, 9.5, 0.5],
					"cubes": [
						{"origin": [-9, 7, -2], "size": [4, 5, 5], "uv": [0, 0]}
					]
				},
				{
					"name": "rightItem",
					"parent": "leftArm",
					"pivot": [-9, 10, 0]
				},
				{
					"name": "rightArm",
					"parent": "root",
					"pivot": [5, 9.5, 0.5],
					"cubes": [
						{"origin": [5, 7, -2], "size": [4, 5, 5], "uv": [37, 45]}
					]
				},
				{
					"name": "leftitem",
					"parent": "rightArm",
					"pivot": [9, 10, 0]
				},
				{
					"name": "rightLeg",
					"parent": "root",
					"pivot": [3, 3, 0.5],
					"cubes": [
						{"origin": [1, 0, -2], "size": [4, 5, 5], "uv": [49, 25]}
					]
				},
				{
					"name": "leftLeg",
					"parent": "root",
					"pivot": [-3, 3, 0.5],
					"cubes": [
						{"origin": [-5, 0, -2], "size": [4, 5, 5], "uv": [50, 50]}
					]
				},
				{
					"name": "top",
					"parent": "root",
					"pivot": [0, 15, 0.5],
					"cubes": [
						{"origin": [-8, 21, -8], "size": [16, 3, 17], "uv": [0, 25]},
						{"origin": [-9, 15, -9], "size": [18, 6, 19], "uv": [0, 0]}
					]
				}
			]
		}
	]
}