{
	"format_version": "1.12.0",
	"minecraft:geometry": [
		{
			"description": {
				"identifier": "geometry.loadisk.seagull",
				"texture_width": 64,
				"texture_height": 64,
				"visible_bounds_width": 3,
				"visible_bounds_height": 2.5,
				"visible_bounds_offset": [0, 0.75, 0]
			},
			"bones": [
				{
					"name": "root",
					"pivot": [0, 0, 0]
				},
				{
					"name": "waist",
					"parent": "root",
					"pivot": [-0.5, 6, 1]
				},
				{
					"name": "body",
					"parent": "waist",
					"pivot": [0, 3, 1]
				},
				{
					"name": "neck",
					"parent": "body",
					"pivot": [0.00025, 5.52919, -2.35679],
					"cubes": [
						{"origin": [-1, 5.57507, -4.60391], "size": [2, 3, 4], "pivot": [0, 7.07507, -2.60391], "rotation": [-90, 0, 0], "uv": [0, 22]},
						{"origin": [-0.999, 4.01391, -3.66436], "size": [1.999, 2.12232, 2.12232], "inflate": -0.01, "pivot": [0.0005, 5.07507, -2.6032], "rotation": [-45, 0, 0], "uv": [8, 3]}
					]
				},
				{
					"name": "head",
					"parent": "neck",
					"pivot": [0, 8, -2.5],
					"cubes": [
						{"origin": [-2, 8, -6], "size": [4, 4, 5], "uv": [0, 13]},
						{"origin": [-1, 8.5, -8.5], "size": [2, 2, 3], "uv": [12, 23]}
					]
				},
				{
					"name": "left_wing",
					"parent": "body",
					"pivot": [2.5, 5.5, 0],
					"cubes": [
						{"origin": [1, 5, -2], "size": [6, 1, 4], "inflate": 0.01, "uv": [13, 13]},
						{"origin": [5.67506, 5.01, -1.02795], "size": [5, 1, 4], "inflate": -0.001, "pivot": [8.17506, 5.51, 0.97205], "rotation": [0, -30, 0], "uv": [14, 18]}
					]
				},
				{
					"name": "right_wing",
					"parent": "body",
					"pivot": [-2.5, 5.5, 0],
					"cubes": [
						{"origin": [-7, 5, -2], "size": [6, 1, 4], "inflate": 0.01, "uv": [13, 13], "mirror": true},
						{"origin": [-10.67506, 5.01, -1.02795], "size": [5, 1, 4], "inflate": -0.001, "pivot": [-8.17506, 5.51, 0.97205], "rotation": [0, 30, 0], "uv": [14, 18], "mirror": true}
					]
				},
				{
					"name": "tail",
					"parent": "body",
					"pivot": [-0.5, 4.5, 4],
					"cubes": [
						{"origin": [-2, 4, 4], "size": [4, 1, 5], "uv": [18, 0]}
					]
				},
				{
					"name": "chest",
					"parent": "body",
					"pivot": [0, 3, 1],
					"cubes": [
						{"origin": [-2.5, 3, -3], "size": [5, 5, 8], "inflate": 0.01, "uv": [0, 0]}
					]
				},
				{
					"name": "left_leg",
					"parent": "waist",
					"pivot": [1.5, 5, 1.5],
					"cubes": [
						{"origin": [0.5, 0, -1], "size": [2, 1, 3], "uv": [22, 23]},
						{"origin": [1, 1, 1], "size": [1, 4, 1], "uv": [0, 0]}
					]
				},
				{
					"name": "right_leg",
					"parent": "waist",
					"pivot": [-1.5, 5, 1.5],
					"cubes": [
						{"origin": [-2.5, 0, -1], "size": [2, 1, 3], "uv": [22, 23], "mirror": true},
						{"origin": [-2, 1, 1], "size": [1, 4, 1], "uv": [0, 0], "mirror": true}
					]
				}
			]
		}
	]
}