{
	"format_version": "1.12.0",
	"minecraft:geometry": [
		{
			"description": {
				"identifier": "geometry.loadisk.star",
				"texture_width": 16,
				"texture_height": 16,
				"visible_bounds_width": 3,
				"visible_bounds_height": 2.5,
				"visible_bounds_offset": [0, 0.75, 0]
			},
			"bones": [
				{
					"name": "star_root",
					"pivot": [0, 0, 9]
				},
				{
					"name": "star3",
					"parent": "star_root",
					"pivot": [0, 8, 9],
					"cubes": [
						{
							"origin": [-8, 0, 9],
							"size": [16, 16, 0],
							"uv": {
								"north": {"uv": [0, 0], "uv_size": [16, 16]}
							}
						}
					]
				},
				{
					"name": "star2",
					"parent": "star_root",
					"pivot": [0, 8, 9],
					"cubes": [
						{
							"origin": [-8, 0, 9],
							"size": [16, 16, 0],
							"uv": {
								"north": {"uv": [0, 0], "uv_size": [16, 16]}
							}
						}
					]
				},
				{
					"name": "star1",
					"parent": "star_root",
					"pivot": [0, 8, 9],
					"cubes": [
						{
							"origin": [-8, 0, 9],
							"size": [16, 16, 0],
							"uv": {
								"north": {"uv": [0, 0], "uv_size": [16, 16]}
							}
						}
					]
				},
				{
					"name": "star0",
					"parent": "star_root",
					"pivot": [0, 8, 9],
					"cubes": [
						{
							"origin": [-8, 0, 9],
							"size": [16, 16, 0],
							"uv": {
								"north": {"uv": [0, 0], "uv_size": [16, 16]}
							}
						}
					]
				}
			]
		}
	]
}