{
	"format_version": "1.12.0",
	"minecraft:geometry": [
		{
			"description": {
				"identifier": "geometry.loadisk.wild_cat",
				"texture_width": 64,
				"texture_height": 64,
				"visible_bounds_width": 4,
				"visible_bounds_height": 3,
				"visible_bounds_offset": [0, 0.5, 0]
			},
			"bones": [
				{
					"name": "root",
					"pivot": [-0.5, -1, 0]
				},
				{
					"name": "hip",
					"parent": "root",
					"pivot": [0, 14.525, -1.325]
				},
				{
					"name": "body",
					"parent": "hip",
					"pivot": [0, 11.191, -1.51317]
				},
				{
					"name": "waist",
					"parent": "body",
					"pivot": [0, 13.25, -1],
					"cubes": [
						{"origin": [-3, 7.8, -3], "size": [6, 7, 11], "pivot": [0.5, 10.75, 3.5], "rotation": [2.5, 0, 0], "uv": [0, 0]}
					]
				},
				{
					"name": "saddle0",
					"parent": "waist",
					"pivot": [0, 13.25, -1],
					"cubes": [
						{"origin": [-3, 7.8, -3], "size": [6, 7, 11], "inflate": 0.05, "pivot": [0.5, 10.75, 3.5], "rotation": [2.5, 0, 0], "uv": [30, 31]}
					]
				},
				{
					"name": "leg1",
					"parent": "waist",
					"pivot": [-3.525, 11.775, 6.25],
					"cubes": [
						{"origin": [-4.5, 5.80096, 3.34112], "size": [2, 6, 4], "uv": [22, 29], "mirror": true}
					]
				},
				{
					"name": "knee1",
					"parent": "leg1",
					"pivot": [-3.5, 5.81807, 6.08007],
					"cubes": [
						{"origin": [-4.5, -0.05996, 4.94099], "size": [2, 7, 2], "inflate": -0.02, "uv": [14, 33], "mirror": true}
					]
				},
				{
					"name": "leg4",
					"parent": "waist",
					"pivot": [3.5, 11.8, 6.25],
					"cubes": [
						{"origin": [2.5, 5.80096, 3.34112], "size": [2, 6, 4], "uv": [22, 29]}
					]
				},
				{
					"name": "knee4",
					"parent": "leg4",
					"pivot": [3.5, 5.81807, 6.08007],
					"cubes": [
						{"origin": [2.5, -0.05996, 4.94099], "size": [2, 7, 2], "inflate": -0.02, "uv": [14, 33]}
					]
				},
				{
					"name": "tail",
					"parent": "waist",
					"pivot": [0.25, 13.09672, 6.68243],
					"cubes": [
						{"origin": [-1, 12.19343, 6.86486], "size": [2, 2, 5], "inflate": 0.02, "uv": [34, 10]}
					]
				},
				{
					"name": "tail2",
					"parent": "tail",
					"pivot": [0, 13.19343, 11.86486],
					"cubes": [
						{"origin": [-1, 12.19343, 11.86486], "size": [2, 2, 5], "uv": [33, 24]}
					]
				},
				{
					"name": "tail_fringe",
					"parent": "tail2",
					"pivot": [0, 0, 0],
					"cubes": [
						{"origin": [0, 10.7, 15.86486], "size": [0, 5, 5], "uv": [0, 28]},
						{"origin": [0, 10.7, 15.86486], "size": [0, 5, 5], "pivot": [0, 13.2, 18.36486], "rotation": [0, 0, 90], "uv": [0, 28]}
					]
				},
				{
					"name": "tail3",
					"parent": "tail2",
					"pivot": [0, 13.21843, 16.86486],
					"cubes": [
						{"origin": [-1, 12.19343, 16.86486], "size": [2, 2, 5], "inflate": 0.02, "uv": [0, 33]}
					]
				},
				{
					"name": "torso",
					"parent": "body",
					"pivot": [0, 12.25, -1],
					"cubes": [
						{"origin": [-3, 7.25, -8], "size": [6, 8, 7], "inflate": 0.02, "pivot": [1, 11.25, -5], "rotation": [-8.5, 0, 0], "uv": [0, 18]}
					]
				},
				{
					"name": "saddle1",
					"parent": "torso",
					"pivot": [0, 12.25, -1],
					"cubes": [
						{"origin": [-3, 7.25, -8], "size": [6, 8, 7], "inflate": 0.05, "pivot": [1, 11.25, -5], "rotation": [-8.5, 0, 0], "uv": [30, 49]}
					]
				},
				{
					"name": "head",
					"parent": "torso",
					"pivot": [-0.25, 13.75, -7.5],
					"cubes": [
						{"origin": [-2.5, 11, -12.25], "size": [5, 5, 5], "uv": [23, 0]},
						{"origin": [-1.5, 11, -13.875], "size": [3, 3, 2], "inflate": 0.01, "uv": [34, 17]}
					]
				},
				{
					"name": "mane",
					"parent": "head",
					"pivot": [0, 0, 0],
					"cubes": [
						{"origin": [-4.5, 9.5, -9.25], "size": [9, 9, 3], "inflate": -0.02, "uv": [0, 42]}
					]
				},
				{
					"name": "ear2",
					"parent": "head",
					"pivot": [-1.65, 15.35, -9.5],
					"cubes": [
						{"origin": [-2.375, 15.1, -10.025], "size": [1, 2, 1], "pivot": [-1.3, 16.1, -9.525], "rotation": [0, 0, -27.5], "uv": [7, 8], "mirror": true},
						{"origin": [-3.075, 15.3, -10], "size": [2, 2, 1], "pivot": [-2, 16.3, -9.5], "rotation": [0, 0, -27.5], "uv": [19, 18]}
					]
				},
				{
					"name": "ear1",
					"parent": "head",
					"pivot": [1.65, 15.425, -9.525],
					"cubes": [
						{"origin": [1.075, 15.3, -10], "size": [2, 2, 1], "pivot": [2, 16.3, -9.5], "rotation": [0, 0, 27.5], "uv": [0, 18]},
						{"origin": [1.375, 15.1, -10.025], "size": [1, 2, 1], "pivot": [1.3, 16.1, -9.525], "rotation": [0, 0, 27.5], "uv": [7, 8]}
					]
				},
				{
					"name": "leg2",
					"parent": "torso",
					"pivot": [3.525, 11.825, -4.5],
					"cubes": [
						{"origin": [2.5, 5.79881, -6.37625], "size": [2, 7, 3], "uv": [26, 18]}
					]
				},
				{
					"name": "knee2",
					"parent": "leg2",
					"pivot": [3.5, 5.82448, -4.76783],
					"cubes": [
						{"origin": [2.5, -0.04499, -5.77639], "size": [2, 7, 2], "inflate": -0.02, "uv": [0, 0]}
					]
				},
				{
					"name": "leg3",
					"parent": "torso",
					"pivot": [-3.525, 11.825, -4.5],
					"cubes": [
						{"origin": [-4.5, 5.79881, -6.37625], "size": [2, 7, 3], "uv": [26, 18], "mirror": true}
					]
				},
				{
					"name": "knee3",
					"parent": "leg3",
					"pivot": [-3.5, 5.82448, -4.76783],
					"cubes": [
						{"origin": [-4.5, -0.04499, -5.77639], "size": [2, 7, 2], "inflate": -0.02, "uv": [0, 0], "mirror": true}
					]
				}
			]
		}
	]
}