{
	"format_version": "1.10.0",
	"geometry.loadisk.wyvern": {
		"texturewidth": 128,
		"textureheight": 128,
		"visible_bounds_width": 8,
		"visible_bounds_height": 3.5,
		"visible_bounds_offset": [0, 0.25, 0],
		"bones": [
			{
				"name": "root",
				"pivot": [0, 9.625, 0]
			},
			{
				"name": "body",
				"parent": "root",
				"pivot": [0, 13.625, 0]
			},
			{
				"name": "waist",
				"parent": "body",
				"pivot": [0, 11.5, 7],
				"cubes": [
					{"origin": [-3, 9.625, 1], "size": [6, 6, 8], "uv": [52, 1]}
				]
			},
			{
				"name": "tail",
				"parent": "waist",
				"pivot": [0, 13.625, 7],
				"cubes": [
					{"origin": [-2, 11.125, 7], "size": [4, 4, 9], "uv": [51, 17]},
					{"origin": [2, 13.125, 11], "size": [1, 0, 5], "uv": [95, 0]},
					{"origin": [-3, 13.125, 11], "size": [1, 0, 5], "uv": [95, 0], "mirror": true}
				]
			},
			{
				"name": "tail2",
				"parent": "tail",
				"pivot": [0, 13.125, 16],
				"cubes": [
					{"origin": [-1.5, 11.625, 15], "size": [3, 3, 7], "uv": [68, 15]},
					{"origin": [-3.5, 13.125, 16], "size": [2, 0, 6], "uv": [93, 5], "mirror": true},
					{"origin": [1.5, 13.125, 16], "size": [2, 0, 6], "uv": [93, 5]}
				]
			},
			{
				"name": "tail3",
				"parent": "tail2",
				"pivot": [0, 13.125, 22],
				"cubes": [
					{"origin": [-1, 12.125, 21], "size": [2, 2, 7], "uv": [72, 0]},
					{"origin": [-5, 13.125, 22], "size": [4, 0, 6], "uv": [91, 11], "mirror": true},
					{"origin": [1, 13.125, 22], "size": [4, 0, 6], "uv": [91, 11]}
				]
			},
			{
				"name": "tail4",
				"parent": "tail3",
				"pivot": [0, 13.125, 28],
				"cubes": [
					{"origin": [-0.5, 12.625, 27], "size": [1, 1, 7], "uv": [81, 9]},
					{"origin": [0.5, 13.125, 28], "size": [6, 0, 6], "uv": [89, 17]},
					{"origin": [-6.5, 13.125, 28], "size": [6, 0, 6], "uv": [89, 17], "mirror": true}
				]
			},
			{
				"name": "tail5",
				"parent": "tail4",
				"pivot": [0, 13.125, 34],
				"cubes": [
					{"origin": [-6.5, 13.125, 34], "size": [6, 0, 5], "uv": [90, 23], "mirror": true},
					{"origin": [0.5, 13.125, 34], "size": [6, 0, 5], "uv": [90, 23]}
				]
			},
			{
				"name": "tail6",
				"parent": "tail5",
				"pivot": [0, 13.125, 39],
				"cubes": [
					{"origin": [-6.5, 13.125, 39], "size": [6, 0, 4], "uv": [91, 28], "mirror": true},
					{"origin": [0.5, 13.125, 39], "size": [6, 0, 4], "uv": [91, 28]}
				]
			},
			{
				"name": "chest",
				"parent": "waist",
				"pivot": [0, 16.075, 3],
				"cubes": [
					{"origin": [-4, 9.075, -5], "size": [8, 7, 8], "uv": [28, 11]}
				]
			},
			{
				"name": "neck",
				"parent": "chest",
				"pivot": [0, 16.075, -4],
				"cubes": [
					{"origin": [-3, 10.075, -7], "size": [6, 6, 3], "uv": [39, 0], "inflate": -0.001}
				]
			},
			{
				"name": "neck2",
				"parent": "neck",
				"pivot": [0, 16.075, -7],
				"cubes": [
					{"origin": [-2, 11.075, -10], "size": [4, 5, 3], "uv": [22, 11]},
					{"origin": [-2, 12.075, -11], "size": [4, 3.5, 1], "uv": [3, 38]}
				]
			},
			{
				"name": "head",
				"parent": "neck2",
				"pivot": [0, 13.85, -8.95],
				"cubes": [
					{"origin": [-3, 10.9089, -13.93727], "size": [6, 6, 5], "uv": [0, 12], "inflate": 0.001}
				]
			},
			{
				"name": "m",
				"parent": "head",
				"pivot": [0, 16.9089, -10.93727],
				"rotation": [30, 0, 0],
				"cubes": [
					{"origin": [-1, 15.9089, -10.93727], "size": [2, 1, 4], "uv": [25, 6]}
				]
			},
			{
				"name": "m1",
				"parent": "m",
				"pivot": [0, 16.4089, -7.93727],
				"rotation": [20, 0, 0],
				"cubes": [
					{"origin": [-1.5, 16.4089, -7.93727], "size": [3, 0, 4], "uv": [29, 4]}
				]
			},
			{
				"name": "r",
				"parent": "head",
				"pivot": [-1, 16.9089, -10.93727],
				"rotation": [30, -10, -25],
				"cubes": [
					{"origin": [-3, 15.9089, -10.93727], "size": [2, 1, 4], "uv": [25, 6], "mirror": true}
				]
			},
			{
				"name": "r1",
				"parent": "r",
				"pivot": [-2, 16.4089, -7.93727],
				"rotation": [20, 0, 0],
				"cubes": [
					{"origin": [-3.5, 16.4089, -7.93727], "size": [3, 0, 4], "uv": [29, 4]}
				]
			},
			{
				"name": "l",
				"parent": "head",
				"pivot": [1, 16.9089, -10.93727],
				"rotation": [30, 10, 25],
				"cubes": [
					{"origin": [1, 15.9089, -10.93727], "size": [2, 1, 4], "uv": [25, 6]}
				]
			},
			{
				"name": "l1",
				"parent": "l",
				"pivot": [2, 16.4089, -7.93727],
				"rotation": [20, 0, 0],
				"cubes": [
					{"origin": [0.5, 16.4089, -7.93727], "size": [3, 0, 4], "uv": [29, 4]}
				]
			},
			{
				"name": "beak",
				"parent": "head",
				"pivot": [0, 16.4089, -13.93727],
				"rotation": [10, 0, 0],
				"cubes": [
					{"origin": [-2.5, 13.4089, -17.93727], "size": [5, 3, 4], "uv": [0, 0]}
				]
			},
			{
				"name": "beak1",
				"parent": "beak",
				"pivot": [0, 16.4089, -17.93727],
				"rotation": [45, 0, 0],
				"cubes": [
					{"origin": [-2, 14.4089, -19.93727], "size": [4, 2, 2], "uv": [14, 0]}
				]
			},
			{
				"name": "beak2",
				"parent": "beak1",
				"pivot": [0, 16.4089, -19.93727],
				"rotation": [65, 0, 0],
				"cubes": [
					{"origin": [-2, 14.4089, -21.93727], "size": [4, 2, 2], "uv": [26, 0]}
				]
			},
			{
				"name": "jaw",
				"parent": "head",
				"pivot": [0, 13.4089, -13.93727],
				"rotation": [5, 0, 0],
				"cubes": [
					{"origin": [-2, 11.4089, -16.93727], "size": [4, 2, 3], "uv": [0, 7]}
				]
			},
			{
				"name": "jaw1",
				"parent": "jaw",
				"pivot": [0, 11.4089, -16.93727],
				"rotation": [-50, 0, 0],
				"cubes": [
					{"origin": [-1.5, 11.4089, -17.93727], "size": [3, 1, 1], "uv": [18, 4]}
				]
			},
			{
				"name": "jaw2",
				"parent": "jaw1",
				"pivot": [0, 11.4089, -17.93727],
				"rotation": [-25, 0, 0],
				"cubes": [
					{"origin": [-1.5, 11.4089, -18.93727], "size": [3, 1, 1], "uv": [11, 7]}
				]
			},
			{
				"name": "l_eyebrow1",
				"parent": "head",
				"pivot": [3, 15.4089, -13.93727],
				"rotation": [25, 10, 0],
				"cubes": [
					{"origin": [2.25, 15.4089, -14.18727], "size": [1, 2, 4], "uv": [15, 6]}
				]
			},
			{
				"name": "l_eyebrow2",
				"parent": "l_eyebrow1",
				"pivot": [3.25, 17.4089, -10.18727],
				"rotation": [-75, 0, 0],
				"cubes": [
					{"origin": [2.25, 16.4089, -10.18727], "size": [1, 1, 3], "uv": [21, 6]}
				]
			},
			{
				"name": "r_eyebrow1",
				"parent": "head",
				"pivot": [-3, 15.4089, -13.93727],
				"rotation": [25, -10, 0],
				"cubes": [
					{"origin": [-3.25, 15.4089, -14.18727], "size": [1, 2, 4], "uv": [15, 6]}
				]
			},
			{
				"name": "r_eyebrow2",
				"parent": "r_eyebrow1",
				"pivot": [-2.75, 17.4089, -10.18727],
				"rotation": [-75, 0, 0],
				"cubes": [
					{"origin": [-3.25, 16.4089, -10.18727], "size": [1, 1, 3], "uv": [21, 6]}
				]
			},
			{
				"name": "left_shoulder",
				"parent": "chest",
				"pivot": [4, 16.075, -2],
				"cubes": [
					{"origin": [4, 14.575, -3.5], "size": [12, 3, 3], "uv": [19, 33]}
				]
			},
			{
				"name": "l_shoulderblade",
				"parent": "left_shoulder",
				"pivot": [4, 16.075, -2],
				"rotation": [0, 0, 45],
				"cubes": [
					{"origin": [2, 14.075, -4], "size": [4, 4, 4], "uv": [0, 34]}
				]
			},
			{
				"name": "left_arm",
				"parent": "left_shoulder",
				"pivot": [16, 16.075, -0.5],
				"rotation": [0, 45, 0],
				"cubes": [
					{"origin": [16, 15.075, -2.5], "size": [14, 2, 2], "uv": [46, 30]}
				]
			},
			{
				"name": "left_wing",
				"parent": "left_arm",
				"pivot": [30, 16.075, -2.5],
				"rotation": [0, -50, 0],
				"cubes": [
					{"origin": [14, 16.075, -2.5], "size": [16, 0, 18], "uv": [0, 66]}
				]
			},
			{
				"name": "l_forearm_joint",
				"parent": "left_arm",
				"pivot": [30, 16.075, -2.5],
				"rotation": [0, -50, 0]
			},
			{
				"name": "l_forearm",
				"parent": "l_forearm_joint",
				"pivot": [30, 16.075, -2.5],
				"cubes": [
					{"origin": [30, 15.075, -2.5], "size": [15, 2, 2], "uv": [14, 40]},
					{"origin": [32, 16.075, -4.5], "size": [14, 0, 2], "uv": [38, 44]}
				]
			},
			{
				"name": "l_hand",
				"parent": "l_forearm",
				"pivot": [30, 16.075, -2.5],
				"rotation": [0, 20, -20],
				"cubes": [
					{"origin": [28.5, 14.575, -4], "size": [3, 3, 4], "uv": [46, 35]}
				]
			},
			{
				"name": "l_hand1",
				"parent": "l_hand",
				"pivot": [30, 16.075, -4],
				"rotation": [15, 0, 0],
				"cubes": [
					{"origin": [29, 15.075, -7], "size": [2, 2, 4], "uv": [60, 34]}
				]
			},
			{
				"name": "l_hand2",
				"parent": "l_hand1",
				"pivot": [29, 16.075, -7],
				"rotation": [15, 0, 0],
				"cubes": [
					{"origin": [29.5, 15.575, -9], "size": [1, 1, 3], "uv": [56, 34]}
				]
			},
			{
				"name": "l_forarm1",
				"parent": "l_forearm",
				"pivot": [45, 16.075, -2.5],
				"rotation": [0, -15, 0],
				"cubes": [
					{"origin": [45, 15.075, -2.5], "size": [8, 2, 2], "uv": [0, 44]},
					{"origin": [45, 16.075, -3.5], "size": [8, 0, 1], "uv": [48, 42]}
				]
			},
			{
				"name": "l_forarm2",
				"parent": "l_forarm1",
				"pivot": [53, 16.075, -1.25],
				"rotation": [0, -11, 0],
				"cubes": [
					{"origin": [52, 15.575, -1.75], "size": [9, 1, 1], "uv": [18, 44]}
				]
			},
			{
				"name": "l_wing2",
				"parent": "l_forearm",
				"pivot": [30, 16.075, -2.5],
				"cubes": [
					{"origin": [30, 16.075, -2.5], "size": [29, 0, 18], "uv": [0, 48]}
				]
			},
			{
				"name": "right_shoulder",
				"parent": "chest",
				"pivot": [-4, 16.075, -2],
				"cubes": [
					{"origin": [-16, 14.575, -3.5], "size": [12, 3, 3], "uv": [19, 33], "mirror": true}
				]
			},
			{
				"name": "r_shoulderblade",
				"parent": "right_shoulder",
				"pivot": [-4, 16.075, -2],
				"rotation": [0, 0, -45],
				"cubes": [
					{"origin": [-6, 14.075, -4], "size": [4, 4, 4], "uv": [0, 34], "mirror": true}
				]
			},
			{
				"name": "right_arm",
				"parent": "right_shoulder",
				"pivot": [-16, 16.075, -0.5],
				"rotation": [0, -45, 0],
				"cubes": [
					{"origin": [-30, 15.075, -2.5], "size": [14, 2, 2], "uv": [46, 30], "mirror": true}
				]
			},
			{
				"name": "right_wing",
				"parent": "right_arm",
				"pivot": [-30, 16.075, -2.5],
				"rotation": [0, 50, 0],
				"cubes": [
					{"origin": [-30, 16.075, -2.5], "size": [16, 0, 18], "uv": [0, 66], "mirror": true}
				]
			},
			{
				"name": "r_forearm_joint",
				"parent": "right_arm",
				"pivot": [-30, 16.075, -2.5],
				"rotation": [0, 50, 0]
			},
			{
				"name": "r_forearm",
				"parent": "r_forearm_joint",
				"pivot": [-30, 16.075, -2.5],
				"cubes": [
					{"origin": [-45, 15.075, -2.5], "size": [15, 2, 2], "uv": [14, 40], "mirror": true},
					{"origin": [-46, 16.075, -4.5], "size": [14, 0, 2], "uv": [38, 44], "mirror": true}
				]
			},
			{
				"name": "r_hand",
				"parent": "r_forearm",
				"pivot": [-30, 16.075, -2.5],
				"rotation": [0, -20, 20],
				"cubes": [
					{"origin": [-31.5, 14.575, -4], "size": [3, 3, 4], "uv": [46, 35], "mirror": true}
				]
			},
			{
				"name": "r_hand1",
				"parent": "r_hand",
				"pivot": [-30, 16.075, -4],
				"rotation": [15, 0, 0],
				"cubes": [
					{"origin": [-31, 15.075, -7], "size": [2, 2, 4], "uv": [60, 34], "mirror": true}
				]
			},
			{
				"name": "r_hand2",
				"parent": "r_hand1",
				"pivot": [-29, 16.075, -7],
				"rotation": [15, 0, 0],
				"cubes": [
					{"origin": [-30.5, 15.575, -9], "size": [1, 1, 3], "uv": [56, 34], "mirror": true}
				]
			},
			{
				"name": "r_forarm",
				"parent": "r_forearm",
				"pivot": [-45, 16.075, -2.5],
				"rotation": [0, 15, 0],
				"cubes": [
					{"origin": [-53, 15.075, -2.5], "size": [8, 2, 2], "uv": [0, 44], "mirror": true},
					{"origin": [-53, 16.075, -3.5], "size": [8, 0, 1], "uv": [48, 42], "mirror": true}
				]
			},
			{
				"name": "r_forarm1",
				"parent": "r_forarm",
				"pivot": [-53, 16.075, -1.5],
				"rotation": [0, 15, 0],
				"cubes": [
					{"origin": [-61, 15.575, -2], "size": [9, 1, 1], "uv": [18, 44], "mirror": true}
				]
			},
			{
				"name": "r_wing2",
				"parent": "r_forearm",
				"pivot": [-30, 16.075, -2.5],
				"cubes": [
					{"origin": [-59, 16.075, -2.5], "size": [29, 0, 18], "uv": [0, 48], "mirror": true}
				]
			},
			{
				"name": "left_hip",
				"parent": "body",
				"pivot": [3, 10.625, 6]
			},
			{
				"name": "left_thigh",
				"parent": "left_hip",
				"pivot": [3, 10.625, 6],
				"rotation": [-30, -10, 0],
				"cubes": [
					{"origin": [2, 5.625, 4], "size": [3, 7, 4], "uv": [0, 23]},
					{"origin": [2, 5.625, 8], "size": [3, 3, 2], "uv": [14, 23]}
				]
			},
			{
				"name": "left_leg",
				"parent": "left_thigh",
				"pivot": [3.5, 5.625, 10],
				"rotation": [-15, 0, 0],
				"cubes": [
					{"origin": [2.5, -0.375, 8], "size": [2, 6, 2], "uv": [14, 28]}
				]
			},
			{
				"name": "left_foot",
				"parent": "left_leg",
				"pivot": [3.5, -0.375, 10],
				"rotation": [-45, 0, 0]
			},
			{
				"name": "lm_toe",
				"parent": "left_foot",
				"pivot": [3.5, -0.375, 10],
				"rotation": [-8, 0, 0],
				"cubes": [
					{"origin": [2.5, -4.375, 8], "size": [2, 4, 2], "uv": [22, 26]},
					{"origin": [3.5, -7.375, 8], "size": [0, 3, 3], "uv": [38, 23]}
				]
			},
			{
				"name": "ll_toe",
				"parent": "left_foot",
				"pivot": [4.5, -0.375, 10],
				"rotation": [0, 0, -35],
				"cubes": [
					{"origin": [2.5, -3.375, 8], "size": [2, 3, 2], "uv": [30, 26]},
					{"origin": [3.5, -5.375, 8], "size": [0, 2, 2], "uv": [44, 24]}
				]
			},
			{
				"name": "lr_toe",
				"parent": "left_foot",
				"pivot": [2.5, -0.375, 10],
				"rotation": [0, 0, 35],
				"cubes": [
					{"origin": [2.5, -3.375, 8], "size": [2, 3, 2], "uv": [30, 26], "mirror": true},
					{"origin": [3.5, -5.375, 8], "size": [0, 2, 2], "uv": [44, 24]}
				]
			},
			{
				"name": "right_hip",
				"parent": "body",
				"pivot": [-3, 10.625, 6]
			},
			{
				"name": "right_thigh",
				"parent": "right_hip",
				"pivot": [-3, 10.625, 6],
				"rotation": [-30, 10, 0],
				"cubes": [
					{"origin": [-5, 5.625, 4], "size": [3, 7, 4], "uv": [0, 23], "mirror": true},
					{"origin": [-5, 5.625, 8], "size": [3, 3, 2], "uv": [14, 23], "mirror": true}
				]
			},
			{
				"name": "right_leg",
				"parent": "right_thigh",
				"pivot": [-3.5, 5.625, 10],
				"rotation": [-15, 0, 0],
				"cubes": [
					{"origin": [-4.5, -0.375, 8], "size": [2, 6, 2], "uv": [14, 28], "mirror": true}
				]
			},
			{
				"name": "right_foot",
				"parent": "right_leg",
				"pivot": [-3.5, -0.375, 10],
				"rotation": [-45, 0, 0]
			},
			{
				"name": "rm_toe",
				"parent": "right_foot",
				"pivot": [-3.5, -0.375, 10],
				"rotation": [-8, 0, 0],
				"cubes": [
					{"origin": [-4.5, -4.375, 8], "size": [2, 4, 2], "uv": [22, 26], "mirror": true},
					{"origin": [-3.5, -7.375, 8], "size": [0, 3, 3], "uv": [38, 23]}
				]
			},
			{
				"name": "rl_toe",
				"parent": "right_foot",
				"pivot": [-2.5, -0.375, 10],
				"rotation": [0, 0, -35],
				"cubes": [
					{"origin": [-4.5, -3.375, 8], "size": [2, 3, 2], "uv": [30, 26]},
					{"origin": [-3.5, -5.375, 8], "size": [0, 2, 2], "uv": [44, 24]}
				]
			},
			{
				"name": "rr_toe",
				"parent": "right_foot",
				"pivot": [-4.5, -0.375, 10],
				"rotation": [0, 0, 35],
				"cubes": [
					{"origin": [-4.5, -3.375, 8], "size": [2, 3, 2], "uv": [30, 26], "mirror": true},
					{"origin": [-3.5, -5.375, 8], "size": [0, 2, 2], "uv": [44, 24]}
				]
			}
		]
	}
}