{
  "format_version": "1.19.50",
  "minecraft:client_entity": {
    "description": {
      "identifier": "loadisk:bear",
      "materials": {
        "default": "horse_leather_armor"
      },
      "textures": {
        "polar": "textures/entity/polarbear",
        "black": "textures/entity/bear/black",
        "brown": "textures/entity/bear/brown",
        "saddle": "textures/entity/bear/saddle",
        "armor_none": "textures/entity/horse2/armor/horse_armor_none",
        "armor_leather": "textures/entity/bear/gear/bear_leather_armor",
        "armor_iron": "textures/entity/bear/gear/bear_iron_armor",
        "armor_gold": "textures/entity/bear/gear/bear_gold_armor",
        "armor_diamond": "textures/entity/bear/gear/bear_diamond_armor"
      },
      "geometry": {
        "default": "geometry.loadisk.bear"
      },
      "animations": {
        "move.c": "controller.animation.polarbear.move",
        "baby.c": "controller.animation.polarbear.baby",
        "walk": "animation.quadruped.walk",
        "move": "animation.polarbear.move",
        "look_at_target": "animation.common.look_at_target",
        "baby_transform": "animation.polarbear.baby_transform",
        "sit": "animation.loadisk.bear.sit"
      },
      "scripts": {
        "scale": "1.2",
        "pre_animation": ["v.armor_type = q.property('ld:armor_type');"],
				"animate": ["move.c","baby.c", {"sit": "q.is_sitting"}]
      },
      "render_controllers": [
        "controller.render.loadisk.bear"//,
        //"controller.render.loadisk.bear.saddle"
      ],
      "spawn_egg": {
        "texture": "spawn_egg",
        "texture_index": 37
      }
    }
  }
}