{
	"format_version": "1.19.50",
	"minecraft:client_entity": {
		"description": {
			"identifier": "loadisk:camel",
			"materials": {
				"default": "horse_leather_armor"
			},
			"textures": {
        "camel_brown00": "textures/entity/camel/camel_brown",
        "camel_brown01": "textures/entity/camel/camel_brown",
        "camel_creamy00": "textures/entity/camel/camel_creamy",
        "camel_creamy01": "textures/entity/camel/camel_creamy",

        "armor_none": "textures/entity/horse2/armor/horse_armor_none",
        "armor_leather": "textures/entity/camel/gear/camel_armor_leather",
        "armor_iron": "textures/entity/camel/gear/camel_armor_iron",
        "armor_gold": "textures/entity/camel/gear/camel_armor_gold",
        "armor_diamond": "textures/entity/camel/gear/camel_armor_diamond",

        "gear_default": "textures/entity/camel/gear/default",
        "gear_aqua": "textures/entity/camel/gear/aqua",
        "gear_black": "textures/entity/camel/gear/black",
        "gear_blue": "textures/entity/camel/gear/blue",
        "gear_brown": "textures/entity/camel/gear/brown",
        "gear_dark_aqua": "textures/entity/camel/gear/dark_aqua",
        "gear_dark_blue": "textures/entity/camel/gear/dark_blue",
        "gear_dark_green": "textures/entity/camel/gear/dark_green",
        "gear_dark_red": "textures/entity/camel/gear/dark_red",
        "gear_gold": "textures/entity/camel/gear/gold",
        "gear_gray": "textures/entity/camel/gear/dark_gray",
        "gear_green": "textures/entity/camel/gear/lime",
        "gear_light_gray": "textures/entity/camel/gear/light_gray",
        "gear_light_purple": "textures/entity/camel/gear/light_purple",
        "gear_purple": "textures/entity/camel/gear/purple",
        "gear_red": "textures/entity/camel/gear/red",
        "gear_white": "textures/entity/camel/gear/white",
        "gear_yellow": "textures/entity/camel/gear/yellow"
			},
			"geometry": {
				"default": "geometry.loadisk.camel"
			},
      "scripts": {
        "scale": "1.187",
        "initialize": [
          "v.random = math.random_integer(0, 1);"
        ],
        "pre_animation": [
          "v.random = v.random;",
          "v.armor_texture_slot = q.armor_texture_slot(1);",
          "v.gear_texture_slot = q.variant;",
          "v.skin_texture_slot = q.skin_id;",
          "v.armor_type = q.property('ld:armor_type');"
        ],
				"animate": ["move","baby", {"sit": "q.is_sitting"}]
      },
			"animations": {
        "setup.one_hump": "animation.loadisk.camel.setup.one_hump",
        "setup.two_hump": "animation.loadisk.camel.setup.two_hump",
        "walk": "animation.quadruped.walk",
        "look_at_target": "animation.common.look_at_target",
        "baby_transform": "animation.loadisk.camel.baby_transform",
        "idle": "animation.loadisk.camel.idle",
        "move": "controller.animation.loadisk.camel.move",
        "baby": "controller.animation.loadisk.camel.baby",
        "sit": "animation.loadisk.camel.sit"
			},
			"spawn_egg": {
				"overlay_color": "#57693f",
				"base_color": "#5a346c"
			},
			"render_controllers": [
				"controller.render.loadisk.camel"
			]
		}
	}
}