{
  "format_version": "1.10.0",
  "minecraft:client_entity": {
    "description": {
      "identifier": "loadisk:deer",
      "materials": {"default": "horse_leather_armor"},
      "textures": {
        "default_buck": "textures/entity/deer/default_buck",
        "default_doe": "textures/entity/deer/default_doe",
        "rein_buck": "textures/entity/deer/rein_buck",
        "rein_doe": "textures/entity/deer/rein_doe",
        "spotted_buck": "textures/entity/deer/spotted_buck",
        "spotted_doe": "textures/entity/deer/spotted_doe",
        "whitetail_buck": "textures/entity/deer/whitetail_buck",
        "whitetail_doe": "textures/entity/deer/whitetail_doe",
        "mythic_green": "textures/entity/deer/mythic_green",
        "mythic_red": "textures/entity/deer/mythic_red",
        "mythic_blue": "textures/entity/deer/mythic_blue",

        "armor_none": "textures/entity/horse2/armor/horse_armor_none",
        "armor_leather": "textures/entity/deer/gear/deer_armor_leather",
        "armor_iron": "textures/entity/deer/gear/deer_armor_iron",
        "armor_gold": "textures/entity/deer/gear/deer_armor_gold",
        "armor_diamond": "textures/entity/deer/gear/deer_armor_diamond"
      },
      "geometry": {"default": "geometry.loadisk.deer"},
      "animations": {
        "sit": "animation.loadisk.deer.sit",
        "idle": "animation.loadisk.deer.idle",
        "move": "animation.loadisk.deer.move",
        "graze": "animation.loadisk.deer.graze",
        "escape": "animation.loadisk.deer.escape",
        "attack": "animation.loadisk.deer.attack",
        "baby_transform": "animation.loadisk.deer.baby_transform",
        "look_at_target": "animation.common.look_at_target",
        "root": "controller.animation.loadisk.deer"
      },
      "scripts": {
        "scale": "1.4",
        "pre_animation": [
          "v.armor_type = q.property('ld:armor_type');"
        ],
        "animate": [
          {"baby_transform": "q.is_baby" },
          "root","look_at_target","attack"
        ]
      },
      "render_controllers": [ "controller.render.loadisk.deer"],
      "spawn_egg": {"texture": "spawn_egg","texture_index": 31}
    }
  }
}