{
  "format_version": "1.10.0",
  "minecraft:client_entity": {
    "description": {
      "identifier": "minecraft:donkey",
      "min_engine_version": "1.17.10",
      "materials": {
        "default": "horse_leather_armor"
      },
      "textures": {
        "base_donkey00": "textures/entity/horse2/donkey/donkey00",
        "base_donkey01": "textures/entity/horse2/donkey/donkey01",
        "base_donkey02": "textures/entity/horse2/donkey/donkey02",
        "base_donkey03": "textures/entity/horse2/donkey/donkey03",

        "armor_none": "textures/entity/horse2/armor/horse_armor_none",
        "armor_leather": "textures/entity/horse2/armor/horse_armor_leather",
        "armor_iron": "textures/entity/horse2/armor/horse_armor_iron",
        "armor_gold": "textures/entity/horse2/armor/horse_armor_gold",
        "armor_diamond": "textures/entity/horse2/armor/horse_armor_diamond",

        "gear_default": "textures/entity/horse2/gear/default",
        "gear_aqua": "textures/entity/horse2/gear/aqua",
        "gear_black": "textures/entity/horse2/gear/black",
        "gear_blue": "textures/entity/horse2/gear/blue",
        "gear_brown": "textures/entity/horse2/gear/brown",
        "gear_dark_aqua": "textures/entity/horse2/gear/dark_aqua",
        "gear_dark_blue": "textures/entity/horse2/gear/dark_blue",
        "gear_dark_green": "textures/entity/horse2/gear/dark_green",
        "gear_dark_red": "textures/entity/horse2/gear/dark_red",
        "gear_gold": "textures/entity/horse2/gear/gold",
        "gear_gray": "textures/entity/horse2/gear/dark_gray",
        "gear_green": "textures/entity/horse2/gear/lime",
        "gear_light_gray": "textures/entity/horse2/gear/light_gray",
        "gear_light_purple": "textures/entity/horse2/gear/light_purple",
        "gear_purple": "textures/entity/horse2/gear/purple",
        "gear_red": "textures/entity/horse2/gear/red",
        "gear_white": "textures/entity/horse2/gear/white",
        "gear_yellow": "textures/entity/horse2/gear/yellow"
      },
      "geometry": {
        "default": "geometry.loadisk.horse"
      },
      "animations": {
        "baby_transform": "animation.horse.v3.baby_transform",
        "walk": "animation.horse.v3.walk",
        "eat": "animation.horse.v3.eat",
        "rear": "animation.horse.v3.rear",
        "tail": "animation.horse.v3.tail",
        "look_at_player": "animation.horse.v3.look_at_player"
      },
      "scripts": {
        "scale": "0.87",
        "initialize": [
          "variable.eat_anim = 0.0;"
        ],
        "pre_animation": [
          "v.armor_texture_slot = q.armor_texture_slot(1);",
          "v.gear_texture_slot = q.variant;",
          "v.skin_texture_slot = q.skin_id;",
          "variable.eat_anim = math.clamp(variable.eat_anim + (query.is_grazing ? ((1.0 - variable.eat_anim) * 0.4 + 0.05) : -variable.eat_anim * 0.4 - 0.05) * query.delta_time * 20.0, 0.0, 1.0);",
          "variable.head_x_rot = query.target_x_rotation + (query.modified_move_speed > 0.2 ? (math.cos(query.modified_distance_moved * 11.46) * 11.46 * query.modified_move_speed + query.modified_move_speed * 11.46) : 0.0);",
          "variable.inverse_max_stand_eat = (1.0 - math.max(variable.stand_anim, variable.eat_anim));",
          "variable.leg_stand_factor = math.cos((query.modified_distance_moved * 38.38) + 180.0);",
          "variable.leg_x_rot_anim = variable.leg_stand_factor * 45.8 * query.modified_move_speed;"
        ],
        "animate": [
          { "baby_transform": "query.is_baby" },
          "walk",
          "look_at_player",
          { "rear": "variable.stand_anim > 0.0" },
          { "eat": "!query.is_standing" },
          { "tail": "variable.shake_tail" }
        ]
      },
      "render_controllers": [ "controller.render.loadisk.donkey" ],
      "spawn_egg": {
        "texture": "spawn_egg",
        "texture_index": 30
      }
    }
  }
}