{
  "format_version": "1.10.0",
  "minecraft:client_entity": {
    "description": {
      "identifier": "loadisk:ent",
      "materials": {"default": "skeleton"},
      "textures": {
        "skin00": "textures/entity/ent/oak",
        "skin01": "textures/entity/ent/birch",
        "skin02": "textures/entity/ent/jungle"
      },
      "geometry": {"default": "geometry.loadisk.ent"},
      "animations": {
        "idle": "animation.loadisk.ent.idle",
        "move": "animation.loadisk.ent.move",
        "attack": "animation.loadisk.ent.attack",
        "kick": "animation.loadisk.ent.kick",
        "root": "controller.animation.loadisk.ent",
        "look_at_target": "animation.common.look_at_target"
      },
      "scripts": {
        "scale": "1.4",
        "animate": [
          "root","look_at_target"
        ],
        "pre_animation": [
          "v.skin_id = q.skin_id;"
        ]
      },
      "render_controllers": [ "controller.render.loadisk.3_texture"],
      "spawn_egg": {"texture": "spawn_egg","texture_index": 31}
    }
  }
}