{
  "format_version": "1.19.50",
  "minecraft:client_entity": {
    "description": {
      "identifier": "loadisk:hag",
      "materials": {"default": "entity_alphatest"},
      "textures": {
        "skin00": "textures/entity/hag/hag0",
        "skin01": "textures/entity/hag/hag1",
        "skin02": "textures/entity/hag/hag2",
        "skin03": "textures/entity/hag/hag3",
        "star": "textures/entity/hag/star"
      },
      "geometry": {
        "default": "geometry.loadisk.hag",
        "star": "geometry.loadisk.star"
      },
      "scripts": {
        "scale": "0.9375",
        "initialize": ["v.type = 0;"],   
        "pre_animation": [
          "v.type = q.property('ld:type');",
          "v.helmet_layer_visible = 1.0;",
          "v.leg_layer_visible    = 1.0;",
          "v.boot_layer_visible   = 1.0;",
          "v.chest_layer_visible  = 1.0;",
          "v.attack_body_rot_y = Math.sin(360*Math.sqrt(v.attack_time)) * 5.0;",
          "v.tcos0 = (math.cos(q.modified_distance_moved * 38.17) * q.modified_move_speed / v.gliding_speed_value) * 57.3;",
          "v.item_use_normalized = q.main_hand_item_use_duration / q.main_hand_item_max_duration;"
        ],
        "animate": ["root"]
      },
      "animations": {
        "root": "controller.animation.loadisk.hag.root",
        "summon.c": "controller.animation.loadisk.hag.summon",
        "base_controller": "controller.animation.player.base",
        "humanoid_base_pose": "animation.humanoid.base_pose",
        "look_at_target": "animation.common.look_at_target",
        "move.arms": "animation.player.move.arms",
        "move.legs": "animation.player.move.legs",
        "swimming": "animation.player.swim",
        "swimming.legs": "animation.player.swim.legs",
        "riding.arms": "animation.player.riding.arms",
        "riding.legs": "animation.player.riding.legs",
        "holding": "animation.player.holding",
        "charging": "animation.humanoid.charging",
        "attack.positions": "animation.player.attack.positions",
        "attack.rotations": "animation.player.attack.rotations",
        "sneaking": "animation.player.sneaking",
        "damage_nearby_mobs": "animation.humanoid.damage_nearby_mobs",
        "bow_and_arrow": "animation.humanoid.bow_and_arrow",
        "use_item_progress": "animation.humanoid.use_item_progress",
        "skeleton_attack": "animation.skeleton.attack",
        "sleeping": "animation.player.sleeping",
        "summon": "animation.hag.celebrate",
        "star": "animation.loadisk.star",
        "star.idle": "animation.loadisk.star.idle",
        "blast": "animation.hag.blast"
      },
      "render_controllers": [
        "controller.render.loadisk.hag",
        {"controller.render.loadisk.star":"q.has_target"}
      ],
      "enable_attachables": true,
      "spawn_egg": {"texture": "spawn_egg","texture_index": 14}
    }
  }
}