{
	"format_version": "1.10.0",
	"minecraft:client_entity": {
		"description": {
			"identifier": "loadisk:mushi",
			"materials": {
				"default": "skeleton"
			},
			"textures": {
				"red": "textures/entity/mushi/red",
				"brown": "textures/entity/mushi/brown",
				"crimson": "textures/entity/mushi/crimson",
				"warped": "textures/entity/mushi/warped",
				"default": "textures/entity/mushi/face/default",
				"shocked": "textures/entity/mushi/face/shocked",
				"elder": "textures/entity/mushi/face/elder",
				"elder_shocked": "textures/entity/mushi/face/elder_shocked",
				"bag": "textures/entity/mushi/bag",
				"null": "textures/null"
			},
			"geometry": {"default": "geometry.ld.mushi"},
			"scripts": {"animate": ["nav.c","action.c"]},
			"animations": {
				"nav.c": "controller.animation.loadisk.mushi.root",
				"action.c": "controller.animation.loadisk.mushi.action",
				"idle": "animation.loadisk.mushi.idle",
				"action": "animation.loadisk.mushi.action",
				"move": "animation.loadisk.mushi.move",
				"run": "animation.loadisk.mushi.run",
				"attack": "animation.loadisk.mushi.attack"
			},
			"render_controllers": [
				"controller.render.loadisk.mushi.base",
				{"controller.render.loadisk.mushi.face":"!q.is_avoiding_mobs"},
				{"controller.render.loadisk.mushi.face.shocked":"q.is_avoiding_mobs"},
				{"controller.render.loadisk.mushi.bag":"q.is_chested"}
			],
			"spawn_egg": {"overlay_color": "#973030","base_color": "#e4e3d6"}
		}
	}
}