{
  "format_version": "1.10.0",
  "minecraft:client_entity": {
    "description": {
      "identifier": "loadisk:seagull",
      "materials": {"default": "skeleton"},
      "textures": {
        "default": "textures/entity/seagull"
      },
      "geometry": {"default": "geometry.loadisk.seagull"},
      "animations": {
        "sit": "animation.loadisk.seagull.sit",
        "idle": "animation.loadisk.seagull.idle",
        "move": "animation.loadisk.seagull.step",
        "setup": "animation.loadisk.seagull.setup",
        "setup.flight": "animation.loadisk.seagull.setup.flight",
        "flap": "animation.loadisk.seagull.flap",
        "glide": "animation.loadisk.seagull.glide",
        "look_at_target": "animation.common.look_at_target",
        "root": "controller.animation.loadisk.seagull",
        "ground.c": "controller.animation.loadisk.seagull.ground",
        "flight.c": "controller.animation.loadisk.seagull.flight"
      },
      "scripts": {
        "scale": "1.4",
        "initialize": [
          "v.random = 0;"
        ],
        "pre_animation": [
          "v.random = math.random_integer(0,100);",
          "v.pitch = -q.target_x_rotation(0);",
          "v.yaw = -q.target_y_rotation(0);",
          "v.can_flap = q.target_x_rotation(0) >= 0.0 ?  1 : 0;"
        ],
        "animate": [
          "root",{"look_at_target":"q.is_on_ground"}
        ]
      },
      "render_controllers": [ "controller.render.default"],
      "spawn_egg": {"texture": "spawn_egg","texture_index": 31}
    }
  }
}