{
  "format_version": "1.10.0",
  "minecraft:client_entity": {
    "description": {
      "identifier": "loadisk:wild_cat",
      "materials": {"default": "skeleton"},
      "textures": {
        "yellow": "textures/entity/wild_cat/yellow",
        "white": "textures/entity/wild_cat/white",
        "brown": "textures/entity/wild_cat/brown",
        "black": "textures/entity/wild_cat/black"
      },
      "geometry": {"default": "geometry.loadisk.wild_cat"},
      "animations": {
        "sit": "animation.loadisk.wild_cat.sit",
        "idle": "animation.loadisk.wild_cat.idle",
        "move": "animation.loadisk.wild_cat.move",
        "chase": "animation.loadisk.wild_cat.chase",
        "attack": "animation.loadisk.wild_cat.attack",
        "baby_transform": "animation.loadisk.wild_cat.baby_transform",
        "look_at_target": "animation.common.look_at_target",
        "root": "controller.animation.loadisk.wild_cat"
      },
      "scripts": {
        "scale": "1.4",
        "animate": [
          {"baby_transform": "q.is_baby" },
          "root","look_at_target","attack"
        ]
      },
      "render_controllers": [ "controller.render.loadisk.wild_cat"],
      "spawn_egg": {"texture": "spawn_egg","texture_index": 31}
    }
  }
}