{
	"format_version": "1.10.0",
	"minecraft:client_entity": {
		"description": {
			"identifier": "loadisk:wyvern",
			"materials": {"default": "entity_alphatest"},
			"textures": {"default": "textures/entity/wyvern/default"},
			"geometry": {"default": "geometry.loadisk.wyvern"},
			"render_controllers": ["controller.render.default"],
			"scripts": {
				"scale": "1.5",
				//"initialize": [],
				"pre_animation": [
				  "v.tcos0 = (math.cos(q.modified_distance_moved * 38.17) * q.modified_move_speed) * 57.3;"
				],
				"animate": ["root"]
			},
			"animations": {
				"root" : "controller.animation.loadisk.wyvern.root",
				"idle" : "animation.loadisk.wyvern.idle",
				"move" : "animation.loadisk.wyvern.move",
				"glide": "animation.loadisk.wyvern.glide",
				"flap" : "animation.loadisk.wyvern.flap"
			}
		}
	}
}