{
    "format_version": "1.12",
    "minecraft:recipe_shaped": {
        "description": {
            "identifier": "lab:bag"
        },
        "tags": [
            "crafting_table"
        ],
        "pattern": [
            "SLS",
            "LIL",
            "LLL"
        ],
        "key": {
            "L": {
                "item": "minecraft:leather"
            },
            "I": {
                "item": "minecraft:iron_block"
            },
            "S": {
                "item": "minecraft:string"
            }
        },
        "result": {
            "item": "lab:bag"
        }
    }
}