{
	"resource_pack_name": "lab",
	"texture_name": "atlas.items",
	"texture_data": {
		"loadisk:candy": {"textures": "textures/items/candy0"},
		"loadisk:meow": {"textures": "textures/items/rawmeow"},
		"loadisk:cooked_meow": {"textures": "textures/items/cookedmeow"},
        "loadisk:bass_spawn_egg": {
            "textures": "textures/items/fish/bass"
        },
        "loadisk:char_spawn_egg": {
            "textures": "textures/items/fish/char"
        },
        "loadisk:guppy_spawn_egg": {
            "textures": "textures/items/fish/guppy"
        },
        "loadisk:lionfish_spawn_egg": {
            "textures": "textures/items/fish/lionfish"
        },
        "loadisk:mackerel_spawn_egg": {
            "textures": "textures/items/fish/mackerel"
        },
        "loadisk:piranha_spawn_egg": {
            "textures": "textures/items/fish/piranha"
        },
        "loadisk:swordfish_spawn_egg": {
            "textures": "textures/items/fish/swordfish"
        },
        "loadisk:leech_spawn_egg": {
            "textures": "textures/items/fish/leech"
        }
	}
}

