{
	"format_version": "1.15.0",
	"minecraft:entity": {
		"description": {
			"identifier": "lab:pump",
			"is_spawnable": true,
			"is_summonable": true,
			"is_experimental": false,
			"animations": {
				"init": "animation.lab.pump.init",
				"recall": "controller.animation.lab.pump.recall",
				"target_state": "controller.animation.lab.pump.target_state"
			},
			"scripts": {
				"animate": [
					{"init":"q.is_alive"},
					{"recall": "query.is_sheared"},
					"target_state"
				]
			}
		},
		"component_groups": {
			"lab:pickup": {"minecraft:transformation": {"into": "minecraft:area_effect_cloud"}},
			"lab:pumping": {"minecraft:is_saddled": {}},
			"lab:recall": {"minecraft:is_sheared": {},
			"minecraft:timer": {"time": 0.1,"looping": false,"time_down_event": {"event": "lab:stop_recall_event","target": "self"}}},
			"lab:target_default":{"minecraft:variant":{"value":0}},
			"lab:target_blackstone":{"minecraft:variant":{"value":1}},
			"lab:target_clay":{"minecraft:variant":{"value":2}},
			"lab:target_dirt":{"minecraft:variant":{"value":3}},
			"lab:target_gravel":{"minecraft:variant":{"value":4}},
			"lab:target_log":{"minecraft:variant":{"value":5}},
			"lab:target_sandstone":{"minecraft:variant":{"value":6}},
			"lab:target_stone":{"minecraft:variant":{"value":7}},
			"lab:target_nether":{"minecraft:variant":{"value":8}},
			"lab:target_ores":{"minecraft:variant":{"value":9}},
			"lab:has_interact": {
			"minecraft:interact": {
				"interactions": [
					{
						"use_item": true,"play_sounds": "pop","swing": true,"interact_text": "action.interact.lab.target",
						"on_interact": {
							"filters": {
								"all_of": [
									{
										"any_of": [
											{"test": "has_equipment","domain": "hand","subject": "other","operator": "==","value": "blackstone"},
											{"test": "has_equipment","domain": "hand","subject": "other","operator": "==","value": "deepslate"},
											{"test": "has_equipment","domain": "hand","subject": "other","operator": "==","value": "tuff"}
										]
									},
									{"test": "is_family","subject": "other","value": "player"},
									{"test": "is_sneaking","operator": "!=","subject": "player"},
									{"test": "is_variant","subject": "self","operator": "!=","value": 1}
								]
							},
							"event": "lab:target.blackstone_event","target": "self"
						}
					},
					{
						"use_item": true,"play_sounds": "pop","swing": true,"interact_text": "action.interact.lab.target",
						"on_interact": {
							"filters": {
								"all_of": [
									{
										"any_of": [
											{"test": "has_equipment","domain": "hand","subject": "other","operator": "==","value": "clay"},
											{"test": "has_equipment","domain": "hand","subject": "other","operator": "==","value": "hardend_clay"}
										]
									},
									{"test": "is_family","subject": "other","value": "player"},
									{"test": "is_sneaking","operator": "!=","subject": "player"},
									{"test": "is_variant","subject": "self","operator": "!=","value": 2}
								]
							},
							"event": "lab:target.clay_event","target": "self"
						}
					},
					{
						"use_item": true,"play_sounds": "pop","swing": true,"interact_text": "action.interact.lab.target",
						"on_interact": {
							"filters": {
								"all_of": [
									{
										"any_of": [
											{"test": "has_equipment","domain": "hand","subject": "other","operator": "==","value": "dirt"},
											{"test": "has_equipment","domain": "hand","subject": "other","operator": "==","value": "coarse_dirt"},
											{"test": "has_equipment","domain": "hand","subject": "other","operator": "==","value": "dirt_with_roots"}
										]
									},
									{"test": "is_family","subject": "other","value": "player"},
									{"test": "is_sneaking","operator": "!=","subject": "player"},
									{"test": "is_variant","subject": "self","operator": "!=","value": 3}
								]
							},
							"event": "lab:target.dirt_event","target": "self"
						}
					},
					{
						"use_item": true,"play_sounds": "pop","swing": true,"interact_text": "action.interact.lab.target",
						"on_interact": {
							"filters": {
								"all_of": [
									{
										"any_of": [
											{"test": "has_equipment","domain": "hand","subject": "other","operator": "==","value": "gravel"},
											{"test": "has_equipment","domain": "hand","subject": "other","operator": "==","value": "sand"},
											{"test": "has_equipment","domain": "hand","subject": "other","operator": "==","value": "red_sand"}
										]
									},
									{"test": "is_family","subject": "other","value": "player"},
									{"test": "is_sneaking","operator": "!=","subject": "player"},
									{"test": "is_variant","subject": "self","operator": "!=","value": 4}
								]
							},
							"event": "lab:target.gravel_event","target": "self"
						}
					},
					{
						"use_item": true,"play_sounds": "pop","swing": true,"interact_text": "action.interact.lab.target",
						"on_interact": {
							"filters": {
								"all_of": [
									{
										"any_of": [
											{"test": "has_equipment","domain": "hand","subject": "other","operator": "==","value": "log"},
											{"test": "has_equipment","domain": "hand","subject": "other","operator": "==","value": "log2"}
										]
									},
									{"test": "is_family","subject": "other","value": "player"},
									{"test": "is_sneaking","operator": "!=","subject": "player"},
									{"test": "is_variant","subject": "self","operator": "!=","value": 5}
								]
							},
							"event": "lab:target.log_event","target": "self"
						}
					},
					{
						"use_item": true,"play_sounds": "pop","swing": true,"interact_text": "action.interact.lab.target",
						"on_interact": {
							"filters": {
								"all_of": [
									{
										"any_of": [
											{"test": "has_equipment","domain": "hand","subject": "other","operator": "==","value": "sandstone"},
											{"test": "has_equipment","domain": "hand","subject": "other","operator": "==","value": "red_sandstone"}
										]
									},
									{"test": "is_family","subject": "other","value": "player"},
									{"test": "is_sneaking","operator": "!=","subject": "player"},
									{"test": "is_variant","subject": "self","operator": "!=","value": 6}
								]
							},
							"event": "lab:target.sandstone_event","target": "self"
						}
					},
					{
						"use_item": true,"play_sounds": "pop","swing": true,"interact_text": "action.interact.lab.target",
						"on_interact": {
							"filters": {
								"all_of": [
									{
										"any_of": [
											{"test": "has_equipment","domain": "hand","subject": "other","operator": "==","value": "stone"},
											{"test": "has_equipment","domain": "hand","subject": "other","operator": "==","value": "cobblestone"},
											{"test": "has_equipment","domain": "hand","subject": "other","operator": "==","value": "mossy_cobblestone"}
										]
									},
									{"test": "is_family","subject": "other","value": "player"},
									{"test": "is_sneaking","operator": "!=","subject": "player"},
									{"test": "is_variant","subject": "self","operator": "!=","value": 7}
								]
							},
							"event": "lab:target.stone_event","target": "self"
						}
					},
					{
						"use_item": true,"play_sounds": "pop","swing": true,"interact_text": "action.interact.lab.target",
						"on_interact": {
							"filters": {
								"all_of": [
									{
										"any_of": [
											{"test": "has_equipment","domain": "hand","subject": "other","operator": "==","value": "netherrack"}
										]
									},
									{"test": "is_family","subject": "other","value": "player"},
									{"test": "is_sneaking","operator": "!=","subject": "player"},
									{"test": "is_variant","subject": "self","operator": "!=","value": 8}
								]
							},
							"event": "lab:target.nether_event","target": "self"
						}
					},
					{
						"use_item": true,"play_sounds": "pop","swing": true,"interact_text": "action.interact.lab.target",
						"on_interact": {
							"filters": {
								"all_of": [
									{
										"any_of": [
											{"test": "has_equipment","domain": "hand","subject": "other","operator": "==","value": "coal"},
											{"test": "has_equipment","domain": "hand","subject": "other","operator": "==","value": "iron_ingot"},
											{"test": "has_equipment","domain": "hand","subject": "other","operator": "==","value": "gold_ingot"},
											{"test": "has_equipment","domain": "hand","subject": "other","operator": "==","value": "emerald"},
											{"test": "has_equipment","domain": "hand","subject": "other","operator": "==","value": "redstone"},
											{"test": "has_equipment","domain": "hand","subject": "other","operator": "==","value": "lapis_lazuli"},
											{"test": "has_equipment","domain": "hand","subject": "other","operator": "==","value": "diamond"}
										]
									},
									{"test": "is_family","subject": "other","value": "player"},
									{"test": "is_sneaking","operator": "!=","subject": "player"},
									{"test": "is_variant","subject": "self","operator": "!=","value": 9}
								]
							},
							"event": "lab:target.ores_event","target": "self"
						}
					},
					{
						"use_item": false,
						"interact_text": "action.interact.lab.pump.warn",
						"on_interact": {
							"filters": {
								"all_of": [
									{
										"test": "is_sneaking",
										"operator": "!=",
										"subject": "player"
									},
									{
										"test": "is_family",
										"subject": "other",
										"value": "player"
									}
								]
							}
						}
					},
					{
						"use_item": false,
						"play_sounds": "pop",
						"interact_text": "action.interact.lab.pump.recall",
						"on_interact": {
							"filters": {
								"all_of": [
									{
										"test": "is_sneaking",
										"operator": "==",
										"subject": "player"
									},
									{
										"test": "is_family",
										"subject": "other",
										"value": "player"
									}
								]
							},
							"event": "lab:start_recall_event",
							"target": "self"
						}
					}
				]
			}
		}
		},
		"components": {
			"minecraft:persistent": {},
			"minecraft:health": {"value": 0.5,"max": 0.5},
			"minecraft:type_family": {"family": ["static", "object"]},
			"minecraft:tick_world":{"radius": 3, "never_despawn": true},
			"minecraft:inventory": {"container_type": "chest","inventory_size": 10,"can_be_siphoned_from": false},
			"minecraft:on_hurt_by_player": {"event": "lab:pickup_event","target": "self"},
			"minecraft:damage_sensor": {"triggers": [
				{"cause": "entity_attack","deals_damage": true,"on_damage": {"filters": {"test": "is_family","subject": "other","operator": "==","value": "player"}}},
				{"cause": "anvil","deals_damage": false},{"cause": "block_explosion","deals_damage": false},
				{"cause": "charging","deals_damage": false},{"cause": "contact","deals_damage": false},
				{"cause": "drowning","deals_damage": false},{"cause": "entity_explosion","deals_damage": false},
				{"cause": "fall","deals_damage": false},{"cause": "falling_block","deals_damage": false},
				{"cause": "fire","deals_damage": false},{"cause": "fire_tick","deals_damage": false},
				{"cause": "fireworks","deals_damage": false},{"cause": "freezing","deals_damage": false},
				{"cause": "lava","deals_damage": false},{"cause": "lightning","deals_damage": false},
				{"cause": "magic","deals_damage": false},{"cause": "magma","deals_damage": false},
				{"cause": "piston","deals_damage": false},{"cause": "projectile","deals_damage": false},
				{"cause": "stalactite","deals_damage": false},{"cause": "stalagmite","deals_damage": false},
				{"cause": "suffocation","deals_damage": false},{"cause": "temperature","deals_damage": false},
				{"cause": "thorns","deals_damage": false},{"cause": "wither","deals_damage": false}]
			},
			"minecraft:collision_box": {"width": 1,"height": 1},
			"minecraft:physics": {"has_gravity": false,"has_collision": false},
			"minecraft:pushable": {"is_pushable": false,"is_pushable_by_piston": true},
			"minecraft:fire_immune": true
		},
		"events": {
			"minecraft:entity_spawned": {"add": {"component_groups": ["lab:has_interact","lab:target.default"]}},
			"lab:pickup_event": {"add": {"component_groups": ["lab:pickup"]}},
			"lab:start_pumping_event": {"add": {"component_groups": ["lab:pumping"]}},
			"lab:stop_pumping_event": {"remove": {"component_groups": ["lab:pumping"]}},
			"lab:start_recall_event": {
				"remove": {"component_groups": ["lab:has_interact","lab:pumping"]},
				"add": {"component_groups": ["lab:recall"]}
			},
			"lab:stop_recall_event": {
				"remove": {"component_groups": ["lab:recall"]},
				"add": {"component_groups": ["lab:has_interact"]}
			},
			"lab:target.default_event": {
				"remove": {"component_groups": ["lab:target_blackstone","lab:target_clay","lab:target_dirt","lab:target_gravel","lab:target_hard_clay","lab:target_log","lab:target_sandstone","lab:target_stone","lab:target_ores","lab:target_nether"]},
				"add": {"component_groups": ["lab:target_default"]}
			},
			"lab:target.blackstone_event": {
				"remove": {"component_groups": ["lab:target_default","lab:target_clay","lab:target_dirt","lab:target_gravel","lab:target_hard_clay","lab:target_log","lab:target_sandstone","lab:target_stone","lab:target_ores","lab:target_nether"]},
				"add": {"component_groups": ["lab:target_blackstone"]}
			},
			"lab:target.clay_event": {
				"remove": {"component_groups": ["lab:target_default","lab:target_blackstone","lab:target_dirt","lab:target_gravel","lab:target_hard_clay","lab:target_log","lab:target_sandstone","lab:target_stone","lab:target_ores","lab:target_nether"]},
				"add": {"component_groups": ["lab:target_clay"]}
			},
			"lab:target.dirt_event": {
				"remove": {"component_groups": ["lab:target_default","lab:target_blackstone","lab:target_clay","lab:target_gravel","lab:target_hard_clay","lab:target_log","lab:target_sandstone","lab:target_stone","lab:target_ores","lab:target_nether"]},
				"add": {"component_groups": ["lab:target_dirt"]}
			},
			"lab:target.gravel_event": {
				"remove": {"component_groups": ["lab:target_default","lab:target_blackstone","lab:target_clay","lab:target_dirt","lab:target_hard_clay","lab:target_log","lab:target_sandstone","lab:target_stone","lab:target_ores","lab:target_nether"]},
				"add": {"component_groups": ["lab:target_gravel"]}
			},
			"lab:target.hard_clay_event": {
				"remove": {"component_groups": ["lab:target_default","lab:target_blackstone","lab:target_clay","lab:target_dirt","lab:target_gravel","lab:target_log","lab:target_sandstone","lab:target_stone","lab:target_ores","lab:target_nether"]},
				"add": {"component_groups": ["lab:target_hard_clay"]}
			},
			"lab:target.log_event": {
				"remove": {"component_groups": ["lab:target_default","lab:target_blackstone","lab:target_clay","lab:target_dirt","lab:target_gravel","lab:target_hard_clay","lab:target_sandstone","lab:target_stone","lab:target_ores","lab:target_nether"]},
				"add": {"component_groups": ["lab:target_log"]}
			},
			"lab:target.sandstone_event": {
				"remove": {"component_groups": ["lab:target_default","lab:target_blackstone","lab:target_clay","lab:target_dirt","lab:target_gravel","lab:target_hard_clay","lab:target_log","lab:target_stone","lab:target_ores","lab:target_nether"]},
				"add": {"component_groups": ["lab:target_sandstone"]}
			},
			"lab:target.stone_event": {
				"remove": {"component_groups": ["lab:target_default","lab:target_blackstone","lab:target_clay","lab:target_dirt","lab:target_gravel","lab:target_hard_clay","lab:target_log","lab:target_sandstone","lab:target_ores","lab:target_nether"]},
				"add": {"component_groups": ["lab:target_stone"]}
			},
			"lab:target.nether_event": {
				"remove": {"component_groups": ["lab:target_default","lab:target_blackstone","lab:target_clay","lab:target_dirt","lab:target_gravel","lab:target_hard_clay","lab:target_log","lab:target_sandstone","lab:target_ores","lab:target_nether"]},
				"add": {"component_groups": ["lab:target_nether"]}
			},
			"lab:target.ores_event": {
				"remove": {"component_groups": ["lab:target_default","lab:target_blackstone","lab:target_clay","lab:target_dirt","lab:target_gravel","lab:target_hard_clay","lab:target_log","lab:target_sandstone","lab:target_stone","lab:target_nether"]},
				"add": {"component_groups": ["lab:target_ores"]}
			}
		}
	}
}