{
	"format_version": "1.10.0",
	"animation_controllers": {
		"controller.animation.loadisk.horse.in_water": {
			"initial_state" : "init",
			"states": {
				"swim": {
					"transitions": [{"init": "q.is_on_ground"}],
					"on_entry": ["/tag @s add in_water"],
					"on_exit": ["/tag @s remove in_water"]
				},
				"init": {"transitions": [{"swim": "!q.is_on_ground && q.is_in_water || q.is_stunned"}]}
			}
		},
		"controller.animation.loadisk.horse.ability_id": {
			"initial_state": "init",
			"states": {
				"shadow": {
					"transitions": [
						{"init": "q.skin_id != 42"},
						{"default": "q.skin_id <= 40"},
						{"ender": "q.skin_id == 41"},
						{"unicorn": "q.skin_id == 44"},
						{"void": "q.skin_id == 45"},
						{"icion": "q.skin_id == 50"},
						{"endion": "q.skin_id == 51"},
						{"magma": "q.skin_id == 47 || q.skin_id == 48 || q.skin_id == 49"}
					],
					"on_entry": ["/tag @s add horse.shadow"],
					"on_exit": ["/tag @s remove horse.shadow"]
				},
				"ender": {
					"transitions": [
						{"init": "!q.skin_id == 41"},
						{"default": "q.skin_id <= 40"},
						{"shadow": "q.skin_id == 42"},
						{"unicorn": "q.skin_id == 44"},
						{"void": "q.skin_id == 45"},
						{"icion": "q.skin_id == 50"},
						{"endion": "q.skin_id == 51"},
						{"magma": "q.skin_id == 47 || q.skin_id == 48 || q.skin_id == 49"}
					],
					"on_entry": ["/tag @s add horse.ender"],
					"on_exit": ["/tag @s remove horse.ender"]
				},
				"void": {
					"transitions": [
						{"init": "!q.skin_id == 45"},
						{"default": "q.skin_id <= 40"},
						{"unicorn": "q.skin_id == 44"},
						{"shadow": "q.skin_id == 42"},
						{"ender": "q.skin_id == 41"},
						{"icion": "q.skin_id == 50"},
						{"endion": "q.skin_id == 51"},
						{"magma": "q.skin_id == 47 || q.skin_id == 48 || q.skin_id == 49"}
					],
					"on_entry": ["/tag @s add horse.void"],
					"on_exit": ["/tag @s remove horse.void"]
				},
				"unicorn": {
					"transitions": [
						{"init": "!q.skin_id == 44"},
						{"default": "q.skin_id <= 40"},
						{"shadow": "q.skin_id == 42"},
						{"void": "q.skin_id == 45"},
						{"ender": "q.skin_id == 41"},
						{"icion": "q.skin_id == 50"},
						{"endion": "q.skin_id == 51"},
						{"magma": "q.skin_id == 47 || q.skin_id == 48 || q.skin_id == 49"}
					],
					"on_entry": ["/tag @s add horse.unicorn"],
					"on_exit": ["/tag @s remove horse.unicorn"]
				},
				"magma": {
					"transitions": [
						{"init": "q.skin_id != 47 && q.skin_id != 48 && q.skin_id != 49"},
						{"default": "q.skin_id <= 40"},
						{"shadow": "q.skin_id == 42"},
						{"unicorn": "q.skin_id == 44"},
						{"void": "q.skin_id == 45"},
						{"ender": "q.skin_id == 41"},
						{"icion": "q.skin_id == 50"},
						{"endion": "q.skin_id == 51"}
					],
					"on_entry": ["/tag @s add horse.magma"],
					"on_exit": ["/tag @s remove horse.magma"]
				},
				"icion": {
					"animations": ["icion"],
					"transitions": [
						{"init": "!q.skin_id == 51"},
						{"default": "q.skin_id <= 40"},
						{"shadow": "q.skin_id == 42"},
						{"unicorn": "q.skin_id == 44"},
						{"void": "q.skin_id == 45"},
						{"ender": "q.skin_id == 41"},
						{"endion": "q.skin_id == 51"},
						{"magma": "q.skin_id == 47 || q.skin_id == 48 || q.skin_id == 49"}
					],
					"on_entry": ["/tag @s add horse.icion"],
					"on_exit": ["/tag @s remove horse.icion"]
				},
				"endion": {
					"transitions": [
						{"init": "q.skin_id != 51"},
						{"default": "q.skin_id <= 40"},
						{"shadow": "q.skin_id == 42"},
						{"unicorn": "q.skin_id == 44"},
						{"void": "q.skin_id == 45"},
						{"ender": "q.skin_id == 41"},
						{"icion": "q.skin_id == 50"},
						{"magma": "q.skin_id == 47 || q.skin_id == 48 || q.skin_id == 49"}
					],
					"on_entry": ["/tag @s add horse.endion"],
					"on_exit": ["/tag @s remove horse.endion"]
				},
				"default": {
					"transitions": [
						{"init": "q.skin_id >= 41"},
						{"shadow": "q.skin_id == 42"},
						{"unicorn": "q.skin_id == 44"},
						{"void": "q.skin_id == 45"},
						{"ender": "q.skin_id == 41"},
						{"icion": "q.skin_id == 50"},
						{"magma": "q.skin_id == 47 || q.skin_id == 48 || q.skin_id == 49"}
					],
					"on_entry": ["/tag @s add horse.default"],
					"on_exit": ["/tag @s remove horse.default"]
				},
				"init": {
					"transitions": [
						{"default": "q.skin_id <= 40"},
						{"void": "q.skin_id == 45"},
						{"shadow": "q.skin_id == 42"},
						{"ender": "q.skin_id == 41"},
						{"unicorn": "q.skin_id == 44"},
						{"icion": "q.skin_id == 50"},
						{"endion": "q.skin_id == 51"},
						{"magma": "q.skin_id == 47 || q.skin_id == 48 || q.skin_id == 49"}
					]
				}
			}
		},
		"controller.animation.loadisk.horse.is_pegasus": {
			"initial_state": "init",
			"states": {
				"pegasus": {
					"transitions": [{"init": "!q.is_sheared"}],
					"on_entry": ["/tag @s add horse.pegasus"],
					"on_exit": ["/tag @s remove horse.pegasus"]
				},
				"init": {"transitions": [{"pegasus": "q.is_sheared"}]}
			}
		},
		"controller.animation.loadisk.horse.flightb": {
			"initial_state": "init",
			"states": {
				"end_flight": {
					"transitions": [
						{"init": "!q.is_on_ground  && q.is_sheared"},
						{"end_abi": "!q.has_rider"}
					],
					"on_entry": ["/effect @s clear"]
				},
				"end_abi": {
					"transitions": [{"init": "q.has_rider"}],
					"on_entry": ["/effect @s clear","/effect @p[r=3] clear"]
				},
				"init": {
					"transitions": [
						{"end_flight": "q.is_on_ground && q.is_sheared"},
						{"end_abi": "!q.has_rider"}
					]
				}
			}
		}
	}
}