{
	"format_version": "1.13.0",
	"minecraft:entity": {
		"description": {
			"identifier": "lab:auto_miner.rainbow",
			"is_spawnable": true,
			"is_summonable": true,
			"is_experimental": false,
			"scripts": {"animate": ["lab.auto_miner.handler",
				{"lab.down": "query.can_power_jump && !query.is_tamed"},
				{"lab.speed0": "query.can_power_jump && !query.is_tamed && query.mark_variant == 0"},
				{"lab.speed1": "query.can_power_jump && !query.is_tamed && query.mark_variant == 1"},
				{"lab.speed2": "query.can_power_jump && !query.is_tamed && query.mark_variant == 2"},
				{"lab.speed3": "query.can_power_jump && !query.is_tamed && query.mark_variant == 3"}]},
			"animations": {
				"lab.auto_miner.handler": "controller.animation.lab.auto_miner.handler",
				"lab.am_pr": "controller.animation.lab.auto_miner.path_rotations",
				"lab.am_dig": "controller.animation.lab.auto_miner.dig",
				"lab.am.add_torch": "controller.animation.lab.auto_miner.add_torch",
				"lab.am.place_torch": "controller.animation.lab.auto_miner.palce_torch",
				"lab.am.hopper_equip": "controller.animation.lab.auto_miner.hopper_equip",
				"lab.am.tracker.bit": "controller.animation.lab.auto_miner.bit_tracker",
				"lab.am.ticking": "controller.animation.lab.auto_miner.ticking",
				"lab.am.up_level": "controller.animation.lab.auto_miner.upgrade_level",
				"lab.am.hopper_tp": "animation.lab.hopper_tp",
				"lab.am.tracker.skin": "controller.animation.lab.auto_miner.skin_tracker",
				"lab.am.fluid_sensor": "controller.animation.lab.auto_miner.fluid_sesnor",
				"lab.am.still_timer": "controller.animation.lab.auto_miner.still_timer",
				"lab.rotate0": "animation.lab.rotate0",
				"lab.rotate1": "animation.lab.rotate1",
				"lab.rotate2": "animation.lab.rotate2",
				"lab.rotate3": "animation.lab.rotate3",
				"lab.speed0": "animation.lab.speed0",
				"lab.speed1": "animation.lab.speed1",
				"lab.speed2": "animation.lab.speed2",
				"lab.speed3": "animation.lab.speed3",
				"lab.down": "animation.lab.down"
			}
		},
		"component_groups": {
			"lab:init":{
				"minecraft:timer": {
					"time": 0.1,"looping": false,"time_down_event": {
					"event": "lab:close_init_event","target": "self"}}
			},
			"lab:can_mine":{
				"minecraft:environment_sensor": {
					"triggers": [
						{"filters": {"all_of": [{"test": "light_level","operator": "<","value": 1}]},"event": "lab:place_torch_event"},
						{"filters": {"any_of": [{"test": "is_altitude","subject": "self","operator": "<","value": -55}]},
						"target": "self","event": "lab:cant_mine_event"}	
					]
				}
			},
			"lab:cant_mine":{
				"minecraft:is_tamed":{},
				"minecraft:environment_sensor": {
					"triggers": [
						{"filters": {"all_of": [{"test": "light_level","operator": "<","value": 1}]},"event": "lab:place_torch_event"},
						{"filters": {"any_of": [{"test": "is_altitude","subject": "self","operator": ">=","value": -55}]},
						"target": "self","event": "lab:can_mine_event"}	
					]
				}
			},
			"lab:power_off":{"minecraft:movement": {"value": 0.0}},
			"lab:power_on":{"minecraft:can_power_jump":{},"minecraft:movement": {"value": 0.05}},
			"lab:pickup": {"minecraft:transformation": {"into": "minecraft:area_effect_cloud","delay": {"value": 0.1}}},
			"lab:is_ticking": {"minecraft:is_charged":{},"minecraft:tick_world":{"radius": 10, "never_despawn": true}},
			"lab:hopper_equipped": {"minecraft:is_sheared":{}},
			"lab:add_torch": {"minecraft:is_saddled":{}},
			"lab:place_torch": {"minecraft:is_baby":{}},
			"lab:pos00": {"minecraft:variant": {"value": 0}},
			"lab:pos01": {"minecraft:variant": {"value": 1}},
			"lab:pos02": {"minecraft:variant": {"value": 2}},
			"lab:pos03": {"minecraft:variant": {"value": 3}},
			"lab:skin_id00":{"minecraft:skin_id":{"value": 0}},
			"lab:skin_id01":{"minecraft:skin_id":{"value": 1}},
			"lab:skin_id02":{"minecraft:skin_id":{"value": 2}},
			"lab:skin_id03":{"minecraft:skin_id":{"value": 3}},
			"lab:skin_id04":{"minecraft:skin_id":{"value": 4}},
			"lab:skin_id05":{"minecraft:skin_id":{"value": 5}},
			"lab:skin_id06":{"minecraft:skin_id":{"value": 6}},
			"lab:skin_id07":{"minecraft:skin_id":{"value": 7}},
			"lab:skin_id08":{"minecraft:skin_id":{"value": 8}},
			"lab:skin_id09":{"minecraft:skin_id":{"value": 9}},
			"lab:skin_id10":{"minecraft:skin_id":{"value": 10}},
			"lab:skin_id11":{"minecraft:skin_id":{"value": 11}},
			"lab:skin_id12":{"minecraft:skin_id":{"value": 12}},
			"lab:skin_id13":{"minecraft:skin_id":{"value": 13}},
			"lab:skin_id14":{"minecraft:skin_id":{"value": 14}},
			"lab:bit_iron": {"minecraft:mark_variant":{"value": 0}},
			"lab:bit_gold": {"minecraft:mark_variant":{"value": 1}},
			"lab:bit_diamond": {"minecraft:mark_variant":{"value": 2}},
			"lab:bit_netherite": {"minecraft:mark_variant":{"value": 3}}
		},
		"components": {
			"minecraft:interact": {
				"interactions": [
					{
						"use_item": false,"play_sounds": "pop","swing": true,
						"interact_text": "action.interact.lab.turn_on",
						"on_interact": {"filters": {"all_of": [
							{ "test": "has_equipment", "domain": "hand", "subject": "other","operator": "!=","value": "bone_meal"},
							{ "test": "has_equipment", "domain": "hand", "subject": "other","operator": "!=","value": "gray_dye"},
							{ "test": "has_equipment", "domain": "hand", "subject": "other","operator": "!=","value": "light_gray_dye"},
							{ "test": "has_equipment", "domain": "hand", "subject": "other","operator": "!=","value": "white_dye"},
							{ "test": "has_equipment", "domain": "hand", "subject": "other","operator": "!=","value": "black_dye"},
							{ "test": "has_equipment", "domain": "hand", "subject": "other","operator": "!=","value": "blue_dye"},
							{ "test": "has_equipment", "domain": "hand", "subject": "other","operator": "!=","value": "brown_dye"},
							{ "test": "has_equipment", "domain": "hand", "subject": "other","operator": "!=","value": "cyan_dye"},
							{ "test": "has_equipment", "domain": "hand", "subject": "other","operator": "!=","value": "green_dye"},
							{ "test": "has_equipment", "domain": "hand", "subject": "other","operator": "!=","value": "lime_dye"},
							{ "test": "has_equipment", "domain": "hand", "subject": "other","operator": "!=","value": "light_blue_dye"},
							{ "test": "has_equipment", "domain": "hand", "subject": "other","operator": "!=","value": "magenta_dye"},
							{ "test": "has_equipment", "domain": "hand", "subject": "other","operator": "!=","value": "orange_dye"},
							{ "test": "has_equipment", "domain": "hand", "subject": "other","operator": "!=","value": "pink_dye"},
							{ "test": "has_equipment", "domain": "hand", "subject": "other","operator": "!=","value": "purple_dye"},
							{ "test": "has_equipment", "domain": "hand", "subject": "other","operator": "!=","value": "red_dye"},
							{ "test": "has_equipment", "domain": "hand", "subject": "other","operator": "!=","value": "yellow_dye"},
							{ "test": "has_equipment", "domain": "hand", "subject": "other","operator": "!=","value": "emerald"},
							{ "test": "has_equipment", "domain": "hand", "subject": "other","operator": "!=","value": "torch"},
							{ "test": "has_equipment", "domain": "hand", "subject": "other","operator": "!=","value": "hopper"},
							{ "test": "has_equipment", "domain": "hand", "subject": "other","operator": "!=","value": "iron_block"},
							{ "test": "has_equipment", "domain": "hand", "subject": "other","operator": "!=","value": "gold_block"},
							{ "test": "has_equipment", "domain": "hand", "subject": "other","operator": "!=","value": "diamond_block"},
							{ "test": "has_equipment", "domain": "hand", "subject": "other","operator": "!=","value": "netherite_block"},
							{ "test": "has_equipment", "domain": "hand", "subject": "other","operator": "!=","value": "clock"},
							{"test": "has_component","subject": "self","operator": "!=","value": "minecraft:can_power_jump"},
							{"test": "is_family","subject": "other","value": "player"},
							{"test": "is_sneaking","operator": "!=","subject": "player"}]
							},"event": "lab:on_event","target": "self"
						}
					},
					{
						"use_item": false,"play_sounds": "pop","swing": true,
						"interact_text": "action.interact.lab.turn_off",
						"on_interact": {"filters": {"all_of": [
							{ "test": "has_equipment", "domain": "hand", "subject": "other","operator": "!=","value": "bone_meal"},
							{ "test": "has_equipment", "domain": "hand", "subject": "other","operator": "!=","value": "gray_dye"},
							{ "test": "has_equipment", "domain": "hand", "subject": "other","operator": "!=","value": "light_gray_dye"},
							{ "test": "has_equipment", "domain": "hand", "subject": "other","operator": "!=","value": "white_dye"},
							{ "test": "has_equipment", "domain": "hand", "subject": "other","operator": "!=","value": "black_dye"},
							{ "test": "has_equipment", "domain": "hand", "subject": "other","operator": "!=","value": "blue_dye"},
							{ "test": "has_equipment", "domain": "hand", "subject": "other","operator": "!=","value": "brown_dye"},
							{ "test": "has_equipment", "domain": "hand", "subject": "other","operator": "!=","value": "cyan_dye"},
							{ "test": "has_equipment", "domain": "hand", "subject": "other","operator": "!=","value": "green_dye"},
							{ "test": "has_equipment", "domain": "hand", "subject": "other","operator": "!=","value": "lime_dye"},
							{ "test": "has_equipment", "domain": "hand", "subject": "other","operator": "!=","value": "light_blue_dye"},
							{ "test": "has_equipment", "domain": "hand", "subject": "other","operator": "!=","value": "magenta_dye"},
							{ "test": "has_equipment", "domain": "hand", "subject": "other","operator": "!=","value": "orange_dye"},
							{ "test": "has_equipment", "domain": "hand", "subject": "other","operator": "!=","value": "pink_dye"},
							{ "test": "has_equipment", "domain": "hand", "subject": "other","operator": "!=","value": "purple_dye"},
							{ "test": "has_equipment", "domain": "hand", "subject": "other","operator": "!=","value": "red_dye"},
							{ "test": "has_equipment", "domain": "hand", "subject": "other","operator": "!=","value": "yellow_dye"},
							{ "test": "has_equipment", "domain": "hand", "subject": "other","operator": "!=","value": "emerald"},
							{ "test": "has_equipment", "domain": "hand", "subject": "other","operator": "!=","value": "torch"},
							{ "test": "has_equipment", "domain": "hand", "subject": "other","operator": "!=","value": "hopper"},
							{ "test": "has_equipment", "domain": "hand", "subject": "other","operator": "!=","value": "iron_block"},
							{ "test": "has_equipment", "domain": "hand", "subject": "other","operator": "!=","value": "gold_block"},
							{ "test": "has_equipment", "domain": "hand", "subject": "other","operator": "!=","value": "diamond_block"},
							{ "test": "has_equipment", "domain": "hand", "subject": "other","operator": "!=","value": "netherite_block"},
							{ "test": "has_equipment", "domain": "hand", "subject": "other","operator": "!=","value": "clock"},
							{"test": "has_component","subject": "self","operator": "==","value": "minecraft:can_power_jump"},
							{"test": "is_family","subject": "other","value": "player"},
							{"test": "is_sneaking","operator": "!=","subject": "player"}]
							},"event": "lab:off_event","target": "self"
						}
					},
					{
						"use_item": false,"play_sounds": "pop","swing": true,
						"interact_text": "action.interact.lab.rotate",
						"on_interact": {"filters": {"all_of": [
							{"test": "is_family","subject": "other","value": "player"},
							{"test": "is_sneaking","subject": "player"},
							{"test": "is_variant","subject": "self","operator": "==","value": 0}
							]},"event": "lab:pos01_event","target": "self"
						}
					},
					{
						"use_item": false,"play_sounds": "pop","swing": true,
						"interact_text": "action.interact.lab.rotate",
						"on_interact": {"filters": {"all_of": [
							{"test": "is_family","subject": "other","value": "player"},
							{"test": "is_sneaking","subject": "player"},
							{"test": "is_variant","subject": "self","operator": "==","value": 1}
							]},"event": "lab:pos02_event","target": "self"
						}
					},
					{
						"use_item": false,"play_sounds": "pop","swing": true,
						"interact_text": "action.interact.lab.rotate",
						"on_interact": {"filters": {"all_of": [
							{"test": "is_family","subject": "other","value": "player"},
							{"test": "is_sneaking","subject": "player"},
							{"test": "is_variant","subject": "self","operator": "==","value": 2}
							]},"event": "lab:pos03_event","target": "self"
						}
					},
					{
						"use_item": false,"play_sounds": "pop","swing": true,
						"interact_text": "action.interact.lab.rotate",
						"on_interact": {"filters": {"all_of": [
							{"test": "is_family","subject": "other","value": "player"},
							{"test": "is_sneaking","subject": "player"},
							{"test": "is_variant","subject": "self","operator": "==","value": 3}
							]},"event": "lab:pos00_event","target": "self"
						}
					},
					//Skins
					{ //Make Default
						"use_item": true,"play_sounds": "pop","swing": true,"interact_text": "action.interact.lab.color",
						"on_interact": {"filters": {"any_of": [
							{"all_of": [
								{"test": "is_family","subject": "other","value": "player"},
								{"test": "has_equipment","domain": "hand","subject": "other","value": "bone_meal"}]
							},
							{"all_of": [
								{"test": "is_family","subject": "other","value": "player"},
								{"test": "has_equipment","domain": "hand","subject": "other","value": "gray_dye"}]
							},
							{"all_of": [
								{"test": "is_family","subject": "other","value": "player"},
								{"test": "has_equipment","domain": "hand","subject": "other","value": "light_gray_dye"}]
							},
							{"all_of": [
								{"test": "is_family","subject": "other","value": "player"},
								{"test": "has_equipment","domain": "hand","subject": "other","value": "white_dye"}]
							}]},"event": "lab:skin_id00_event","target": "self"}
					},
					{
						"use_item": true,"play_sounds": "pop","swing": true,
						"interact_text": "action.interact.lab.color",
						"on_interact": {"filters": {"all_of": [
									{"test": "is_family","subject": "other","value": "player"},
									{ "test": "has_equipment", "domain": "hand", "subject": "other", "value": "black_dye"}
								]
							},"event": "lab:skin_id01_event","target": "self"
						}
					},
					{
						"use_item": true,"play_sounds": "pop","swing": true,
						"interact_text": "action.interact.lab.color",
						"on_interact": {"filters": {"all_of": [
									{"test": "is_family","subject": "other","value": "player"},
									{ "test": "has_equipment", "domain": "hand", "subject": "other", "value": "blue_dye"}
								]
							},"event": "lab:skin_id02_event","target": "self"
						}
					},
					{
						"use_item": true,"play_sounds": "pop","swing": true,
						"interact_text": "action.interact.lab.color",
						"on_interact": {"filters": {"all_of": [
									{"test": "is_family","subject": "other","value": "player"},
									{ "test": "has_equipment", "domain": "hand", "subject": "other", "value": "brown_dye"}
								]
							},"event": "lab:skin_id03_event","target": "self"
						}
					},
					{
						"use_item": true,"play_sounds": "pop","swing": true,
						"interact_text": "action.interact.lab.color",
						"on_interact": {"filters": {"all_of": [
									{"test": "is_family","subject": "other","value": "player"},
									{ "test": "has_equipment", "domain": "hand", "subject": "other", "value": "cyan_dye"}
								]
							},"event": "lab:skin_id04_event","target": "self"
						}
					},
					{
						"use_item": true,"play_sounds": "pop","swing": true,
						"interact_text": "action.interact.lab.color",
						"on_interact": {"filters": {"all_of": [
									{"test": "is_family","subject": "other","value": "player"},
									{ "test": "has_equipment", "domain": "hand", "subject": "other", "value": "green_dye"}
								]
							},"event": "lab:skin_id05_event","target": "self"
						}
					},
					{
						"use_item": true,"play_sounds": "pop","swing": true,
						"interact_text": "action.interact.lab.color",
						"on_interact": {"filters": {"all_of": [
									{"test": "is_family","subject": "other","value": "player"},
									{ "test": "has_equipment", "domain": "hand", "subject": "other", "value": "lime_dye"}
								]
							},"event": "lab:skin_id06_event","target": "self"
						}
					},
					{
						"use_item": true,"play_sounds": "pop","swing": true,
						"interact_text": "action.interact.lab.color",
						"on_interact": {"filters": {"all_of": [
									{"test": "is_family","subject": "other","value": "player"},
									{ "test": "has_equipment", "domain": "hand", "subject": "other", "value": "light_blue_dye"}
								]
							},"event": "lab:skin_id07_event","target": "self"
						}
					},
					{
						"use_item": true,"play_sounds": "pop","swing": true,
						"interact_text": "action.interact.lab.color",
						"on_interact": {"filters": {"all_of": [
									{"test": "is_family","subject": "other","value": "player"},
									{ "test": "has_equipment", "domain": "hand", "subject": "other", "value": "magenta_dye"}
								]
							},"event": "lab:skin_id08_event","target": "self"
						}
					},
					{
						"use_item": true,"play_sounds": "pop","swing": true,
						"interact_text": "action.interact.lab.color",
						"on_interact": {"filters": {"all_of": [
									{"test": "is_family","subject": "other","value": "player"},
									{ "test": "has_equipment", "domain": "hand", "subject": "other", "value": "orange_dye"}
								]
							},"event": "lab:skin_id09_event","target": "self"
						}
					},
					{
						"use_item": true,"play_sounds": "pop","swing": true,
						"interact_text": "action.interact.lab.color",
						"on_interact": {"filters": {"all_of": [
									{"test": "is_family","subject": "other","value": "player"},
									{ "test": "has_equipment", "domain": "hand", "subject": "other", "value": "pink_dye"}
								]
							},"event": "lab:skin_id10_event","target": "self"
						}
					},
					{
						"use_item": true,"play_sounds": "pop","swing": true,
						"interact_text": "action.interact.lab.color",
						"on_interact": {"filters": {"all_of": [
									{"test": "is_family","subject": "other","value": "player"},
									{ "test": "has_equipment", "domain": "hand", "subject": "other", "value": "purple_dye"}
								]
							},"event": "lab:skin_id11_event","target": "self"
						}
					},
					{
						"use_item": true,"play_sounds": "pop","swing": true,
						"interact_text": "action.interact.lab.color",
						"on_interact": {"filters": {"all_of": [
									{"test": "is_family","subject": "other","value": "player"},
									{ "test": "has_equipment", "domain": "hand", "subject": "other", "value": "red_dye"}
								]
							},"event": "lab:skin_id12_event","target": "self"
						}
					},
					{
						"use_item": true,"play_sounds": "pop","swing": true,
						"interact_text": "action.interact.lab.color",
						"on_interact": {"filters": {"all_of": [
									{"test": "is_family","subject": "other","value": "player"},
									{ "test": "has_equipment", "domain": "hand", "subject": "other", "value": "yellow_dye"}
								]
							},"event": "lab:skin_id13_event","target": "self"
						}
					},
					{
						"use_item": true,"play_sounds": "pop","swing": true,
						"interact_text": "action.interact.lab.color",
						"on_interact": {"filters": {"all_of": [
									{"test": "is_family","subject": "other","value": "player"},
									{ "test": "has_equipment", "domain": "hand", "subject": "other", "value": "emerald"}
								]
							},"event": "lab:skin_id14_event","target": "self"
						}
					},
					//Drill Bits | Iron Bit Swap
					{
						"use_item": true,"transform_to_item": "gold_block","play_sounds": "pop","swing": true,
						"interact_text": "action.interact.lab.drill_bit",
						"on_interact": {"filters": {"all_of": [
									{"test": "is_family","subject": "other","value": "player"},
									{ "test": "is_mark_variant","operator": "==", "value": 1},
									{ "test": "has_equipment", "domain": "hand", "subject": "other", "value": "iron_block"}
								]
							},"event": "lab:bit_iron_event","target": "self"
						}
					},
					{
						"use_item": true,"transform_to_item": "diamond_block","play_sounds": "pop","swing": true,
						"interact_text": "action.interact.lab.drill_bit",
						"on_interact": {"filters": {"all_of": [
									{"test": "is_family","subject": "other","value": "player"},
									{ "test": "is_mark_variant","operator": "==", "value": 2},
									{ "test": "has_equipment", "domain": "hand", "subject": "other", "value": "iron_block"}
								]
							},"event": "lab:bit_iron_event","target": "self"
						}
					},
					{
						"use_item": true,"transform_to_item": "netherite_block","play_sounds": "pop","swing": true,
						"interact_text": "action.interact.lab.drill_bit",
						"on_interact": {"filters": {"all_of": [
									{"test": "is_family","subject": "other","value": "player"},
									{ "test": "is_mark_variant","operator": "==", "value": 3},
									{ "test": "has_equipment", "domain": "hand", "subject": "other", "value": "iron_block"}
								]
							},"event": "lab:bit_iron_event","target": "self"
						}
					},
                    //Gold Bit Swap
					{
						"use_item": true,"play_sounds": "pop","swing": true,
						"interact_text": "action.interact.lab.drill_bit",
						"on_interact": {"filters": {"all_of": [
									{"test": "is_family","subject": "other","value": "player"},
									{ "test": "is_mark_variant","operator": "==", "value": 0},
									{ "test": "has_equipment", "domain": "hand", "subject": "other", "value": "gold_block"}
								]
							},"event": "lab:bit_gold_event","target": "self"
						}
					},
					{
						"use_item": true,"transform_to_item": "diamond_block","play_sounds": "pop","swing": true,
						"interact_text": "action.interact.lab.drill_bit",
						"on_interact": {"filters": {"all_of": [
									{"test": "is_family","subject": "other","value": "player"},
									{ "test": "is_mark_variant","operator": "==", "value": 2},
									{ "test": "has_equipment", "domain": "hand", "subject": "other", "value": "gold_block"}
								]
							},"event": "lab:bit_gold_event","target": "self"
						}
					},
					{
						"use_item": true,"transform_to_item": "netherite_block","play_sounds": "pop","swing": true,
						"interact_text": "action.interact.lab.drill_bit",
						"on_interact": {"filters": {"all_of": [
									{"test": "is_family","subject": "other","value": "player"},
									{ "test": "is_mark_variant","operator": "==", "value": 3},
									{ "test": "has_equipment", "domain": "hand", "subject": "other", "value": "gold_block"}
								]
							},"event": "lab:bit_gold_event","target": "self"
						}
					},
                    //Diamond Bit Swap
					{
						"use_item": true,"play_sounds": "pop","swing": true,
						"interact_text": "action.interact.lab.drill_bit",
						"on_interact": {"filters": {"all_of": [
									{"test": "is_family","subject": "other","value": "player"},
									{ "test": "is_mark_variant","operator": "==", "value": 0},
									{ "test": "has_equipment", "domain": "hand", "subject": "other", "value": "diamond_block"}
								]
							},"event": "lab:bit_diamond_event","target": "self"
						}
					},
					{
						"use_item": true,"transform_to_item": "gold_block","play_sounds": "pop","swing": true,
						"interact_text": "action.interact.lab.drill_bit",
						"on_interact": {"filters": {"all_of": [
									{"test": "is_family","subject": "other","value": "player"},
									{ "test": "is_mark_variant","operator": "==", "value": 1},
									{ "test": "has_equipment", "domain": "hand", "subject": "other", "value": "diamond_block"}
								]
							},"event": "lab:bit_diamond_event","target": "self"
						}
					},
					{
						"use_item": true,"transform_to_item": "netherite_block","play_sounds": "pop","swing": true,
						"interact_text": "action.interact.lab.drill_bit",
						"on_interact": {"filters": {"all_of": [
									{"test": "is_family","subject": "other","value": "player"},
									{ "test": "is_mark_variant","operator": "==", "value": 3},
									{ "test": "has_equipment", "domain": "hand", "subject": "other", "value": "diamond_block"}
								]
							},"event": "lab:bit_diamond_event","target": "self"
						}
					},
					//Netherite Bit Swap
					{
						"use_item": true,"play_sounds": "pop","swing": true,
						"interact_text": "action.interact.lab.drill_bit",
						"on_interact": {"filters": {"all_of": [
									{"test": "is_family","subject": "other","value": "player"},
									{ "test": "is_mark_variant","operator": "==", "value": 0},
									{ "test": "has_equipment", "domain": "hand", "subject": "other", "value": "netherite_block"}
								]
							},"event": "lab:bit_netherite_event","target": "self"
						}
					},
					{
						"use_item": true,"transform_to_item": "gold_block","play_sounds": "pop","swing": true,
						"interact_text": "action.interact.lab.drill_bit",
						"on_interact": {"filters": {"all_of": [
									{"test": "is_family","subject": "other","value": "player"},
									{ "test": "is_mark_variant","operator": "==", "value": 1},
									{ "test": "has_equipment", "domain": "hand", "subject": "other", "value": "netherite_block"}
								]
							},"event": "lab:bit_netherite_event","target": "self"
						}
					},
					{
						"use_item": true,"transform_to_item": "diamond_block","play_sounds": "pop","swing": true,
						"interact_text": "action.interact.lab.drill_bit",
						"on_interact": {"filters": {"all_of": [
									{"test": "is_family","subject": "other","value": "player"},
									{ "test": "is_mark_variant","operator": "==", "value": 2},
									{ "test": "has_equipment", "domain": "hand", "subject": "other", "value": "netherite_block"}
								]
							},"event": "lab:bit_netherite_event","target": "self"
						}
					},
					//Extra
					{
						"use_item": true,"play_sounds": "pop","swing": true,
						"interact_text": "action.interact.lab.equip_item",
						"on_interact": {"filters": {"all_of": [
									{"test": "is_family","subject": "other","value": "player"},
									{ "test": "has_component","operator": "!=", "value": "minecraft:is_sheared"},
									{ "test": "has_equipment", "domain": "hand", "subject": "other", "value": "hopper"}
								]
							},"event": "lab:hopper_equip_event","target": "self"
						}
					},
					{
						"use_item": true,"play_sounds": "pop","swing": true,
						"interact_text": "action.interact.lab.equip_item",
						"on_interact": {"filters": {"all_of": [
									{"test": "is_family","subject": "other","value": "player"},
									{ "test": "has_equipment", "domain": "hand", "subject": "other", "value": "torch"}
								]
							},"event": "lab:add_torch_event","target": "self"
						}
					},
					{
						"use_item": true,"play_sounds": "pop","swing": true,
						"interact_text": "action.interact.lab.equip_item",
						"on_interact": {"filters": {"all_of": [
									{"test": "is_family","subject": "other","value": "player"},
									{ "test": "has_component","operator": "!=", "value": "minecraft:is_charged"},
									{ "test": "has_equipment", "domain": "hand", "subject": "other", "value": "clock"}
								]
							},"event": "lab:start_ticking_event","target": "self"
						}
					}
				]
			},
			"minecraft:inventory": {"container_type": "chest","inventory_size": 10,"can_be_siphoned_from": false},
			"minecraft:on_hurt_by_player": {"event": "lab:pickup_event","target": "self"},
			"minecraft:movement.basic": {},
			"minecraft:can_climb": {},
			"minecraft:annotation.open_door": {},
			"minecraft:jump.static": {"jump_power": 0.55},
			"minecraft:navigation.generic": {"can_path_over_water": false,"can_walk": true,"can_path_from_air": false},
			//General
			"minecraft:type_family": {"family": ["lab.auto_miner"]},
			"minecraft:health": {"value": 0.5,"max": 0.5},
			"minecraft:physics": {},
			"minecraft:collision_box": { "width": 0.5,"height": 1.7},
			"minecraft:attack": {"damage": 0},
			"minecraft:follow_range": {"value": 100,"max": 100},
			"minecraft:knockback_resistance": {"value": 100,"max": 100},
			//Filters
			"minecraft:damage_sensor": {
				"triggers": [
					{
						"cause": "entity_attack","deals_damage": true,
						"on_damage": {"filters": {"test": "is_family","subject": "other","operator": "==","value": "player"}}
					},
					{"cause": "anvil","deals_damage": false},{"cause": "block_explosion","deals_damage": false},
					{"cause": "charging","deals_damage": false},{"cause": "contact","deals_damage": false},
					{"cause": "drowning","deals_damage": false},{"cause": "entity_explosion","deals_damage": false},
					{"cause": "fall","deals_damage": false},{"cause": "falling_block","deals_damage": false},
					{"cause": "fire","deals_damage": false},{"cause": "fire_tick","deals_damage": false},
					{"cause": "fireworks","deals_damage": false},{"cause": "freezing","deals_damage": false},
					{"cause": "lava","deals_damage": false},{"cause": "lightning","deals_damage": false},
					{"cause": "magic","deals_damage": false},{"cause": "magma","deals_damage": false},
					{"cause": "piston","deals_damage": false},{"cause": "projectile","deals_damage": false},
					{"cause": "stalactite","deals_damage": false},{"cause": "stalagmite","deals_damage": false},
					{"cause": "suffocation","deals_damage": false},{"cause": "temperature","deals_damage": false},
					{"cause": "thorns","deals_damage": false},{"cause": "wither","deals_damage": false}
				]
			},

			"minecraft:behavior.melee_attack": {"priority": 2,"speed_multiplier": 1}
		},
		"events": {
			"minecraft:entity_spawned": {"sequence": [{"add": {
			"component_groups": ["lab:init","lab:pos00","lab:power_off","lab:skin_id14","lab:bit_iron","lab:can_mine"]}}]},

			"lab:close_init_event": {"remove": {"component_groups": ["lab:init"]}},
			"lab:add_torch_event": {"add": {"component_groups": ["lab:add_torch"]}},
			"lab:close_add_torch_event": {"remove": {"component_groups": ["lab:add_torch"]}},
			"lab:place_torch_event": {"add": {"component_groups": ["lab:place_torch"]}},
			"lab:close_place_torch_event": {"remove": {"component_groups": ["lab:place_torch"]}},
			"lab:hopper_equip_event": {"add": {"component_groups": ["lab:hopper_equipped"]}},
			"lab:start_ticking_event": {"add": {"component_groups": ["lab:is_ticking"]}},
			"lab:pickup_event": {"add": {"component_groups": ["lab:pickup"]}},

			"lab:on_event": {
				"add": {"component_groups": ["lab:power_on"]},
				"remove": {"component_groups": ["lab:power_off"]}},
			"lab:off_event": {
				"add": {"component_groups": ["lab:power_off"]},
				"remove": {"component_groups": ["lab:power_on"]}},
			"lab:can_mine_event": {
				"add": {"component_groups": ["lab:can_mine_event"]},
				"remove": {"component_groups": ["lab:cant_mine_event"]}},
			"lab:cant_mine_event": {
				"add": {"component_groups": ["lab:cant_mine"]},
				"remove": {"component_groups": ["lab:can_mine"]}},		

			"lab:pos00_event": {"add": {"component_groups": ["lab:pos00"]},
				"remove": {"component_groups": ["lab:pos01","lab:pos02","lab:pos03"]}
			},
			"lab:pos01_event": {"add": {"component_groups": ["lab:pos01"]},
				"remove": {"component_groups": ["lab:pos00","lab:pos02","lab:pos03"]}
			},
			"lab:pos02_event": {"add": {"component_groups": ["lab:pos02"]},
				"remove": {"component_groups": ["lab:pos01","lab:pos00","lab:pos03"]}
			},
			"lab:pos03_event": {"add": {"component_groups": ["lab:pos03"]},
				"remove": {"component_groups": ["lab:pos01","lab:pos02","lab:pos00"]}
			},
			"lab:bit_iron_event": {"add": {"component_groups": ["lab:bit_iron"]},
				"remove": {"component_groups": ["lab:bit_gold","lab:bit_diamond","lab:bit_netherite"]}
			},
			"lab:bit_gold_event": {"add": {"component_groups": ["lab:bit_gold"]},
				"remove": {"component_groups": ["lab:bit_iron","lab:bit_diamond","lab:bit_netherite"]}
			},
			"lab:bit_diamond_event": {"add": {"component_groups": ["lab:bit_diamond"]},
				"remove": {"component_groups": ["lab:bit_gold","lab:bit_iron","lab:bit_netherite"]}
			},
			"lab:bit_netherite_event": {"add": {"component_groups": ["lab:bit_netherite"]},
				"remove": {"component_groups": ["lab:bit_gold","lab:bit_diamond","lab:bit_iron"]}
			},
			"lab:skin_id00_event": {
				"add": {"component_groups": ["lab:skin_id00"]},
				"remove": {"component_groups": [
					"lab:skin_id01","lab:skin_id02","lab:skin_id03","lab:skin_id04","lab:skin_id05","lab:skin_id06","lab:skin_id07",
					"lab:skin_id08","lab:skin_id09","lab:skin_id10","lab:skin_id11","lab:skin_id12","lab:skin_id13","lab:skin_id14"]}
			},
			"lab:skin_id01_event": {
				"add": {"component_groups": ["lab:skin_id01"]},
				"remove": {"component_groups": [
					"lab:skin_id00","lab:skin_id02","lab:skin_id03","lab:skin_id04","lab:skin_id05","lab:skin_id06","lab:skin_id07",
					"lab:skin_id08","lab:skin_id09","lab:skin_id10","lab:skin_id11","lab:skin_id12","lab:skin_id13","lab:skin_id14"]}
			},
			"lab:skin_id02_event": {
				"add": {"component_groups": ["lab:skin_id02"]},
				"remove": {"component_groups": [
					"lab:skin_id01","lab:skin_id00","lab:skin_id03","lab:skin_id04","lab:skin_id05","lab:skin_id06","lab:skin_id07",
					"lab:skin_id08","lab:skin_id09","lab:skin_id10","lab:skin_id11","lab:skin_id12","lab:skin_id13","lab:skin_id14"]}
			},
			"lab:skin_id03_event": {
				"add": {"component_groups": ["lab:skin_id03"]},
				"remove": {"component_groups": [
					"lab:skin_id01","lab:skin_id02","lab:skin_id00","lab:skin_id04","lab:skin_id05","lab:skin_id06","lab:skin_id07",
					"lab:skin_id08","lab:skin_id09","lab:skin_id10","lab:skin_id11","lab:skin_id12","lab:skin_id13","lab:skin_id14"]}
			},
			"lab:skin_id04_event": {
				"add": {"component_groups": ["lab:skin_id04"]},
				"remove": {"component_groups": [
					"lab:skin_id01","lab:skin_id02","lab:skin_id03","lab:skin_id00","lab:skin_id05","lab:skin_id06","lab:skin_id07",
					"lab:skin_id08","lab:skin_id09","lab:skin_id10","lab:skin_id11","lab:skin_id12","lab:skin_id13","lab:skin_id14"]}
			},
			"lab:skin_id05_event": {
				"add": {"component_groups": ["lab:skin_id05"]},
				"remove": {"component_groups": [
					"lab:skin_id01","lab:skin_id02","lab:skin_id03","lab:skin_id04","lab:skin_id00","lab:skin_id06","lab:skin_id07",
					"lab:skin_id08","lab:skin_id09","lab:skin_id10","lab:skin_id11","lab:skin_id12","lab:skin_id13","lab:skin_id14"]}
			},
			"lab:skin_id06_event": {
				"add": {"component_groups": ["lab:skin_id06"]},
				"remove": {"component_groups": [
					"lab:skin_id01","lab:skin_id02","lab:skin_id03","lab:skin_id04","lab:skin_id05","lab:skin_id00","lab:skin_id07",
					"lab:skin_id08","lab:skin_id09","lab:skin_id10","lab:skin_id11","lab:skin_id12","lab:skin_id13","lab:skin_id14"]}
			},
			"lab:skin_id07_event": {
				"add": {"component_groups": ["lab:skin_id07"]},
				"remove": {"component_groups": [
					"lab:skin_id01","lab:skin_id02","lab:skin_id03","lab:skin_id04","lab:skin_id05","lab:skin_id06","lab:skin_id00",
					"lab:skin_id08","lab:skin_id09","lab:skin_id10","lab:skin_id11","lab:skin_id12","lab:skin_id13","lab:skin_id14"]}
			},
			"lab:skin_id08_event": {
				"add": {"component_groups": ["lab:skin_id08"]},
				"remove": {"component_groups": [
					"lab:skin_id01","lab:skin_id02","lab:skin_id03","lab:skin_id04","lab:skin_id05","lab:skin_id06","lab:skin_id07",
					"lab:skin_id00","lab:skin_id09","lab:skin_id10","lab:skin_id11","lab:skin_id12","lab:skin_id13","lab:skin_id14"]}
			},
			"lab:skin_id09_event": {
				"add": {"component_groups": ["lab:skin_id09"]},
				"remove": {"component_groups": [
					"lab:skin_id01","lab:skin_id02","lab:skin_id03","lab:skin_id04","lab:skin_id05","lab:skin_id06","lab:skin_id07",
					"lab:skin_id08","lab:skin_id00","lab:skin_id10","lab:skin_id11","lab:skin_id12","lab:skin_id13","lab:skin_id14"]}
			},
			"lab:skin_id10_event": {
				"add": {"component_groups": ["lab:skin_id10"]},
				"remove": {"component_groups": [
					"lab:skin_id01","lab:skin_id02","lab:skin_id03","lab:skin_id04","lab:skin_id05","lab:skin_id06","lab:skin_id07",
					"lab:skin_id08","lab:skin_id09","lab:skin_id00","lab:skin_id11","lab:skin_id12","lab:skin_id13","lab:skin_id14"]}
			},
			"lab:skin_id11_event": {
				"add": {"component_groups": ["lab:skin_id11"]},
				"remove": {"component_groups": [
					"lab:skin_id01","lab:skin_id02","lab:skin_id03","lab:skin_id04","lab:skin_id05","lab:skin_id06","lab:skin_id07",
					"lab:skin_id08","lab:skin_id09","lab:skin_id10","lab:skin_id00","lab:skin_id12","lab:skin_id13","lab:skin_id14"]}
			},
			"lab:skin_id12_event": {
				"add": {"component_groups": ["lab:skin_id12"]},
				"remove": {"component_groups": [
					"lab:skin_id01","lab:skin_id02","lab:skin_id03","lab:skin_id04","lab:skin_id05","lab:skin_id06","lab:skin_id07",
					"lab:skin_id08","lab:skin_id09","lab:skin_id10","lab:skin_id11","lab:skin_id00","lab:skin_id13","lab:skin_id14"]}
			},
			"lab:skin_id13_event": {
				"add": {"component_groups": ["lab:skin_id13"]},
				"remove": {"component_groups": [
					"lab:skin_id01","lab:skin_id02","lab:skin_id03","lab:skin_id04","lab:skin_id05","lab:skin_id06","lab:skin_id07",
					"lab:skin_id08","lab:skin_id09","lab:skin_id10","lab:skin_id11","lab:skin_id12","lab:skin_id00","lab:skin_id14"]}
			},
			"lab:skin_id14_event": {
				"add": {"component_groups": ["lab:skin_id14"]},
				"remove": {"component_groups": [
					"lab:skin_id01","lab:skin_id02","lab:skin_id03","lab:skin_id04","lab:skin_id05","lab:skin_id06","lab:skin_id07",
					"lab:skin_id08","lab:skin_id09","lab:skin_id10","lab:skin_id11","lab:skin_id12","lab:skin_id13","lab:skin_id00"]}
			}
		}
	}
}