{
	"format_version": "1.10.0",
	"animation_controllers": {
		"controller.animation.lab.auto_miner.handler": {
			"initial_state": "state_filter",
			"states": {
				"controllers": {
					"animations": [
						"lab.am_pr",
						"lab.am_dig",
						"lab.am.tracker.bit",
						"lab.am.add_torch",
						"lab.am.place_torch",
						"lab.am.hopper_equip",
						"lab.am.ticking",
						"lab.am.up_level",
						"lab.am.tracker.skin",
						"lab.am.fluid_sensor",
						"lab.am.still_timer"
					],
					"transitions": [
						{
							"state_filter": "(1.0)"
						}
					]
				},
				"state_filter": {
					"transitions": [
						{
							"controllers": "(1.0)"
						}
					]
				}
			}
		},
		"controller.animation.lab.auto_miner.dig": {
			"initial_state": "state_filter",
			"states": {
				"dig.c1": {
					"transitions": [
						{
							"state_filter": "(1.0)"
						}
					],
					"on_entry": [
						"/function root/components/mine.c1"
					]
				},
				"dig.c2": {
					"transitions": [
						{
							"state_filter": "(1.0)"
						}
					],
					"on_entry": [
						"/function root/components/mine.c2"
					]
				},
				"dig.c3": {
					"transitions": [
						{
							"state_filter": "(1.0)"
						}
					],
					"on_entry": [
						"/function root/components/mine.c3"
					]
				},
				"dig.c4": {
					"transitions": [
						{
							"state_filter": "(1.0)"
						}
					],
					"on_entry": [
						"/function root/components/mine.c4"
					]
				},
				"state_filter": {
					"transitions": [
						{
							"dig.c1": "query.can_power_jump && !query.is_tamed && query.variant == 0"
						},
						{
							"dig.c2": "query.can_power_jump && !query.is_tamed && query.variant == 1"
						},
						{
							"dig.c3": "query.can_power_jump && !query.is_tamed && query.variant == 2"
						},
						{
							"dig.c4": "query.can_power_jump && !query.is_tamed && query.variant == 3"
						}
					]
				}
			}
		},
		"controller.animation.lab.auto_miner.path_rotations": {
			"initial_state": "state_filter",
			"states": {
				"pos00": {
					"animations": ["lab.rotate0"],
					"transitions": [
						{
							"state_filter": "(0.1)"
						}
					]
				},
				"pos01": {
					"animations": ["lab.rotate1"],
					"transitions": [
						{
							"state_filter": "(0.1)"
						}
					]
				},
				"pos02": {
					"animations": ["lab.rotate2"],
					"transitions": [
						{
							"state_filter": "(0.1)"
						}
					]
				},
				"pos03": {
					"animations": ["lab.rotate3"],
					"transitions": [
						{
							"state_filter": "(0.1)"
						}
					]
				},
				"state_filter": {
					"transitions": [
						{
							"pos00": "query.variant == 0"
						},
						{
							"pos01": "query.variant == 1"
						},
						{
							"pos02": "query.variant == 2"
						},
						{
							"pos03": "query.variant == 3"
						}
					]
				}
			}
		},
		"controller.animation.lab.auto_miner.ticking": {
			"initial_state": "state_filter",
			"states": {
				"tick": {
					"transitions": [
						{
							"state_filter": "!query.is_powered"
						}
					],
					"on_entry": [
						"/scoreboard players add @s[scores={has.clock=0..0}] has.clock 1",
						"/replaceitem entity @s slot.inventory 4 clock"
					]
				},
				"state_filter": {
					"transitions": [
						{
							"tick": "query.is_powered"
						}
					]
				}
			}
		},
		"controller.animation.lab.auto_miner.add_torch": {
			"initial_state": "state_filter",
			"states": {
				"hopper": {
					"transitions": [
						{
							"state_filter": "(0.1)"
						}
					],
					"on_entry": [
						//"/replaceitem entity @s slot.inventory 3 torch",
						"/scoreboard players add @s torch_counter 1",
						"@s lab:close_add_torch_event"
					]
				},
				"state_filter": {
					"transitions": [
						{
							"hopper": "query.is_saddled"
						}
					]
				}
			}
		},
		"controller.animation.lab.auto_miner.palce_torch": {
			"initial_state": "state_filter",
			"states": {
				"hopper": {
					"transitions": [
						{
							"state_filter": "(0.1)"
						}
					],
					"on_entry": [
						"/scoreboard players remove @s[scores={torch_counter=1..}] torch_counter 1",
						"/execute as @s[scores={torch_counter=1..}] at @s run setblock ^^^-3 torch destroy",
						"@s lab:close_place_torch_event"
					]
				},
				"state_filter": {
					"transitions": [
						{
							"hopper": "query.is_baby && query.can_power_jump"
						}
					]
				}
			}
		},
		"controller.animation.lab.auto_miner.hopper_equip": {
			"initial_state": "state_filter",
			"states": {
				"hopper": {
					"transitions": [
						{
							"state_filter": "!query.is_sheared || !query.is_alive"
						}
					],
					"on_entry": [
						"/tag @s add has.hopper",
						"/scoreboard players add @s[scores={has.hopper=0..0}] has.hopper 1",
						"/replaceitem entity @s slot.inventory 2 hopper"
					]
				},
				"state_filter": {
					"transitions": [
						{
							"hopper": "query.is_sheared && query.is_alive"
						}
					]
				}
			}
		},
		"controller.animation.lab.auto_miner.bit_tracker": {
			"initial_state": "state_filter",
			"states": {
				"iron_bit": {
					"transitions": [
						{
							"state_filter": "(1.0)"
						}
					],
					"on_entry": [
						"/replaceitem entity @s slot.inventory 1 air"
					]
				},
				"gold_bit": {
					"transitions": [
						{
							"state_filter": "(1.0)"
						}
					],
					"on_entry": [
						"/replaceitem entity @s slot.inventory 1 gold_block"
					]
				},
				"diamond_bit": {
					"transitions": [
						{
							"state_filter": "(1.0)"
						}
					],
					"on_entry": [
						"/replaceitem entity @s slot.inventory 1 diamond_block"
					]
				},
				"netherite_bit": {
					"transitions": [
						{
							"state_filter": "(1.0)"
						}
					],
					"on_entry": [
						"/replaceitem entity @s slot.inventory 1 netherite_block"
					]
				},
				"state_filter": {
					"transitions": [
						{
							"iron_bit": "query.mark_variant == 0"
						},
						{
							"gold_bit": "query.mark_variant == 1"
						},
						{
							"diamond_bit": "query.mark_variant == 2"
						},
						{
							"netherite_bit": "query.mark_variant == 3"
						}
					]
				}
			}
		},
		"controller.animation.lab.auto_miner.skin_tracker": {
			"initial_state": "state_filter",
			"states": {
				"skin00": {
					"transitions": [
						{
							"state_filter": "query.skin_id != 0"
						}
					],
					"on_entry": [
						"/replaceitem entity @s slot.inventory 0 lab:auto_miner_spawn_egg"
					]
				},
				"skin01": {
					"transitions": [
						{
							"state_filter": "query.skin_id != 1"
						}
					],
					"on_entry": [
						"/replaceitem entity @s slot.inventory 0 lab:auto_miner.black_spawn_egg"
					]
				},
				"skin02": {
					"transitions": [
						{
							"state_filter": "query.skin_id != 2"
						}
					],
					"on_entry": [
						"/replaceitem entity @s slot.inventory 0 lab:auto_miner.blue_spawn_egg"
					]
				},
				"skin03": {
					"transitions": [
						{
							"state_filter": "query.skin_id != 3"
						}
					],
					"on_entry": [
						"/replaceitem entity @s slot.inventory 0 lab:auto_miner.brown_spawn_egg"
					]
				},
				"skin04": {
					"transitions": [
						{
							"state_filter": "query.skin_id != 4"
						}
					],
					"on_entry": [
						"/replaceitem entity @s slot.inventory 0 lab:auto_miner.cyan_spawn_egg"
					]
				},
				"skin05": {
					"transitions": [
						{
							"state_filter": "query.skin_id != 5"
						}
					],
					"on_entry": [
						"/replaceitem entity @s slot.inventory 0 lab:auto_miner.dark_green_spawn_egg"
					]
				},
				"skin06": {
					"transitions": [
						{
							"state_filter": "query.skin_id != 6"
						}
					],
					"on_entry": [
						"/replaceitem entity @s slot.inventory 0 lab:auto_miner.green_spawn_egg"
					]
				},
				"skin07": {
					"transitions": [
						{
							"state_filter": "query.skin_id != 7"
						}
					],
					"on_entry": [
						"/replaceitem entity @s slot.inventory 0 lab:auto_miner.light_blue_spawn_egg"
					]
				},
				"skin08": {
					"transitions": [
						{
							"state_filter": "query.skin_id != 8"
						}
					],
					"on_entry": [
						"/replaceitem entity @s slot.inventory 0 lab:auto_miner.magenta_spawn_egg"
					]
				},
				"skin09": {
					"transitions": [
						{
							"state_filter": "query.skin_id != 9"
						}
					],
					"on_entry": [
						"/replaceitem entity @s slot.inventory 0 lab:auto_miner.orange_spawn_egg"
					]
				},
				"skin10": {
					"transitions": [
						{
							"state_filter": "query.skin_id != 10"
						}
					],
					"on_entry": [
						"/replaceitem entity @s slot.inventory 0 lab:auto_miner.pink_spawn_egg"
					]
				},
				"skin11": {
					"transitions": [
						{
							"state_filter": "query.skin_id != 11"
						}
					],
					"on_entry": [
						"/replaceitem entity @s slot.inventory 0 lab:auto_miner.purple_spawn_egg"
					]
				},
				"skin12": {
					"transitions": [
						{
							"state_filter": "query.skin_id != 12"
						}
					],
					"on_entry": [
						"/replaceitem entity @s slot.inventory 0 lab:auto_miner.red_spawn_egg"
					]
				},
				"skin13": {
					"transitions": [
						{
							"state_filter": "query.skin_id != 13"
						}
					],
					"on_entry": [
						"/replaceitem entity @s slot.inventory 0 lab:auto_miner.yellow_spawn_egg"
					]
				},
				"skin14": {
					"transitions": [
						{
							"state_filter": "query.skin_id != 14"
						}
					],
					"on_entry": [
						"/replaceitem entity @s slot.inventory 0 lab:auto_miner.rainbow_spawn_egg"
					]
				},
				"state_filter": {
					"transitions": [
						{
							"skin00": "query.skin_id == 0"
						},
						{
							"skin01": "query.skin_id == 1"
						},
						{
							"skin02": "query.skin_id == 2"
						},
						{
							"skin03": "query.skin_id == 3"
						},
						{
							"skin04": "query.skin_id == 4"
						},
						{
							"skin05": "query.skin_id == 5"
						},
						{
							"skin06": "query.skin_id == 6"
						},
						{
							"skin07": "query.skin_id == 7"
						},
						{
							"skin08": "query.skin_id == 8"
						},
						{
							"skin09": "query.skin_id == 9"
						},
						{
							"skin10": "query.skin_id == 10"
						},
						{
							"skin11": "query.skin_id == 11"
						},
						{
							"skin12": "query.skin_id == 12"
						},
						{
							"skin13": "query.skin_id == 13"
						},
						{
							"skin14": "query.skin_id == 14"
						}
					]
				}
			}
		},
		"controller.animation.lab.auto_miner.upgrade_level": {
			"initial_state": "state_filter",
			"states": {
				"level2": {
					"transitions": [
						{
							"state_filter": "(1.0)"
						}
					],
					"on_entry": [
						"/effect @s speed 1 5 true"
					]
				},
				"level3": {
					"transitions": [
						{
							"state_filter": "(1.0)"
						}
					],
					"on_entry": [
						"/effect @s speed 1 10 true"
					]
				},
				"level4": {
					"transitions": [
						{
							"state_filter": "(1.0)"
						}
					],
					"on_entry": [
						"/effect @s speed 1 15 true"
					]
				},
				"state_filter": {
					"transitions": [
						{
							"level2": "query.mark_variant == 1"
						},
						{
							"level3": "query.mark_variant == 2"
						},
						{
							"level4": "query.mark_variant == 3"
						}
					]
				}
			}
		},
		"controller.animation.lab.auto_miner.fluid_sesnor": {
			"initial_state": "state_filter",
			"states": {
				"in_water": {
					"transitions": [
						{
							"state_filter": "(0.1)"
						}
					],
					"on_entry": [
						"/tp @s ^^^0.5"
					]
				},
				"in_lava": {
					"transitions": [
						{
							"state_filter": "(0.1)"
						}
					],
					"on_entry": [
						"/setblock ~~~ water"
					]
				},
				"state_filter": {
					"transitions": [
						{
							"in_water": "query.is_in_water"
						},
						{
							"in_lava": "query.is_on_fire"
						}
					]
				}
			}
		},
		"controller.animation.lab.auto_miner.still_timer": {
			"initial_state": "state_filter",
			"states": {
				"in_water": {
					"transitions": [
						{
							"state_filter": "(0.1)"
						}
					],
					"on_entry": [
						//"/tp @s ^^^0.5 true"
					]
				},
				"state_filter": {
					"transitions": [
						{
							"in_water": "query.ground_speed == 0.0 && query.can_power_jump && !query.is_tamed"
						}
					]
				}
			}
		}
	}
}