{
	"format_version": "1.12.0",
	"minecraft:geometry": [
		{
			"description": {
				"identifier": "geometry.loadisk.bass",
				"texture_width": 64,
				"texture_height": 64,
				"visible_bounds_width": 5,
				"visible_bounds_height": 2.5,
				"visible_bounds_offset": [0, 0.75, 0]
			},
			"bones": [
				{
					"name": "lab_fish",
					"pivot": [0, 1, 0]
				},
				{
					"name": "head",
					"parent": "lab_fish",
					"pivot": [0, 5, -11],
					"cubes": [
						{
							"origin": [-2, 1, -14],
							"size": [4, 8, 3],
							"inflate": -0.005,
							"uv": {
								"north": {"uv": [4, 29], "uv_size": [4, 8]},
								"east": {"uv": [36, 21], "uv_size": [3, 8]},
								"south": {"uv": [8, 29], "uv_size": [4, 8]},
								"west": {"uv": [36, 29], "uv_size": [3, 8]},
								"up": {"uv": [39, 33], "uv_size": [4, 3]},
								"down": {"uv": [40, 21], "uv_size": [4, -3]}
							}
						},
						{
							"origin": [-2, 2, -19],
							"size": [4, 6, 5],
							"uv": {
								"north": {"uv": [32, 32], "uv_size": [4, 6]},
								"east": {"uv": [12, 29], "uv_size": [5, 6]},
								"south": {"uv": [12, 35], "uv_size": [4, 6]},
								"west": {"uv": [30, 21], "uv_size": [5, 6]},
								"up": {"uv": [26, 37], "uv_size": [4, 5]},
								"down": {"uv": [30, 43], "uv_size": [4, -5]}
							}
						}
					]
				},
				{
					"name": "body",
					"parent": "lab_fish",
					"pivot": [0, 5, -12],
					"cubes": [
						{
							"origin": [2, 2, -10],
							"size": [1, 7, 18],
							"uv": {
								"north": {"uv": [5, 43], "uv_size": [1, 7]},
								"east": {"uv": [0, 22], "uv_size": [18, 7]},
								"south": {"uv": [6, 43], "uv_size": [1, 7]},
								"west": {"uv": [22, 0], "uv_size": [18, 7]},
								"up": {"uv": [17, 29], "uv_size": [1, 18]},
								"down": {"uv": [16, 53], "uv_size": [1, -18]}
							}
						},
						{
							"origin": [-2, 0, -12],
							"size": [4, 11, 22],
							"uv": {
								"north": {"uv": [26, 21], "uv_size": [4, 11]},
								"east": {"uv": [0, 0], "uv_size": [22, 11]},
								"south": {"uv": [0, 29], "uv_size": [4, 11]},
								"west": {"uv": [0, 11], "uv_size": [22, 11]},
								"up": {"uv": [18, 22], "uv_size": [4, 22]},
								"down": {"uv": [22, 43], "uv_size": [4, -22]}
							}
						},
						{
							"origin": [-3, 2, -10],
							"size": [1, 7, 18],
							"uv": {
								"north": {"uv": [7, 43], "uv_size": [1, 7]},
								"east": {"uv": [22, 7], "uv_size": [18, 7]},
								"south": {"uv": [8, 43], "uv_size": [1, 7]},
								"west": {"uv": [22, 14], "uv_size": [18, 7]},
								"up": {"uv": [0, 40], "uv_size": [1, 18]},
								"down": {"uv": [40, 18], "uv_size": [1, -18]}
							}
						},
						{
							"origin": [0, -2, 12],
							"size": [0, 1, 1],
							"uv": {
								"north": {"uv": [0, 0], "uv_size": [0, 1]},
								"east": {"uv": [45, 6], "uv_size": [1, 1]},
								"south": {"uv": [0, 0], "uv_size": [0, 1]},
								"west": {"uv": [45, 7], "uv_size": [1, 1]},
								"up": {"uv": [0, 0], "uv_size": [0, 1]},
								"down": {"uv": [0, 1], "uv_size": [0, -1]}
							}
						},
						{
							"origin": [0, -1, 11],
							"size": [0, 1, 2],
							"uv": {
								"north": {"uv": [0, 0], "uv_size": [0, 1]},
								"east": {"uv": [30, 37], "uv_size": [2, 1]},
								"south": {"uv": [0, 0], "uv_size": [0, 1]},
								"west": {"uv": [34, 38], "uv_size": [2, 1]},
								"up": {"uv": [0, 0], "uv_size": [0, 2]},
								"down": {"uv": [0, 2], "uv_size": [0, -2]}
							}
						},
						{
							"origin": [0, 0, 10],
							"size": [0, 1, 3],
							"uv": {
								"north": {"uv": [0, 0], "uv_size": [0, 1]},
								"east": {"uv": [44, 18], "uv_size": [3, 1]},
								"south": {"uv": [0, 0], "uv_size": [0, 1]},
								"west": {"uv": [44, 19], "uv_size": [3, 1]},
								"up": {"uv": [0, 0], "uv_size": [0, 3]},
								"down": {"uv": [0, 3], "uv_size": [0, -3]}
							}
						},
						{
							"origin": [0, 14, 1],
							"size": [0, 2, 1],
							"uv": {
								"north": {"uv": [0, 0], "uv_size": [0, 2]},
								"east": {"uv": [41, 44], "uv_size": [1, 2]},
								"south": {"uv": [0, 0], "uv_size": [0, 2]},
								"west": {"uv": [44, 43], "uv_size": [1, 2]},
								"up": {"uv": [0, 0], "uv_size": [0, 1]},
								"down": {"uv": [0, 1], "uv_size": [0, -1]}
							}
						},
						{
							"origin": [0, 13, 0],
							"size": [0, 1, 4],
							"uv": {
								"north": {"uv": [0, 0], "uv_size": [0, 1]},
								"east": {"uv": [43, 30], "uv_size": [4, 1]},
								"south": {"uv": [0, 0], "uv_size": [0, 1]},
								"west": {"uv": [43, 31], "uv_size": [4, 1]},
								"up": {"uv": [0, 0], "uv_size": [0, 4]},
								"down": {"uv": [0, 4], "uv_size": [0, -4]}
							}
						},
						{
							"origin": [0, 13, -1],
							"size": [0, 2, 1],
							"uv": {
								"north": {"uv": [0, 0], "uv_size": [0, 2]},
								"east": {"uv": [21, 44], "uv_size": [1, 2]},
								"south": {"uv": [0, 0], "uv_size": [0, 2]},
								"west": {"uv": [29, 44], "uv_size": [1, 2]},
								"up": {"uv": [0, 0], "uv_size": [0, 1]},
								"down": {"uv": [0, 1], "uv_size": [0, -1]}
							}
						},
						{
							"origin": [0, 13, 5],
							"size": [0, 1, 1],
							"uv": {
								"north": {"uv": [0, 0], "uv_size": [0, 1]},
								"east": {"uv": [45, 16], "uv_size": [1, 1]},
								"south": {"uv": [0, 0], "uv_size": [0, 1]},
								"west": {"uv": [45, 17], "uv_size": [1, 1]},
								"up": {"uv": [0, 0], "uv_size": [0, 1]},
								"down": {"uv": [0, 1], "uv_size": [0, -1]}
							}
						},
						{
							"origin": [0, 11, 7],
							"size": [0, 1, 1],
							"uv": {
								"north": {"uv": [0, 0], "uv_size": [0, 1]},
								"east": {"uv": [18, 45], "uv_size": [1, 1]},
								"south": {"uv": [0, 0], "uv_size": [0, 1]},
								"west": {"uv": [19, 45], "uv_size": [1, 1]},
								"up": {"uv": [0, 0], "uv_size": [0, 1]},
								"down": {"uv": [0, 1], "uv_size": [0, -1]}
							}
						},
						{
							"origin": [0, 13, -7],
							"size": [0, 1, 1],
							"uv": {
								"north": {"uv": [0, 0], "uv_size": [0, 1]},
								"east": {"uv": [45, 8], "uv_size": [1, 1]},
								"south": {"uv": [0, 0], "uv_size": [0, 1]},
								"west": {"uv": [45, 9], "uv_size": [1, 1]},
								"up": {"uv": [0, 0], "uv_size": [0, 1]},
								"down": {"uv": [0, 1], "uv_size": [0, -1]}
							}
						},
						{
							"origin": [0, 13, -3],
							"size": [0, 1, 1],
							"uv": {
								"north": {"uv": [0, 0], "uv_size": [0, 1]},
								"east": {"uv": [45, 10], "uv_size": [1, 1]},
								"south": {"uv": [0, 0], "uv_size": [0, 1]},
								"west": {"uv": [11, 45], "uv_size": [1, 1]},
								"up": {"uv": [0, 0], "uv_size": [0, 1]},
								"down": {"uv": [0, 1], "uv_size": [0, -1]}
							}
						},
						{
							"origin": [0, 11, -4],
							"size": [0, 2, 11],
							"uv": {
								"north": {"uv": [0, 0], "uv_size": [0, 2]},
								"east": {"uv": [36, 37], "uv_size": [11, 2]},
								"south": {"uv": [0, 0], "uv_size": [0, 2]},
								"west": {"uv": [39, 21], "uv_size": [11, 2]},
								"up": {"uv": [0, 0], "uv_size": [0, 11]},
								"down": {"uv": [0, 11], "uv_size": [0, -11]}
							}
						},
						{
							"origin": [0, 11, -10],
							"size": [0, 2, 5],
							"uv": {
								"north": {"uv": [0, 0], "uv_size": [0, 2]},
								"east": {"uv": [41, 0], "uv_size": [5, 2]},
								"south": {"uv": [0, 0], "uv_size": [0, 2]},
								"west": {"uv": [41, 2], "uv_size": [5, 2]},
								"up": {"uv": [0, 0], "uv_size": [0, 5]},
								"down": {"uv": [0, 5], "uv_size": [0, -5]}
							}
						},
						{
							"origin": [0, 11, -5],
							"size": [0, 1, 1],
							"uv": {
								"north": {"uv": [0, 0], "uv_size": [0, 1]},
								"east": {"uv": [13, 45], "uv_size": [1, 1]},
								"south": {"uv": [0, 0], "uv_size": [0, 1]},
								"west": {"uv": [45, 13], "uv_size": [1, 1]},
								"up": {"uv": [0, 0], "uv_size": [0, 1]},
								"down": {"uv": [0, 1], "uv_size": [0, -1]}
							}
						},
						{
							"origin": [0, 11, -11],
							"size": [0, 1, 1],
							"uv": {
								"north": {"uv": [0, 0], "uv_size": [0, 1]},
								"east": {"uv": [14, 45], "uv_size": [1, 1]},
								"south": {"uv": [0, 0], "uv_size": [0, 1]},
								"west": {"uv": [45, 14], "uv_size": [1, 1]},
								"up": {"uv": [0, 0], "uv_size": [0, 1]},
								"down": {"uv": [0, 1], "uv_size": [0, -1]}
							}
						},
						{
							"origin": [0, 13, -9],
							"size": [0, 1, 1],
							"uv": {
								"north": {"uv": [0, 0], "uv_size": [0, 1]},
								"east": {"uv": [12, 45], "uv_size": [1, 1]},
								"south": {"uv": [0, 0], "uv_size": [0, 1]},
								"west": {"uv": [45, 12], "uv_size": [1, 1]},
								"up": {"uv": [0, 0], "uv_size": [0, 1]},
								"down": {"uv": [0, 1], "uv_size": [0, -1]}
							}
						},
						{
							"origin": [0, 14, 3],
							"size": [0, 1, 1],
							"uv": {
								"north": {"uv": [0, 0], "uv_size": [0, 1]},
								"east": {"uv": [15, 45], "uv_size": [1, 1]},
								"south": {"uv": [0, 0], "uv_size": [0, 1]},
								"west": {"uv": [45, 15], "uv_size": [1, 1]},
								"up": {"uv": [0, 0], "uv_size": [0, 1]},
								"down": {"uv": [0, 1], "uv_size": [0, -1]}
							}
						},
						{
							"origin": [0, -1, -6],
							"size": [0, 1, 3],
							"uv": {
								"north": {"uv": [0, 0], "uv_size": [0, 1]},
								"east": {"uv": [11, 44], "uv_size": [3, 1]},
								"south": {"uv": [0, 0], "uv_size": [0, 1]},
								"west": {"uv": [18, 44], "uv_size": [3, 1]},
								"up": {"uv": [0, 0], "uv_size": [0, 3]},
								"down": {"uv": [0, 3], "uv_size": [0, -3]}
							}
						},
						{
							"origin": [0, -2, -5],
							"size": [0, 1, 2],
							"uv": {
								"north": {"uv": [0, 0], "uv_size": [0, 1]},
								"east": {"uv": [1, 45], "uv_size": [2, 1]},
								"south": {"uv": [0, 0], "uv_size": [0, 1]},
								"west": {"uv": [45, 4], "uv_size": [2, 1]},
								"up": {"uv": [0, 0], "uv_size": [0, 2]},
								"down": {"uv": [0, 2], "uv_size": [0, -2]}
							}
						},
						{
							"origin": [0, -3, -4],
							"size": [0, 1, 1],
							"uv": {
								"north": {"uv": [0, 0], "uv_size": [0, 1]},
								"east": {"uv": [33, 43], "uv_size": [1, 1]},
								"south": {"uv": [0, 0], "uv_size": [0, 1]},
								"west": {"uv": [45, 5], "uv_size": [1, 1]},
								"up": {"uv": [0, 0], "uv_size": [0, 1]},
								"down": {"uv": [0, 1], "uv_size": [0, -1]}
							}
						}
					]
				},
				{
					"name": "back",
					"parent": "body",
					"pivot": [0, 6, 9],
					"cubes": [
						{
							"origin": [-1, 8, 9],
							"size": [2, 2, 4],
							"uv": {
								"north": {"uv": [22, 43], "uv_size": [2, 2]},
								"east": {"uv": [41, 4], "uv_size": [4, 2]},
								"south": {"uv": [24, 43], "uv_size": [2, 2]},
								"west": {"uv": [41, 6], "uv_size": [4, 2]},
								"up": {"uv": [1, 40], "uv_size": [2, 4]},
								"down": {"uv": [41, 12], "uv_size": [2, -4]}
							}
						},
						{
							"origin": [-1, 4, 15],
							"size": [2, 3, 1],
							"uv": {
								"north": {"uv": [43, 8], "uv_size": [2, 3]},
								"east": {"uv": [3, 40], "uv_size": [1, 3]},
								"south": {"uv": [9, 43], "uv_size": [2, 3]},
								"west": {"uv": [32, 43], "uv_size": [1, 3]},
								"up": {"uv": [44, 41], "uv_size": [2, 1]},
								"down": {"uv": [44, 43], "uv_size": [2, -1]}
							}
						},
						{
							"origin": [-2, 3, 9],
							"size": [4, 5, 6],
							"inflate": -0.1,
							"uv": {
								"north": {"uv": [34, 39], "uv_size": [4, 5]},
								"east": {"uv": [30, 27], "uv_size": [6, 5]},
								"south": {"uv": [38, 39], "uv_size": [4, 5]},
								"west": {"uv": [26, 32], "uv_size": [6, 5]},
								"up": {"uv": [4, 37], "uv_size": [4, 6]},
								"down": {"uv": [8, 43], "uv_size": [4, -6]}
							}
						},
						{
							"origin": [-1, 1, 9],
							"size": [2, 2, 4],
							"uv": {
								"north": {"uv": [43, 28], "uv_size": [2, 2]},
								"east": {"uv": [26, 42], "uv_size": [4, 2]},
								"south": {"uv": [30, 43], "uv_size": [2, 2]},
								"west": {"uv": [42, 39], "uv_size": [4, 2]},
								"up": {"uv": [42, 41], "uv_size": [2, 4]},
								"down": {"uv": [3, 47], "uv_size": [2, -4]}
							}
						}
					]
				},
				{
					"name": "tail_fin",
					"parent": "back",
					"pivot": [0, 6, 16],
					"cubes": [
						{
							"origin": [0.001, 4, 16],
							"size": [0, 3, 1],
							"uv": {
								"north": {"uv": [0, 0], "uv_size": [0, 3]},
								"east": {"uv": [35, 21], "uv_size": [1, 3]},
								"south": {"uv": [0, 0], "uv_size": [0, 3]},
								"west": {"uv": [35, 24], "uv_size": [1, 3]},
								"up": {"uv": [0, 0], "uv_size": [0, 1]},
								"down": {"uv": [0, 1], "uv_size": [0, -1]}
							}
						},
						{
							"origin": [0.001, 3, 17],
							"size": [0, 5, 4],
							"uv": {
								"north": {"uv": [0, 0], "uv_size": [0, 5]},
								"east": {"uv": [39, 23], "uv_size": [4, 5]},
								"south": {"uv": [0, 0], "uv_size": [0, 5]},
								"west": {"uv": [39, 28], "uv_size": [4, 5]},
								"up": {"uv": [0, 0], "uv_size": [0, 4]},
								"down": {"uv": [0, 4], "uv_size": [0, -4]}
							}
						},
						{
							"origin": [0.001, 8, 18],
							"size": [0, 2, 4],
							"uv": {
								"north": {"uv": [0, 0], "uv_size": [0, 2]},
								"east": {"uv": [12, 41], "uv_size": [4, 2]},
								"south": {"uv": [0, 0], "uv_size": [0, 2]},
								"west": {"uv": [41, 12], "uv_size": [4, 2]},
								"up": {"uv": [0, 0], "uv_size": [0, 4]},
								"down": {"uv": [0, 4], "uv_size": [0, -4]}
							}
						},
						{
							"origin": [0.001, 1, 18],
							"size": [0, 2, 4],
							"uv": {
								"north": {"uv": [0, 0], "uv_size": [0, 2]},
								"east": {"uv": [41, 14], "uv_size": [4, 2]},
								"south": {"uv": [0, 0], "uv_size": [0, 2]},
								"west": {"uv": [41, 16], "uv_size": [4, 2]},
								"up": {"uv": [0, 0], "uv_size": [0, 4]},
								"down": {"uv": [0, 4], "uv_size": [0, -4]}
							}
						},
						{
							"origin": [0.001, 10, 20],
							"size": [0, 1, 3],
							"uv": {
								"north": {"uv": [0, 0], "uv_size": [0, 1]},
								"east": {"uv": [43, 32], "uv_size": [3, 1]},
								"south": {"uv": [0, 0], "uv_size": [0, 1]},
								"west": {"uv": [43, 33], "uv_size": [3, 1]},
								"up": {"uv": [0, 0], "uv_size": [0, 3]},
								"down": {"uv": [0, 3], "uv_size": [0, -3]}
							}
						},
						{
							"origin": [0.001, 11, 21],
							"size": [0, 1, 3],
							"uv": {
								"north": {"uv": [0, 0], "uv_size": [0, 1]},
								"east": {"uv": [33, 44], "uv_size": [3, 1]},
								"south": {"uv": [0, 0], "uv_size": [0, 1]},
								"west": {"uv": [36, 44], "uv_size": [3, 1]},
								"up": {"uv": [0, 0], "uv_size": [0, 3]},
								"down": {"uv": [0, 3], "uv_size": [0, -3]}
							}
						},
						{
							"origin": [0.001, 0, 20],
							"size": [0, 1, 3],
							"uv": {
								"north": {"uv": [0, 0], "uv_size": [0, 1]},
								"east": {"uv": [43, 34], "uv_size": [3, 1]},
								"south": {"uv": [0, 0], "uv_size": [0, 1]},
								"west": {"uv": [43, 35], "uv_size": [3, 1]},
								"up": {"uv": [0, 0], "uv_size": [0, 3]},
								"down": {"uv": [0, 3], "uv_size": [0, -3]}
							}
						},
						{
							"origin": [0.001, -1, 21],
							"size": [0, 1, 3],
							"uv": {
								"north": {"uv": [0, 0], "uv_size": [0, 1]},
								"east": {"uv": [44, 20], "uv_size": [3, 1]},
								"south": {"uv": [0, 0], "uv_size": [0, 1]},
								"west": {"uv": [26, 44], "uv_size": [3, 1]},
								"up": {"uv": [0, 0], "uv_size": [0, 3]},
								"down": {"uv": [0, 3], "uv_size": [0, -3]}
							}
						}
					]
				},
				{
					"name": "right_fin",
					"parent": "body",
					"pivot": [3, 5, -5],
					"rotation": [0, 12.5, 0],
					"cubes": [
						{
							"origin": [3, 3, -5],
							"size": [0, 1, 2],
							"uv": {
								"north": {"uv": [0, 0], "uv_size": [0, 1]},
								"east": {"uv": [1, 44], "uv_size": [2, 1]},
								"south": {"uv": [0, 0], "uv_size": [0, 1]},
								"west": {"uv": [14, 44], "uv_size": [2, 1]},
								"up": {"uv": [0, 0], "uv_size": [0, 2]},
								"down": {"uv": [0, 2], "uv_size": [0, -2]}
							}
						},
						{
							"origin": [3, 5, -5],
							"size": [0, 1, 5],
							"uv": {
								"north": {"uv": [0, 0], "uv_size": [0, 1]},
								"east": {"uv": [39, 36], "uv_size": [5, 1]},
								"south": {"uv": [0, 0], "uv_size": [0, 1]},
								"west": {"uv": [11, 43], "uv_size": [5, 1]},
								"up": {"uv": [0, 0], "uv_size": [0, 5]},
								"down": {"uv": [0, 5], "uv_size": [0, -5]}
							}
						},
						{
							"origin": [3, 4, -5],
							"size": [0, 1, 4],
							"uv": {
								"north": {"uv": [0, 0], "uv_size": [0, 1]},
								"east": {"uv": [43, 24], "uv_size": [4, 1]},
								"south": {"uv": [0, 0], "uv_size": [0, 1]},
								"west": {"uv": [43, 25], "uv_size": [4, 1]},
								"up": {"uv": [0, 0], "uv_size": [0, 4]},
								"down": {"uv": [0, 4], "uv_size": [0, -4]}
							}
						}
					]
				},
				{
					"name": "left_fin",
					"parent": "body",
					"pivot": [-3, 5, -5],
					"rotation": [0, -12.5, 0],
					"cubes": [
						{
							"origin": [-3, 3, -5],
							"size": [0, 1, 2],
							"uv": {
								"north": {"uv": [0, 0], "uv_size": [0, 1]},
								"east": {"uv": [44, 36], "uv_size": [2, 1]},
								"south": {"uv": [0, 0], "uv_size": [0, 1]},
								"west": {"uv": [39, 44], "uv_size": [2, 1]},
								"up": {"uv": [0, 0], "uv_size": [0, 2]},
								"down": {"uv": [0, 2], "uv_size": [0, -2]}
							}
						},
						{
							"origin": [-3, 5, -5],
							"size": [0, 1, 5],
							"uv": {
								"north": {"uv": [0, 0], "uv_size": [0, 1]},
								"east": {"uv": [43, 11], "uv_size": [5, 1]},
								"south": {"uv": [0, 0], "uv_size": [0, 1]},
								"west": {"uv": [43, 23], "uv_size": [5, 1]},
								"up": {"uv": [0, 0], "uv_size": [0, 5]},
								"down": {"uv": [0, 5], "uv_size": [0, -5]}
							}
						},
						{
							"origin": [-3, 4, -5],
							"size": [0, 1, 4],
							"uv": {
								"north": {"uv": [0, 0], "uv_size": [0, 1]},
								"east": {"uv": [43, 26], "uv_size": [4, 1]},
								"south": {"uv": [0, 0], "uv_size": [0, 1]},
								"west": {"uv": [43, 27], "uv_size": [4, 1]},
								"up": {"uv": [0, 0], "uv_size": [0, 4]},
								"down": {"uv": [0, 4], "uv_size": [0, -4]}
							}
						}
					]
				}
			]
		}
	]
}