{
	"format_version": "1.12.0",
	"minecraft:geometry": [
		{
			"description": {
				"identifier": "geometry.loadisk.char",
				"texture_width": 64,
				"texture_height": 64,
				"visible_bounds_width": 4,
				"visible_bounds_height": 1.5,
				"visible_bounds_offset": [0, 0.25, 0]
			},
			"bones": [
				{
					"name": "lab_fish",
					"pivot": [0, 0, 0]
				},
				{
					"name": "head",
					"parent": "lab_fish",
					"pivot": [0, 0.75, -9.25],
					"cubes": [
						{
							"origin": [-2, 1, -17],
							"size": [4, 2, 5],
							"uv": {
								"north": {"uv": [25, 5], "uv_size": [4, 2]},
								"east": {"uv": [24, 11], "uv_size": [5, 2]},
								"south": {"uv": [25, 15], "uv_size": [4, 2]},
								"west": {"uv": [24, 13], "uv_size": [5, 2]},
								"up": {"uv": [10, 18], "uv_size": [4, 5]},
								"down": {"uv": [14, 23], "uv_size": [4, -5]}
							}
						},
						{
							"origin": [-1, 0, -15],
							"size": [2, 1, 3],
							"uv": {
								"north": {"uv": [29, 13], "uv_size": [2, 1]},
								"east": {"uv": [27, 28], "uv_size": [3, 1]},
								"south": {"uv": [14, 29], "uv_size": [2, 1]},
								"west": {"uv": [28, 27], "uv_size": [3, 1]},
								"up": {"uv": [25, 17], "uv_size": [2, 3]},
								"down": {"uv": [26, 23], "uv_size": [2, -3]}
							}
						},
						{
							"origin": [-1, -1, -17],
							"size": [2, 1, 5],
							"uv": {
								"north": {"uv": [12, 29], "uv_size": [2, 1]},
								"east": {"uv": [27, 1], "uv_size": [5, 1]},
								"south": {"uv": [29, 12], "uv_size": [2, 1]},
								"west": {"uv": [27, 2], "uv_size": [5, 1]},
								"up": {"uv": [16, 23], "uv_size": [2, 5]},
								"down": {"uv": [25, 5], "uv_size": [2, -5]}
							}
						},
						{
							"origin": [-2, -1, -12],
							"size": [4, 4, 3],
							"inflate": 0.01,
							"uv": {
								"north": {"uv": [18, 18], "uv_size": [4, 4]},
								"east": {"uv": [21, 8], "uv_size": [3, 4]},
								"south": {"uv": [20, 12], "uv_size": [4, 4]},
								"west": {"uv": [22, 16], "uv_size": [3, 4]},
								"up": {"uv": [18, 22], "uv_size": [4, 3]},
								"down": {"uv": [22, 23], "uv_size": [4, -3]}
							}
						}
					]
				},
				{
					"name": "body",
					"parent": "lab_fish",
					"pivot": [0.78362, 0, -9.6574],
					"cubes": [
						{
							"origin": [-0.00075, 4, -4.97382],
							"size": [0, 1, 5],
							"uv": {
								"north": {"uv": [0, 0], "uv_size": [0, 1]},
								"east": {"uv": [25, 7], "uv_size": [5, 1]},
								"south": {"uv": [0, 0], "uv_size": [0, 1]},
								"west": {"uv": [22, 26], "uv_size": [5, 1]},
								"up": {"uv": [0, 0], "uv_size": [0, 5]},
								"down": {"uv": [0, 5], "uv_size": [0, -5]}
							}
						},
						{
							"origin": [-0.00075, 6, -1.97382],
							"size": [0, 1, 2],
							"uv": {
								"north": {"uv": [0, 0], "uv_size": [0, 1]},
								"east": {"uv": [10, 29], "uv_size": [2, 1]},
								"south": {"uv": [0, 0], "uv_size": [0, 1]},
								"west": {"uv": [29, 11], "uv_size": [2, 1]},
								"up": {"uv": [0, 0], "uv_size": [0, 2]},
								"down": {"uv": [0, 2], "uv_size": [0, -2]}
							}
						},
						{
							"origin": [-2.00075, -2, -9.97382],
							"size": [4, 6, 21],
							"uv": {
								"north": {"uv": [10, 12], "uv_size": [5, 6]},
								"east": {"uv": [0, 0], "uv_size": [21, 6]},
								"south": {"uv": [15, 12], "uv_size": [5, 6]},
								"west": {"uv": [0, 6], "uv_size": [21, 6]},
								"up": {"uv": [0, 12], "uv_size": [5, 21]},
								"down": {"uv": [5, 33], "uv_size": [5, -21]}
							}
						},
						{
							"origin": [-0.00075, 5, -3.97382],
							"size": [0, 1, 3],
							"uv": {
								"north": {"uv": [0, 0], "uv_size": [0, 1]},
								"east": {"uv": [28, 22], "uv_size": [3, 1]},
								"south": {"uv": [0, 0], "uv_size": [0, 1]},
								"west": {"uv": [24, 28], "uv_size": [3, 1]},
								"up": {"uv": [0, 0], "uv_size": [0, 3]},
								"down": {"uv": [0, 3], "uv_size": [0, -3]}
							}
						},
						{
							"origin": [-0.00075, -3, 12.02618],
							"size": [0, 1, 1],
							"uv": {
								"north": {"uv": [0, 0], "uv_size": [0, 1]},
								"east": {"uv": [29, 17], "uv_size": [1, 1]},
								"south": {"uv": [0, 0], "uv_size": [0, 1]},
								"west": {"uv": [29, 18], "uv_size": [1, 1]},
								"up": {"uv": [0, 0], "uv_size": [0, 1]},
								"down": {"uv": [0, 1], "uv_size": [0, -1]}
							}
						},
						{
							"origin": [-0.00075, -2, 11.02618],
							"size": [0, 1, 2],
							"uv": {
								"north": {"uv": [0, 0], "uv_size": [0, 1]},
								"east": {"uv": [29, 14], "uv_size": [2, 1]},
								"south": {"uv": [0, 0], "uv_size": [0, 1]},
								"west": {"uv": [29, 15], "uv_size": [2, 1]},
								"up": {"uv": [0, 0], "uv_size": [0, 2]},
								"down": {"uv": [0, 2], "uv_size": [0, -2]}
							}
						},
						{
							"origin": [1.87372, -1, 5.44871],
							"size": [0, 1, 3],
							"pivot": [0.00742, 1.35, 4.66433],
							"rotation": [0, 12.5, 0],
							"uv": {
								"north": {"uv": [0, 0], "uv_size": [0, 1]},
								"east": {"uv": [29, 3], "uv_size": [3, 1]},
								"south": {"uv": [0, 0], "uv_size": [0, 1]},
								"west": {"uv": [29, 4], "uv_size": [3, 1]},
								"up": {"uv": [0, 0], "uv_size": [0, 3]},
								"down": {"uv": [0, 3], "uv_size": [0, -3]}
							}
						},
						{
							"origin": [1.87372, 0, 5.44871],
							"size": [0, 1, 4],
							"pivot": [0.00742, 1.35, 4.66433],
							"rotation": [0, 12.5, 0],
							"uv": {
								"north": {"uv": [0, 0], "uv_size": [0, 1]},
								"east": {"uv": [28, 9], "uv_size": [4, 1]},
								"south": {"uv": [0, 0], "uv_size": [0, 1]},
								"west": {"uv": [28, 10], "uv_size": [4, 1]},
								"up": {"uv": [0, 0], "uv_size": [0, 4]},
								"down": {"uv": [0, 4], "uv_size": [0, -4]}
							}
						},
						{
							"origin": [-1.89602, -1, 5.6302],
							"size": [0, 1, 3],
							"pivot": [0.00742, 1.35, 4.66433],
							"rotation": [0, -10, 0],
							"uv": {
								"north": {"uv": [0, 0], "uv_size": [0, 1]},
								"east": {"uv": [29, 5], "uv_size": [3, 1]},
								"south": {"uv": [0, 0], "uv_size": [0, 1]},
								"west": {"uv": [29, 6], "uv_size": [3, 1]},
								"up": {"uv": [0, 0], "uv_size": [0, 3]},
								"down": {"uv": [0, 3], "uv_size": [0, -3]}
							}
						},
						{
							"origin": [-1.89602, 0, 5.6302],
							"size": [0, 1, 4],
							"pivot": [0.00742, 1.35, 4.66433],
							"rotation": [0, -10, 0],
							"uv": {
								"north": {"uv": [0, 0], "uv_size": [0, 1]},
								"east": {"uv": [28, 20], "uv_size": [4, 1]},
								"south": {"uv": [0, 0], "uv_size": [0, 1]},
								"west": {"uv": [28, 21], "uv_size": [4, 1]},
								"up": {"uv": [0, 0], "uv_size": [0, 4]},
								"down": {"uv": [0, 4], "uv_size": [0, -4]}
							}
						}
					]
				},
				{
					"name": "butt",
					"parent": "body",
					"pivot": [1.99925, -7, -9.97382],
					"cubes": [
						{
							"origin": [-1.00075, 0, 14.02618],
							"size": [2, 2, 2],
							"uv": {
								"north": {"uv": [20, 16], "uv_size": [2, 2]},
								"east": {"uv": [27, 3], "uv_size": [2, 2]},
								"south": {"uv": [10, 27], "uv_size": [2, 2]},
								"west": {"uv": [12, 27], "uv_size": [2, 2]},
								"up": {"uv": [14, 27], "uv_size": [2, 2]},
								"down": {"uv": [27, 19], "uv_size": [2, -2]}
							}
						},
						{
							"origin": [-2.00075, -1, 11.02618],
							"size": [4, 4, 3],
							"uv": {
								"north": {"uv": [21, 0], "uv_size": [4, 4]},
								"east": {"uv": [10, 23], "uv_size": [3, 4]},
								"south": {"uv": [21, 4], "uv_size": [4, 4]},
								"west": {"uv": [13, 23], "uv_size": [3, 4]},
								"up": {"uv": [22, 23], "uv_size": [4, 3]},
								"down": {"uv": [24, 11], "uv_size": [4, -3]}
							}
						}
					]
				},
				{
					"name": "left_fin",
					"parent": "body",
					"pivot": [-2.00075, 1, -7.97382],
					"rotation": [0, -12.5, 0],
					"cubes": [
						{
							"origin": [-2.00075, 1, -7.97382],
							"size": [0, 1, 5],
							"uv": {
								"north": {"uv": [0, 0], "uv_size": [0, 1]},
								"east": {"uv": [26, 25], "uv_size": [5, 1]},
								"south": {"uv": [0, 0], "uv_size": [0, 1]},
								"west": {"uv": [27, 0], "uv_size": [5, 1]},
								"up": {"uv": [0, 0], "uv_size": [0, 5]},
								"down": {"uv": [0, 5], "uv_size": [0, -5]}
							}
						},
						{
							"origin": [-2.00075, 0, -7.97382],
							"size": [0, 1, 4],
							"uv": {
								"north": {"uv": [0, 0], "uv_size": [0, 1]},
								"east": {"uv": [27, 26], "uv_size": [4, 1]},
								"south": {"uv": [0, 0], "uv_size": [0, 1]},
								"west": {"uv": [28, 8], "uv_size": [4, 1]},
								"up": {"uv": [0, 0], "uv_size": [0, 4]},
								"down": {"uv": [0, 4], "uv_size": [0, -4]}
							}
						}
					]
				},
				{
					"name": "right_fin",
					"parent": "body",
					"pivot": [1.99925, 1, -7.97382],
					"rotation": [0, 12.5, 0],
					"cubes": [
						{
							"origin": [1.99925, 1, -7.97382],
							"size": [0, 1, 5],
							"uv": {
								"north": {"uv": [0, 0], "uv_size": [0, 1]},
								"east": {"uv": [26, 23], "uv_size": [5, 1]},
								"south": {"uv": [0, 0], "uv_size": [0, 1]},
								"west": {"uv": [26, 24], "uv_size": [5, 1]},
								"up": {"uv": [0, 0], "uv_size": [0, 5]},
								"down": {"uv": [0, 5], "uv_size": [0, -5]}
							}
						},
						{
							"origin": [1.99925, 0, -7.97382],
							"size": [0, 1, 4],
							"uv": {
								"north": {"uv": [0, 0], "uv_size": [0, 1]},
								"east": {"uv": [27, 19], "uv_size": [4, 1]},
								"south": {"uv": [0, 0], "uv_size": [0, 1]},
								"west": {"uv": [24, 27], "uv_size": [4, 1]},
								"up": {"uv": [0, 0], "uv_size": [0, 4]},
								"down": {"uv": [0, 4], "uv_size": [0, -4]}
							}
						}
					]
				},
				{
					"name": "tail_fin",
					"parent": "body",
					"pivot": [-0.00075, 1, 16.02618],
					"cubes": [
						{
							"origin": [-0.00075, -1, 17.02618],
							"size": [0, 4, 1],
							"uv": {
								"north": {"uv": [0, 0], "uv_size": [0, 4]},
								"east": {"uv": [22, 27], "uv_size": [1, 4]},
								"south": {"uv": [0, 0], "uv_size": [0, 4]},
								"west": {"uv": [23, 27], "uv_size": [1, 4]},
								"up": {"uv": [0, 0], "uv_size": [0, 1]},
								"down": {"uv": [0, 1], "uv_size": [0, -1]}
							}
						},
						{
							"origin": [-0.00075, 0, 16.02618],
							"size": [0, 2, 1],
							"uv": {
								"north": {"uv": [0, 0], "uv_size": [0, 2]},
								"east": {"uv": [16, 28], "uv_size": [1, 2]},
								"south": {"uv": [0, 0], "uv_size": [0, 2]},
								"west": {"uv": [17, 28], "uv_size": [1, 2]},
								"up": {"uv": [0, 0], "uv_size": [0, 1]},
								"down": {"uv": [0, 1], "uv_size": [0, -1]}
							}
						},
						{
							"origin": [-0.00075, -2, 18.02618],
							"size": [0, 6, 1],
							"uv": {
								"north": {"uv": [0, 0], "uv_size": [0, 6]},
								"east": {"uv": [20, 25], "uv_size": [1, 6]},
								"south": {"uv": [0, 0], "uv_size": [0, 6]},
								"west": {"uv": [21, 25], "uv_size": [1, 6]},
								"up": {"uv": [0, 0], "uv_size": [0, 1]},
								"down": {"uv": [0, 1], "uv_size": [0, -1]}
							}
						},
						{
							"origin": [-0.00075, -3, 19.02618],
							"size": [0, 9, 1],
							"uv": {
								"north": {"uv": [0, 0], "uv_size": [0, 9]},
								"east": {"uv": [18, 25], "uv_size": [1, 9]},
								"south": {"uv": [0, 0], "uv_size": [0, 9]},
								"west": {"uv": [19, 25], "uv_size": [1, 9]},
								"up": {"uv": [0, 0], "uv_size": [0, 1]},
								"down": {"uv": [0, 1], "uv_size": [0, -1]}
							}
						}
					]
				}
			]
		}
	]
}