{
	"format_version": "1.12.0",
	"minecraft:geometry": [
		{
			"description": {
				"identifier": "geometry.loadisk.guppy",
				"texture_width": 32,
				"texture_height": 32,
				"visible_bounds_width": 3,
				"visible_bounds_height": 2.5,
				"visible_bounds_offset": [0, 0.75, 0]
			},
			"bones": [
				{
					"name": "lab_fish",
					"pivot": [0, 1, -1],
					"rotation": [-180, 0, 180]
				},
				{
					"name": "body",
					"parent": "lab_fish",
					"pivot": [0, 0.58333, 1.58333],
					"cubes": [
						{
							"origin": [-2, 0, 0],
							"size": [4, 3, 5],
							"uv": {
								"north": {"uv": [8, 6], "uv_size": [4, 3]},
								"east": {"uv": [8, 0], "uv_size": [5, 3]},
								"south": {"uv": [8, 9], "uv_size": [4, 3]},
								"west": {"uv": [8, 3], "uv_size": [5, 3]},
								"up": {"uv": [0, 6], "uv_size": [4, 5]},
								"down": {"uv": [4, 11], "uv_size": [4, -5]}
							}
						},
						{
							"origin": [0, 4, -3],
							"size": [0, 1, 5],
							"uv": {
								"north": {"uv": [0, 0], "uv_size": [0, 1]},
								"east": {"uv": [14, 6], "uv_size": [5, 1]},
								"south": {"uv": [0, 0], "uv_size": [0, 1]},
								"west": {"uv": [14, 7], "uv_size": [5, 1]},
								"up": {"uv": [0, 0], "uv_size": [0, 5]},
								"down": {"uv": [0, 5], "uv_size": [0, -5]}
							}
						},
						{
							"origin": [0, 3, -2],
							"size": [0, 1, 5],
							"uv": {
								"north": {"uv": [0, 0], "uv_size": [0, 1]},
								"east": {"uv": [14, 8], "uv_size": [5, 1]},
								"south": {"uv": [0, 0], "uv_size": [0, 1]},
								"west": {"uv": [14, 9], "uv_size": [5, 1]},
								"up": {"uv": [0, 0], "uv_size": [0, 5]},
								"down": {"uv": [0, 5], "uv_size": [0, -5]}
							}
						},
						{
							"origin": [0, -2, 0],
							"size": [0, 1, 3],
							"uv": {
								"north": {"uv": [0, 0], "uv_size": [0, 1]},
								"east": {"uv": [5, 11], "uv_size": [3, 1]},
								"south": {"uv": [0, 0], "uv_size": [0, 1]},
								"west": {"uv": [14, 10], "uv_size": [3, 1]},
								"up": {"uv": [0, 0], "uv_size": [0, 3]},
								"down": {"uv": [0, 3], "uv_size": [0, -3]}
							}
						},
						{
							"origin": [0, -1, 1],
							"size": [0, 1, 3],
							"uv": {
								"north": {"uv": [0, 0], "uv_size": [0, 1]},
								"east": {"uv": [14, 15], "uv_size": [3, 1]},
								"south": {"uv": [0, 0], "uv_size": [0, 1]},
								"west": {"uv": [2, 16], "uv_size": [3, 1]},
								"up": {"uv": [0, 0], "uv_size": [0, 3]},
								"down": {"uv": [0, 3], "uv_size": [0, -3]}
							}
						}
					]
				},
				{
					"name": "head",
					"parent": "body",
					"pivot": [0, 2, 4],
					"cubes": [
						{
							"origin": [-1, 1, 5],
							"size": [2, 2, 3],
							"uv": {
								"north": {"uv": [12, 15], "uv_size": [2, 2]},
								"east": {"uv": [0, 13], "uv_size": [3, 2]},
								"south": {"uv": [15, 13], "uv_size": [2, 2]},
								"west": {"uv": [12, 13], "uv_size": [3, 2]},
								"up": {"uv": [3, 13], "uv_size": [2, 3]},
								"down": {"uv": [5, 17], "uv_size": [2, -3]}
							}
						}
					]
				},
				{
					"name": "back",
					"parent": "lab_fish",
					"pivot": [0, 2, 1],
					"cubes": [
						{
							"origin": [-1, 1, -5],
							"size": [2, 2, 5],
							"uv": {
								"north": {"uv": [7, 14], "uv_size": [2, 2]},
								"east": {"uv": [0, 11], "uv_size": [5, 2]},
								"south": {"uv": [0, 15], "uv_size": [2, 2]},
								"west": {"uv": [5, 12], "uv_size": [5, 2]},
								"up": {"uv": [12, 6], "uv_size": [2, 5]},
								"down": {"uv": [10, 17], "uv_size": [2, -5]}
							}
						}
					]
				},
				{
					"name": "tail_fin",
					"parent": "back",
					"pivot": [0, 2.5, -4.8],
					"cubes": [
						{
							"origin": [0, 0.5, -13],
							"size": [0, 3, 8],
							"uv": {
								"north": {"uv": [0, 0], "uv_size": [0, 3]},
								"east": {"uv": [0, 0], "uv_size": [8, 3]},
								"south": {"uv": [0, 0], "uv_size": [0, 3]},
								"west": {"uv": [0, 3], "uv_size": [8, 3]},
								"up": {"uv": [0, 0], "uv_size": [0, 8]},
								"down": {"uv": [0, 8], "uv_size": [0, -8]}
							}
						},
						{
							"origin": [0, -0.5, -13],
							"size": [0, 1, 7],
							"uv": {
								"north": {"uv": [0, 0], "uv_size": [0, 1]},
								"east": {"uv": [12, 11], "uv_size": [7, 1]},
								"south": {"uv": [0, 0], "uv_size": [0, 1]},
								"west": {"uv": [12, 12], "uv_size": [7, 1]},
								"up": {"uv": [0, 0], "uv_size": [0, 7]},
								"down": {"uv": [0, 7], "uv_size": [0, -7]}
							}
						},
						{
							"origin": [0, -1.5, -14],
							"size": [0, 1, 7],
							"uv": {
								"north": {"uv": [0, 0], "uv_size": [0, 1]},
								"east": {"uv": [13, 0], "uv_size": [7, 1]},
								"south": {"uv": [0, 0], "uv_size": [0, 1]},
								"west": {"uv": [13, 1], "uv_size": [7, 1]},
								"up": {"uv": [0, 0], "uv_size": [0, 7]},
								"down": {"uv": [0, 7], "uv_size": [0, -7]}
							}
						},
						{
							"origin": [0, 3.5, -13],
							"size": [0, 1, 7],
							"uv": {
								"north": {"uv": [0, 0], "uv_size": [0, 1]},
								"east": {"uv": [13, 2], "uv_size": [7, 1]},
								"south": {"uv": [0, 0], "uv_size": [0, 1]},
								"west": {"uv": [13, 3], "uv_size": [7, 1]},
								"up": {"uv": [0, 0], "uv_size": [0, 7]},
								"down": {"uv": [0, 7], "uv_size": [0, -7]}
							}
						},
						{
							"origin": [0, 4.5, -14],
							"size": [0, 1, 7],
							"uv": {
								"north": {"uv": [0, 0], "uv_size": [0, 1]},
								"east": {"uv": [13, 4], "uv_size": [7, 1]},
								"south": {"uv": [0, 0], "uv_size": [0, 1]},
								"west": {"uv": [13, 5], "uv_size": [7, 1]},
								"up": {"uv": [0, 0], "uv_size": [0, 7]},
								"down": {"uv": [0, 7], "uv_size": [0, -7]}
							}
						}
					]
				}
			]
		}
	]
}