{
	"format_version": "1.12.0",
	"minecraft:geometry": [
		{
			"description": {
				"identifier": "geometry.loadisk.leech",
				"texture_width": 64,
				"texture_height": 64,
				"visible_bounds_width": 4,
				"visible_bounds_height": 1.5,
				"visible_bounds_offset": [0, 0.25, 0]
			},
			"bones": [
				{
					"name": "root",
					"pivot": [0, 0, -4]
				},
				{
					"name": "head",
					"parent": "root",
					"pivot": [0, 4, -4]
				},
				{
					"name": "jawUpper",
					"parent": "head",
					"pivot": [0, 4, -4],
					"cubes": [
						{"origin": [-4, 4, -12], "size": [8, 4, 8], "uv": [0, 0]}
					]
				},
				{
					"name": "jawLower",
					"parent": "head",
					"pivot": [0, 4, -4],
					"cubes": [
						{"origin": [-4, 0, -12], "size": [8, 4, 8], "uv": [0, 12]}
					]
				},
				{
					"name": "body0",
					"parent": "head",
					"pivot": [0, 4, -4],
					"cubes": [
						{"origin": [-3, 1, -4], "size": [6, 6, 6], "uv": [24, 24]}
					]
				},
				{
					"name": "body1",
					"parent": "body0",
					"pivot": [0, 4, 2],
					"cubes": [
						{"origin": [-3, 1, 2], "size": [6, 6, 6], "uv": [0, 24]}
					]
				},
				{
					"name": "tail0",
					"parent": "body1",
					"pivot": [0, 4, 8],
					"cubes": [
						{"origin": [-2, 2, 8], "size": [4, 4, 4], "uv": [24, 0]}
					]
				},
				{
					"name": "tail1",
					"parent": "tail0",
					"pivot": [0, 4, 12],
					"cubes": [
						{"origin": [-2, 2, 12], "size": [4, 4, 4], "uv": [24, 12]}
					]
				},
				{
					"name": "tail2",
					"parent": "tail1",
					"pivot": [0, 4, 16],
					"cubes": [
						{"origin": [-1, 3, 16], "size": [2, 2, 2], "uv": [0, 16]}
					]
				},
				{
					"name": "tail3",
					"parent": "tail2",
					"pivot": [0, 4, 18],
					"cubes": [
						{"origin": [-1, 3, 18], "size": [2, 2, 2], "uv": [0, 12]}
					]
				},
				{
					"name": "tail4",
					"parent": "tail3",
					"pivot": [0, 4, 20],
					"cubes": [
						{"origin": [-1, 3, 20], "size": [2, 2, 2], "uv": [0, 4]}
					]
				},
				{
					"name": "tail5",
					"parent": "tail4",
					"pivot": [0, 4, 22],
					"cubes": [
						{"origin": [-1, 3, 22], "size": [2, 2, 2], "uv": [0, 0]}
					]
				}
			]
		}
	]
}