{
	"format_version": "1.12.0",
	"minecraft:geometry": [
		{
			"description": {
				"identifier": "geometry.loadisk.lionfish",
				"texture_width": 128,
				"texture_height": 128,
				"visible_bounds_width": 4,
				"visible_bounds_height": 3,
				"visible_bounds_offset": [0, 0.5, 0]
			},
			"bones": [
				{
					"name": "lab_fish",
					"pivot": [0, 4, 1]
				},
				{
					"name": "head",
					"parent": "lab_fish",
					"pivot": [-0.8409, 3.513, -6.16188],
					"cubes": [
						{"origin": [-4, -1.5, -10], "size": [7, 10, 4], "uv": [0, 0]},
						{"origin": [-3.999, -0.61341, -11.5396], "size": [7, 8, 2], "inflate": -0.003, "uv": [48, 15]},
						{"origin": [-0.52091, 2.27938, -13.48081], "size": [3, 2, 1], "inflate": 0.005, "pivot": [1.97909, 2.27938, -13.28116], "rotation": [-27.58957, -4.43385, 2.31336], "uv": [14, 14]},
						{"origin": [-3, 3.34876, -13.42526], "size": [5, 1, 3], "pivot": [0, 2.34876, -13.42526], "rotation": [-27.5, 0, 0], "uv": [50, 36]},
						{"origin": [-1.998, 4.00779, -12.03802], "size": [2, 3, 1], "pivot": [-1.498, 5.00779, -12.03802], "rotation": [-27.5, 0, 0], "uv": [50, 40]},
						{"origin": [-3.48289, 2.31962, -13.55812], "size": [3, 2, 1], "inflate": 0.005, "pivot": [-1.98289, 2.31962, -13.35846], "rotation": [-27.58957, 4.43385, -2.31336], "uv": [48, 29]},
						{"origin": [-3.5, 2.34876, -13.42526], "size": [6, 1, 3], "pivot": [0, 2.34876, -13.42526], "rotation": [-27.5, 0, 0], "uv": [48, 25]},
						{"origin": [-3, 4, -13], "size": [2, 2, 2], "uv": [38, 0]},
						{"origin": [0, 4, -13], "size": [2, 2, 2], "uv": [18, 0]},
						{"origin": [0.8, 5.69905, -11.95464], "size": [1, 5, 0], "pivot": [2.99905, 5.69905, -11.95464], "rotation": [14.98637, -0.64686, 2.41492], "uv": [36, 56]},
						{"origin": [-2.8, 5.74118, -11.96593], "size": [1, 5, 0], "pivot": [-3, 5.74118, -11.96593], "rotation": [14.98637, 0.64686, -2.41492], "uv": [38, 56]},
						{"origin": [-4, 1.11299, -13.53825], "size": [7, 1, 3], "pivot": [0, 2, -13], "rotation": [-27.5, 0, 0], "uv": [47, 32]},
						{"origin": [-4, -1.5, -14], "size": [7, 1, 4], "inflate": 0.001, "pivot": [-1, -1.5, -10], "rotation": [-27.5, 0, 0], "uv": [46, 46]},
						{"origin": [-2.89399, -12.60014, -13.80155], "size": [1, 3, 0], "pivot": [-8.91689, 0.02646, -12.13508], "rotation": [16.64616, -1.71648, -58.73991], "uv": [0, 0]},
						{"origin": [-3, 3.12278, -12.50176], "size": [5, 1, 2], "inflate": -0.002, "uv": [0, 14]},
						{"origin": [-4.74133, -3.01517, -10.7528], "size": [1, 3, 0], "pivot": [-3.74133, -0.01517, -11.7528], "rotation": [16.64616, 1.71648, 58.73991], "uv": [2, 0]},
						{"origin": [-0.5, 6.74118, -7.96593], "size": [0, 5, 1], "pivot": [-3, 5.74118, -11.96593], "rotation": [19.98637, 0.64686, 0], "uv": [20, 53]},
						{"origin": [-0.5, 6.74118, -5.96593], "size": [0, 7, 1], "pivot": [-3, 5.74118, -11.96593], "rotation": [14.98637, 0.64686, 0], "uv": [14, 53]}
					]
				},
				{
					"name": "Body",
					"parent": "lab_fish",
					"pivot": [-0.498, 5.00779, -1.03802],
					"cubes": [
						{"origin": [-2.5, -2, 1], "size": [4, 11, 4], "uv": [42, 0]},
						{"origin": [-3.5, -2, -6], "size": [6, 11, 4], "uv": [22, 0]},
						{"origin": [-3, -2.5, -2], "size": [5, 12, 3], "uv": [34, 35]},
						{"origin": [-2, -1.5, 5], "size": [3, 10, 2], "uv": [22, 49]},
						{"origin": [-2, 0, 7], "size": [3, 8, 1], "uv": [42, 51]},
						{"origin": [-1.5, 0.5, 8], "size": [2, 7, 1], "uv": [52, 51]},
						{"origin": [-1.5, 1, 9], "size": [2, 6, 1], "uv": [4, 54]},
						{"origin": [-1, 2, 10], "size": [1, 4, 1], "uv": [32, 56]},
						{"origin": [-1, 1.5, 11], "size": [1, 5, 1], "uv": [16, 54]}
					]
				},
				{
					"name": "Fins",
					"parent": "Body",
					"pivot": [0, -8, 8],
					"cubes": [
						{"origin": [-0.5, 8.21638, 4.0134], "size": [0, 6, 6], "pivot": [-2.26603, 8.37841, 5.69231], "rotation": [-22.51363, 0.64686, 0], "uv": [22, 37]},
						{"origin": [-2.5, -9.21638, 4.0134], "size": [0, 10, 7], "pivot": [-2.26603, -24.37841, 5.69231], "rotation": [22.51363, 0.64686, 0], "uv": [34, 8]},
						{"origin": [1.5, -9.21638, 4.0134], "size": [0, 10, 7], "pivot": [-2.26603, -24.37841, 5.69231], "rotation": [22.51363, 0.64686, 0], "uv": [34, 18]},
						{"origin": [-0.5, -8.21638, 14.0134], "size": [0, 6, 5], "pivot": [-2.26603, -24.37841, 5.69231], "rotation": [22.51363, 0.64686, 0], "uv": [32, 45]}
					]
				},
				{
					"name": "right_fin",
					"parent": "Body",
					"pivot": [3, 1, -6],
					"cubes": [
						{"origin": [4.60186, -4.69808, -8.5868], "size": [0, 13, 17], "pivot": [6.26603, 1.62159, -3.30769], "rotation": [23.03532, 28.20684, -17.83276], "uv": [0, 0]}
					]
				},
				{
					"name": "left_fin",
					"parent": "Body",
					"pivot": [-3.60186, 1, -6.0868],
					"cubes": [
						{"origin": [-5.60186, -4.69808, -8.5868], "size": [0, 13, 17], "pivot": [-6.26603, 1.62159, -3.30769], "rotation": [23.03532, -28.20684, 17.83276], "uv": [0, 13]}
					]
				},
				{
					"name": "tail_fin",
					"parent": "Body",
					"pivot": [-0.5, 4, 11.5],
					"cubes": [
						{"origin": [-0.5, -1.5, 11], "size": [0, 11, 11], "uv": [0, 32]}
					]
				},
				{
					"name": "Barbs",
					"parent": "Body",
					"pivot": [-3, 5.74118, -11.96593],
					"cubes": [
						{"origin": [-0.5, 9.10814, 3.41867], "size": [0, 10, 1], "pivot": [-1, 9.74118, 0.03407], "rotation": [-12.51363, 0.64686, 0], "uv": [0, 53]},
						{"origin": [-0.5, 9.10814, 1.41867], "size": [0, 11, 1], "pivot": [-1, 9.74118, 0.03407], "rotation": [-2.51363, 0.64686, 0], "uv": [50, 50]},
						{"origin": [-0.5, 9.10814, -0.58133], "size": [0, 10, 1], "pivot": [-1, 9.74118, 0.03407], "rotation": [2.48637, 0.64686, 0], "uv": [2, 53]},
						{"origin": [-0.5, 8.84758, -2.5985], "size": [0, 9, 1], "pivot": [-1, 9.74118, -1.96593], "rotation": [7.48637, 0.64686, 0], "uv": [10, 53]},
						{"origin": [-0.5, 6, -3.96593], "size": [0, 9, 1], "pivot": [-3, 5.74118, -11.96593], "rotation": [12.48637, 0.64686, 0], "uv": [12, 53]}
					]
				}
			]
		}
	]
}