{
	"format_version": "1.12.0",
	"minecraft:geometry": [
		{
			"description": {
				"identifier": "geometry.loadisk.mackerel",
				"texture_width": 64,
				"texture_height": 64,
				"visible_bounds_width": 4,
				"visible_bounds_height": 2.5,
				"visible_bounds_offset": [0, 0.75, 0]
			},
			"bones": [
				{
					"name": "lab_fish",
					"pivot": [0, 3, 0]
				},
				{
					"name": "body",
					"parent": "lab_fish",
					"pivot": [0, 3, -9],
					"cubes": [
						{
							"origin": [0, -1, -8],
							"size": [0, 1, 2],
							"uv": {
								"north": {"uv": [0, 0], "uv_size": [0, 1]},
								"east": {"uv": [17, 26], "uv_size": [2, 1]},
								"south": {"uv": [0, 0], "uv_size": [0, 1]},
								"west": {"uv": [20, 26], "uv_size": [2, 1]},
								"up": {"uv": [0, 0], "uv_size": [0, 2]},
								"down": {"uv": [0, 2], "uv_size": [0, -2]}
							}
						},
						{
							"origin": [0, -2, -7],
							"size": [0, 1, 1],
							"uv": {
								"north": {"uv": [0, 0], "uv_size": [0, 1]},
								"east": {"uv": [27, 9], "uv_size": [1, 1]},
								"south": {"uv": [0, 0], "uv_size": [0, 1]},
								"west": {"uv": [10, 27], "uv_size": [1, 1]},
								"up": {"uv": [0, 0], "uv_size": [0, 1]},
								"down": {"uv": [0, 1], "uv_size": [0, -1]}
							}
						},
						{
							"origin": [0, 8, -2],
							"size": [0, 1, 2],
							"uv": {
								"north": {"uv": [0, 0], "uv_size": [0, 1]},
								"east": {"uv": [26, 20], "uv_size": [2, 1]},
								"south": {"uv": [0, 0], "uv_size": [0, 1]},
								"west": {"uv": [26, 21], "uv_size": [2, 1]},
								"up": {"uv": [0, 0], "uv_size": [0, 2]},
								"down": {"uv": [0, 2], "uv_size": [0, -2]}
							}
						},
						{
							"origin": [0, 7, -4],
							"size": [0, 1, 3],
							"uv": {
								"north": {"uv": [0, 0], "uv_size": [0, 1]},
								"east": {"uv": [16, 25], "uv_size": [3, 1]},
								"south": {"uv": [0, 0], "uv_size": [0, 1]},
								"west": {"uv": [25, 16], "uv_size": [3, 1]},
								"up": {"uv": [0, 0], "uv_size": [0, 3]},
								"down": {"uv": [0, 3], "uv_size": [0, -3]}
							}
						},
						{
							"origin": [0, 6, -5],
							"size": [0, 1, 5],
							"uv": {
								"north": {"uv": [0, 0], "uv_size": [0, 1]},
								"east": {"uv": [24, 0], "uv_size": [5, 1]},
								"south": {"uv": [0, 0], "uv_size": [0, 1]},
								"west": {"uv": [24, 1], "uv_size": [5, 1]},
								"up": {"uv": [0, 0], "uv_size": [0, 5]},
								"down": {"uv": [0, 5], "uv_size": [0, -5]}
							}
						},
						{
							"origin": [-2, 0, -10],
							"size": [4, 6, 24],
							"uv": {
								"north": {"uv": [8, 12], "uv_size": [4, 6]},
								"east": {"uv": [0, 0], "uv_size": [24, 6]},
								"south": {"uv": [12, 12], "uv_size": [4, 6]},
								"west": {"uv": [0, 6], "uv_size": [24, 6]},
								"up": {"uv": [0, 12], "uv_size": [4, 24]},
								"down": {"uv": [4, 36], "uv_size": [4, -24]}
							}
						}
					]
				},
				{
					"name": "left_fin",
					"parent": "body",
					"pivot": [-2.2118, 2.5, -7.36251],
					"rotation": [0, -12.5, 0],
					"cubes": [
						{
							"origin": [-1.99536, 1, -8.21954],
							"size": [0, 1, 2],
							"uv": {
								"north": {"uv": [0, 0], "uv_size": [0, 1]},
								"east": {"uv": [26, 24], "uv_size": [2, 1]},
								"south": {"uv": [0, 0], "uv_size": [0, 1]},
								"west": {"uv": [25, 26], "uv_size": [2, 1]},
								"up": {"uv": [0, 0], "uv_size": [0, 2]},
								"down": {"uv": [0, 2], "uv_size": [0, -2]}
							}
						},
						{
							"origin": [-1.99536, 3, -8.21954],
							"size": [0, 1, 5],
							"uv": {
								"north": {"uv": [0, 0], "uv_size": [0, 1]},
								"east": {"uv": [24, 4], "uv_size": [5, 1]},
								"south": {"uv": [0, 0], "uv_size": [0, 1]},
								"west": {"uv": [24, 5], "uv_size": [5, 1]},
								"up": {"uv": [0, 0], "uv_size": [0, 5]},
								"down": {"uv": [0, 5], "uv_size": [0, -5]}
							}
						},
						{
							"origin": [-1.99536, 2, -8.21954],
							"size": [0, 1, 4],
							"uv": {
								"north": {"uv": [0, 0], "uv_size": [0, 1]},
								"east": {"uv": [25, 14], "uv_size": [4, 1]},
								"south": {"uv": [0, 0], "uv_size": [0, 1]},
								"west": {"uv": [25, 15], "uv_size": [4, 1]},
								"up": {"uv": [0, 0], "uv_size": [0, 4]},
								"down": {"uv": [0, 4], "uv_size": [0, -4]}
							}
						}
					]
				},
				{
					"name": "right_fin",
					"parent": "body",
					"pivot": [2.11699, 2.5, -6.49675],
					"rotation": [0, 12.5, 0],
					"cubes": [
						{
							"origin": [1.90055, 1, -7.35378],
							"size": [0, 1, 2],
							"uv": {
								"north": {"uv": [0, 0], "uv_size": [0, 1]},
								"east": {"uv": [26, 22], "uv_size": [2, 1]},
								"south": {"uv": [0, 0], "uv_size": [0, 1]},
								"west": {"uv": [26, 23], "uv_size": [2, 1]},
								"up": {"uv": [0, 0], "uv_size": [0, 2]},
								"down": {"uv": [0, 2], "uv_size": [0, -2]}
							}
						},
						{
							"origin": [1.90055, 3, -7.35378],
							"size": [0, 1, 5],
							"uv": {
								"north": {"uv": [0, 0], "uv_size": [0, 1]},
								"east": {"uv": [24, 2], "uv_size": [5, 1]},
								"south": {"uv": [0, 0], "uv_size": [0, 1]},
								"west": {"uv": [24, 3], "uv_size": [5, 1]},
								"up": {"uv": [0, 0], "uv_size": [0, 5]},
								"down": {"uv": [0, 5], "uv_size": [0, -5]}
							}
						},
						{
							"origin": [1.90055, 2, -7.35378],
							"size": [0, 1, 4],
							"uv": {
								"north": {"uv": [0, 0], "uv_size": [0, 1]},
								"east": {"uv": [25, 12], "uv_size": [4, 1]},
								"south": {"uv": [0, 0], "uv_size": [0, 1]},
								"west": {"uv": [25, 13], "uv_size": [4, 1]},
								"up": {"uv": [0, 0], "uv_size": [0, 4]},
								"down": {"uv": [0, 4], "uv_size": [0, -4]}
							}
						}
					]
				},
				{
					"name": "tail_fin",
					"parent": "body",
					"pivot": [-0.56833, 3, 16],
					"cubes": [
						{
							"origin": [0, 1, 16.9043],
							"size": [0, 4, 1],
							"uv": {
								"north": {"uv": [0, 0], "uv_size": [0, 4]},
								"east": {"uv": [24, 24], "uv_size": [1, 4]},
								"south": {"uv": [0, 0], "uv_size": [0, 4]},
								"west": {"uv": [25, 6], "uv_size": [1, 4]},
								"up": {"uv": [0, 0], "uv_size": [0, 1]},
								"down": {"uv": [0, 1], "uv_size": [0, -1]}
							}
						},
						{
							"origin": [0, 2, 14.9043],
							"size": [0, 2, 2],
							"uv": {
								"north": {"uv": [0, 0], "uv_size": [0, 2]},
								"east": {"uv": [25, 20], "uv_size": [1, 2]},
								"south": {"uv": [0, 0], "uv_size": [0, 2]},
								"west": {"uv": [25, 24], "uv_size": [1, 2]},
								"up": {"uv": [0, 0], "uv_size": [0, 1]},
								"down": {"uv": [0, 1], "uv_size": [0, -1]}
							}
						},
						{
							"origin": [0, 4, 17.9043],
							"size": [0, 2, 1],
							"uv": {
								"north": {"uv": [0, 0], "uv_size": [0, 2]},
								"east": {"uv": [26, 6], "uv_size": [1, 2]},
								"south": {"uv": [0, 0], "uv_size": [0, 2]},
								"west": {"uv": [26, 8], "uv_size": [1, 2]},
								"up": {"uv": [0, 0], "uv_size": [0, 1]},
								"down": {"uv": [0, 1], "uv_size": [0, -1]}
							}
						},
						{
							"origin": [0, 0, 17.9043],
							"size": [0, 2, 1],
							"uv": {
								"north": {"uv": [0, 0], "uv_size": [0, 2]},
								"east": {"uv": [26, 10], "uv_size": [1, 2]},
								"south": {"uv": [0, 0], "uv_size": [0, 2]},
								"west": {"uv": [16, 26], "uv_size": [1, 2]},
								"up": {"uv": [0, 0], "uv_size": [0, 1]},
								"down": {"uv": [0, 1], "uv_size": [0, -1]}
							}
						},
						{
							"origin": [0, 6, 18.9043],
							"size": [0, 1, 1],
							"uv": {
								"north": {"uv": [0, 0], "uv_size": [0, 1]},
								"east": {"uv": [26, 25], "uv_size": [1, 1]},
								"south": {"uv": [0, 0], "uv_size": [0, 1]},
								"west": {"uv": [27, 6], "uv_size": [1, 1]},
								"up": {"uv": [0, 0], "uv_size": [0, 1]},
								"down": {"uv": [0, 1], "uv_size": [0, -1]}
							}
						},
						{
							"origin": [0, -1, 18.9043],
							"size": [0, 1, 1],
							"uv": {
								"north": {"uv": [0, 0], "uv_size": [0, 1]},
								"east": {"uv": [27, 7], "uv_size": [1, 1]},
								"south": {"uv": [0, 0], "uv_size": [0, 1]},
								"west": {"uv": [27, 8], "uv_size": [1, 1]},
								"up": {"uv": [0, 0], "uv_size": [0, 1]},
								"down": {"uv": [0, 1], "uv_size": [0, -1]}
							}
						}
					]
				},
				{
					"name": "butt",
					"parent": "body",
					"pivot": [0, 0, 0],
					"cubes": [
						{
							"origin": [-1, 2, 15],
							"size": [2, 2, 1],
							"uv": {
								"north": {"uv": [24, 10], "uv_size": [2, 2]},
								"east": {"uv": [21, 18], "uv_size": [1, 2]},
								"south": {"uv": [24, 22], "uv_size": [2, 2]},
								"west": {"uv": [19, 25], "uv_size": [1, 2]},
								"up": {"uv": [25, 19], "uv_size": [2, 1]},
								"down": {"uv": [20, 26], "uv_size": [2, -1]}
							}
						},
						{
							"origin": [-1, 1, 14],
							"size": [2, 4, 1],
							"uv": {
								"north": {"uv": [14, 23], "uv_size": [2, 4]},
								"east": {"uv": [24, 6], "uv_size": [1, 4]},
								"south": {"uv": [22, 23], "uv_size": [2, 4]},
								"west": {"uv": [24, 18], "uv_size": [1, 4]},
								"up": {"uv": [25, 17], "uv_size": [2, 1]},
								"down": {"uv": [25, 19], "uv_size": [2, -1]}
							}
						}
					]
				},
				{
					"name": "head",
					"parent": "lab_fish",
					"pivot": [0, 3.75, -9.5],
					"cubes": [
						{
							"origin": [-2, 1, -12],
							"size": [4, 5, 3],
							"inflate": 0.03,
							"uv": {
								"north": {"uv": [8, 18], "uv_size": [4, 5]},
								"east": {"uv": [16, 20], "uv_size": [3, 5]},
								"south": {"uv": [12, 18], "uv_size": [4, 5]},
								"west": {"uv": [19, 20], "uv_size": [3, 5]},
								"up": {"uv": [21, 12], "uv_size": [4, 3]},
								"down": {"uv": [21, 18], "uv_size": [4, -3]}
							}
						},
						{
							"origin": [-1, 2, -17],
							"size": [2, 4, 5],
							"uv": {
								"north": {"uv": [10, 23], "uv_size": [2, 4]},
								"east": {"uv": [16, 12], "uv_size": [5, 4]},
								"south": {"uv": [12, 23], "uv_size": [2, 4]},
								"west": {"uv": [16, 16], "uv_size": [5, 4]},
								"up": {"uv": [22, 18], "uv_size": [2, 5]},
								"down": {"uv": [8, 28], "uv_size": [2, -5]}
							}
						}
					]
				}
			]
		}
	]
}