{
	"format_version": "1.12.0",
	"minecraft:geometry": [
		{
			"description": {
				"identifier": "geometry.loadisk.piranha",
				"texture_width": 64,
				"texture_height": 64,
				"visible_bounds_width": 3,
				"visible_bounds_height": 2.5,
				"visible_bounds_offset": [0, 0.75, 0]
			},
			"bones": [
				{
					"name": "lab_fish",
					"pivot": [-0.5, 0, 0],
					"rotation": [0, 90, 0]
				},
				{
					"name": "body",
					"parent": "lab_fish",
					"pivot": [-4.11905, 6.52381, 0.47619],
					"cubes": [
						{"origin": [-4.5, 12, 0], "size": [6, 2, 0], "uv": [20, 9]},
						{"origin": [-5.5, 0, 0], "size": [9, 12, 1], "uv": [0, 0]},
						{"origin": [-9.5, 2, 0], "size": [1, 8, 1], "uv": [24, 33]},
						{"origin": [-10.5, 4, 0], "size": [1, 5, 1], "uv": [36, 28]},
						{"origin": [-8.5, 1, 0], "size": [3, 10, 1], "uv": [12, 24]},
						{"origin": [3.5, 1, 0], "size": [2, 10, 1], "uv": [32, 9]},
						{"origin": [5.5, 2, 0], "size": [1, 8, 1], "uv": [20, 33]},
						{"origin": [-4.5, 1, 1], "size": [7, 10, 1], "uv": [16, 13]},
						{"origin": [-4.5, 1, -1], "size": [7, 10, 1], "uv": [0, 13]},
						{"origin": [-3.5, 2, 2], "size": [5, 8, 1], "uv": [0, 24]},
						{"origin": [-3.5, 2, -2], "size": [5, 8, 1], "uv": [20, 0]},
						{"origin": [2.5, 2, -1], "size": [2, 8, 1], "uv": [6, 33]},
						{"origin": [2.5, 2, 1], "size": [2, 8, 1], "uv": [0, 33]},
						{"origin": [-7.5, 2, 1], "size": [3, 8, 1], "uv": [32, 0]},
						{"origin": [-7.5, 2, -1], "size": [3, 8, 1], "uv": [28, 24]},
						{"origin": [-8.5, 3, 1], "size": [1, 6, 1], "uv": [32, 33]},
						{"origin": [-8.5, 3, -1], "size": [1, 6, 1], "uv": [28, 33]},
						{"origin": [-10.5, 5, -1], "size": [2, 3, 1], "uv": [36, 24]},
						{"origin": [-10.5, 5, 1], "size": [2, 3, 1], "uv": [32, 20]}
					]
				},
				{
					"name": "butt",
					"parent": "body",
					"pivot": [-10.5, 6.5, 0],
					"cubes": [
						{"origin": [-11.5, 6, 0], "size": [1, 2, 1], "uv": [36, 34]}
					]
				},
				{
					"name": "tail_fin",
					"parent": "butt",
					"pivot": [-11.5, 7.5, 0],
					"cubes": [
						{"origin": [-15.5, 3, 0.5], "size": [4, 9, 0], "uv": [20, 24]}
					]
				},
				{
					"name": "head",
					"parent": "body",
					"pivot": [6.5, 4.79169, 0.5],
					"cubes": [
						{"origin": [6.5, 3, 0], "size": [2, 4, 1], "uv": [12, 35]},
						{"origin": [6.5, 5, -1], "size": [1, 1, 1], "uv": [26, 11]},
						{"origin": [6.5, 5, 1], "size": [1, 1, 1], "uv": [37, 19]}
					]
				},
				{
					"name": "jaw",
					"parent": "head",
					"pivot": [8.05933, 3.2956, 0.5],
					"cubes": [
						{"origin": [7.63517, 3.05593, 0], "size": [2, 1, 1], "inflate": 0.001, "pivot": [8.18186, 4.79511, 0.5], "rotation": [0, 0, -27.5], "uv": [20, 11]},
						{"origin": [8.77142, 4.16544, 0.8], "size": [1, 1, 0], "inflate": -0.001, "pivot": [8.18186, 4.79511, 0.5], "rotation": [0, 0, 12.5], "uv": [19, 0]},
						{"origin": [8.77142, 4.16544, 0.2], "size": [1, 1, 0], "inflate": -0.001, "pivot": [8.18186, 4.79511, 0.5], "rotation": [0, 0, 12.5], "uv": [15, 13]}
					]
				},
				{
					"name": "left_fin",
					"parent": "body",
					"pivot": [3.50953, 2.5, 2.13673],
					"cubes": [
						{"origin": [1.50953, 2, 2.13673], "size": [2, 1, 0], "pivot": [3.50953, 3, 2.13773], "rotation": [0, 50, 0], "uv": [36, 37]}
					]
				},
				{
					"name": "right_fin",
					"parent": "body",
					"pivot": [3.5, 2.5, -1],
					"cubes": [
						{"origin": [1.5, 2, -1], "size": [2, 1, 0], "pivot": [3.5, 2, -1], "rotation": [0, -50, 0], "uv": [37, 9]}
					]
				}
			]
		}
	]
}