{
	"format_version": "1.12.0",
	"minecraft:geometry": [
		{
			"description": {
				"identifier": "geometry.loadisk.swordfish",
				"texture_width": 128,
				"texture_height": 128,
				"visible_bounds_width": 5,
				"visible_bounds_height": 2.5,
				"visible_bounds_offset": [0, 0.75, 0]
			},
			"bones": [
				{
					"name": "lab_fish",
					"pivot": [0, 3, -6]
				},
				{
					"name": "body",
					"parent": "lab_fish",
					"pivot": [0, -5, 0],
					"cubes": [
						{"origin": [-0.5, 6, 16], "size": [0, 2, 3], "uv": [0, 0]},
						{"origin": [-2, 3, -21], "size": [3, 3, 41], "uv": [0, 0]},
						{"origin": [-1, 4, -38], "size": [1, 1, 17], "uv": [74, 0]},
						{"origin": [-1, 3, -23], "size": [1, 1, 2], "uv": [0, 0]},
						{"origin": [-2, 6, -19], "size": [3, 1, 34], "uv": [0, 44]},
						{"origin": [-2, 2, -17], "size": [3, 1, 31], "uv": [40, 44]},
						{"origin": [-1, 1, -14], "size": [1, 1, 19], "uv": [0, 0]},
						{"origin": [-1, 0, -12], "size": [1, 1, 14], "uv": [0, 44]},
						{"origin": [-1, 7, -15], "size": [1, 1, 25], "uv": [47, 0]},
						{"origin": [-0.5, -3, 2], "size": [0, 4, 7], "uv": [21, 0]},
						{"origin": [-0.5, 8, -10], "size": [0, 10, 9], "uv": [0, 0]}
					]
				},
				{
					"name": "left_fin",
					"parent": "body",
					"pivot": [-0.61035, 2.0467, -9.49889],
					"rotation": [90, 0, 0],
					"cubes": [
						{"origin": [-2, -5.9533, -10.99889], "size": [0, 8, 3], "uv": [21, 8]}
					]
				},
				{
					"name": "right_fin",
					"parent": "body",
					"pivot": [0.61035, 2.0467, -9.49889],
					"rotation": [90, 0, 0],
					"cubes": [
						{"origin": [1.1, -5.9533, -10.99889], "size": [0, 8, 3], "uv": [22, 17]}
					]
				},
				{
					"name": "tail_fin",
					"parent": "body",
					"pivot": [-0.5, 5.5, 20.5],
					"cubes": [
						{"origin": [-0.5, -4, 20], "size": [0, 21, 11], "uv": [0, 9]}
					]
				}
			]
		}
	]
}