{
	"format_version": "1.12",
	"minecraft:recipe_shaped": {
		"description": {
			"identifier": "lab:auto_miner"
		},
		"tags": [
			"crafting_table"
		],
		"pattern": [
			"DBD",
			"ILI",
			"RMR"
		],
		"key": {
			"I": {
				"item": "minecraft:iron_block"
			},
			"M": {
				"item": "minecraft:minecart"
			},
			"L": {
				"item": "minecraft:lever"
			},
			"D": {
				"item": "minecraft:diamond"
			},
			"R": {
				"item": "minecraft:redstone_block"
			},
			"B": {
				"item": "minecraft:stonecutter_block"
			}
		},
		"result": {
			"item": "spawn_egg",
			"data": "query.get_actor_info_id('lab:auto_miner')"
		}
	}
}