{
   "format_version": "1.19.50",
   "sound_definitions": {
      "loadisk.deer.idle" : {
         "category" : "neutral",
         "sounds" : [
            "sounds/mob/deer/idle0",
            "sounds/mob/deer/idle1",
            "sounds/mob/deer/idle2"
         ]
      },
      "loadisk.deer.ambiant" : {
         "category" : "neutral",
         "sounds" : [
            "sounds/mob/deer/ambiant0",
            "sounds/mob/deer/ambiant1"
         ]
      },
      "loadisk.deer.death" : {
         "category" : "neutral",
         "sounds" : [
            "sounds/mob/deer/death0",
            "sounds/mob/deer/death1",
            "sounds/mob/deer/death2"
         ]
      },
      "loadisk.deer.hurt" : {
         "category" : "neutral",
         "sounds" : [
            "sounds/mob/deer/hurt0",
            "sounds/mob/deer/hurt1",
            "sounds/mob/deer/hurt2"
         ]
      },
      "loadisk.wild_cat.ambiant" : {
         "category" : "neutral",
         "sounds" : [
            "sounds/mob/wild_cat/ambiant"
         ]
      },
      "loadisk.wild_cat.attack" : {
         "category" : "neutral",
         "sounds" : [
            "sounds/mob/wild_cat/attack"
         ]
      },
      "loadisk.wild_cat.breathe" : {
         "category" : "neutral",
         "sounds" : [
            "sounds/mob/wild_cat/breathe"
         ]
      },
      "loadisk.wild_cat.death" : {
         "category" : "neutral",
         "sounds" : [
            "sounds/mob/wild_cat/death"
         ]
      },
      "loadisk.wild_cat.hurt" : {
         "category" : "neutral",
         "sounds" : [
            "sounds/mob/wild_cat/hurt"
         ]
      },
      "loadisk.ent.step" : {
         "category" : "neutral",
         "sounds" : [
            "sounds/mob/ent/step0",
            "sounds/mob/ent/step1",
            "sounds/mob/ent/step2",
            "sounds/mob/ent/step3",
            "sounds/mob/ent/step4",
            "sounds/mob/ent/step5",
            "sounds/mob/ent/step6",
            "sounds/mob/ent/step7"
         ]
      },
      "loadisk.hag.idle" : {
         "category" : "neutral",
         "sounds" : [
            "sounds/mob/hag/idle0",
            "sounds/mob/hag/idle1",
            "sounds/mob/hag/idle2",
            "sounds/mob/hag/idle3"
         ]
      },
      "loadisk.hag.damage" : {
         "category" : "neutral",
         "sounds" : [
            "sounds/mob/hag/damage0",
            "sounds/mob/hag/damage1",
            "sounds/mob/hag/damage2"
         ]
      },
      "loadisk.hag.death" : {
         "category" : "neutral",
         "sounds" : [
            "sounds/mob/hag/death0",
            "sounds/mob/hag/death1",
            "sounds/mob/hag/death2"
         ]
      },
      "loadisk.seagull.idle" : {
         "category" : "neutral",
         "sounds" : [
            "sounds/mob/seagull/idle00",
            "sounds/mob/seagull/idle01",
            "sounds/mob/seagull/idle02",
            "sounds/mob/seagull/idle03",
            "sounds/mob/seagull/idle04",
            "sounds/mob/seagull/idle05",
            "sounds/mob/seagull/idle06",
            "sounds/mob/seagull/idle07",
            "sounds/mob/seagull/idle08",
            "sounds/mob/seagull/idle09",
            "sounds/mob/seagull/idle10",
            "sounds/mob/seagull/idle11",
            "sounds/mob/seagull/idle12",
            "sounds/mob/seagull/idle13",
            "sounds/mob/seagull/idle14",
            "sounds/mob/seagull/idle15",
            "sounds/mob/seagull/idle17"
         ]
      },
      "loadisk.mushi.growl": {
         "category": "neutral",
         "sounds": [
            "sounds/mob/mushi/growl0",
            "sounds/mob/mushi/growl1"
         ],
         "volume": 1.0
      },
      "loadisk.mushi.hurt": {
         "category": "neutral",
         "sounds": [
            "sounds/mob/mushi/hurt0",
            "sounds/mob/mushi/hurt1",
            "sounds/mob/mushi/hurt2",
            "sounds/mob/mushi/growl0",
            "sounds/mob/mushi/growl1"
         ],
         "volume": 1.0
      },
      "loadisk.mushi.idle": {
         "category": "neutral",
         "sounds": [
            "sounds/mob/mushi/idle0",
            "sounds/mob/mushi/idle1"
         ],
         "volume": 1.0
      },
      "loadisk.mushi.sneez": {
         "category": "neutral",
         "sounds": [
            "sounds/mob/mushi/sneez"
         ],
         "volume": 1.0
      }
   }
}