{
    "format_version": "1.10.0",
    "animation_controllers": {
        "controller.animation.lab.pump": {
            "initial_state": "init",
            "states": {
                "pump": {
                    "animations": [
                        "squeez"
                    ],
                    "blend_transition": 1.0,
                    "transitions": [
                        {
                            "init": "!query.is_saddled"
                        }
                    ]
                },
                "init": {
                    "transitions": [
                        {
                            "pump": "query.is_saddled"
                        }
                    ],
                    "blend_transition": 1.0
                }
            }
        }
    }
}