{
    "format_version": "1.10.0",
    "animation_controllers": {
        "controller.animation.lab.engine": {
            "initial_state": "root.filter",
            "states": {
                "lab.engine": {
                    "animations": [
                        "death"
                    ],
					"sound_effects": [
						{
							"effect": "lab.engine"
						}
					]
                },
                "root.filter": {
                    "transitions": [
                        {
                            "lab.engine": "query.ground_speed > 0.0 && query.can_power_jump"
                        }
                    ]
                }
            }
        }
    }
}