{
  "format_version": "1.8.0",
  "render_controllers": {
    "controller.render.lab.pump": {
      "geometry": "geometry.default",
      "materials": [{"*": "Material.default"}],
      "textures": ["Texture.default"],
      "is_hurt_color": {},
      "on_fire_color": {}
    },
    "controller.render.lab.marker": {
      "arrays": {
        "textures": {
          "Array.block": [
            "Texture.blackstone",
            "Texture.blackstone",
            "Texture.clay",
            "Texture.dirt",
            "Texture.gravel",
            "Texture.oak" ,
            "Texture.sandstone",
            "Texture.stone",
            "Texture.netherrack",
            "Texture.diamond"
          ]
        }
      },
      "geometry": "geometry.icon",
      "materials": [{"*": "Material.default"}],
      "textures": [
        "Array.block[q.variant]"
      ],
      "is_hurt_color": {},
      "on_fire_color": {}
    }
  }
}