{
	"format_version": "1.12.0",
	"minecraft:geometry": [
		{
			"description": {
				"identifier": "geometry.lab.icon",
				"texture_width": 128,
				"texture_height": 128,
				"visible_bounds_width": 3,
				"visible_bounds_height": 2.5,
				"visible_bounds_offset": [0, 0.75, 0]
			},
			"bones": [
				{
					"name": "lab_pump",
					"pivot": [0, 0, 0],
					"cubes": [
						{
							"origin": [8.175, 1, -5],
							"size": [0, 10, 10],
							"uv": {
								"north": {"uv": [10, 115], "uv_size": [0, 10]},
								"east": {"uv": [20, 115], "uv_size": [-10, 10]},
								"south": {"uv": [0, 115], "uv_size": [0, 10]},
								"west": {"uv": [64, 0], "uv_size": [-64, 64]},
								"up": {"uv": [0, 115], "uv_size": [10, 0]},
								"down": {"uv": [10, 115], "uv_size": [10, 0]}
							}
						},
						{
							"origin": [-5, 1, -8.175],
							"size": [10, 10, 0],
							"uv": {
								"north": {"uv": [64, 0], "uv_size": [-64, 64]},
								"east": {"uv": [10, 115], "uv_size": [0, 10]},
								"south": {"uv": [20, 115], "uv_size": [-10, 10]},
								"west": {"uv": [0, 115], "uv_size": [0, 10]},
								"up": {"uv": [0, 115], "uv_size": [10, 0]},
								"down": {"uv": [10, 115], "uv_size": [10, 0]}
							}
						},
						{
							"origin": [-5, 1, 8.275],
							"size": [10, 10, 0],
							"uv": {
								"north": {"uv": [64, 0], "uv_size": [-64, 64]},
								"east": {"uv": [10, 115], "uv_size": [0, 10]},
								"south": {"uv": [20, 115], "uv_size": [-10, 10]},
								"west": {"uv": [0, 115], "uv_size": [0, 10]},
								"up": {"uv": [0, 115], "uv_size": [10, 0]},
								"down": {"uv": [10, 115], "uv_size": [10, 0]}
							}
						},
						{
							"origin": [-8.3, 1, -5],
							"size": [0, 10, 10],
							"uv": {
								"north": {"uv": [10, 115], "uv_size": [0, 10]},
								"east": {"uv": [20, 115], "uv_size": [-10, 10]},
								"south": {"uv": [0, 115], "uv_size": [0, 10]},
								"west": {"uv": [64, 0], "uv_size": [-64, 64]},
								"up": {"uv": [0, 115], "uv_size": [10, 0]},
								"down": {"uv": [10, 115], "uv_size": [10, 0]}
							}
						}
					]
				}
			]
		}
	]
}