{
	"format_version": "1.12.0",
	"minecraft:geometry": [
		{
			"description": {
				"identifier": "geometry.lab.auto_miner",
				"texture_width": 128,
				"texture_height": 128,
				"visible_bounds_width": 2,
				"visible_bounds_height": 2.5,
				"visible_bounds_offset": [0, 0.75, 0]
			},
			"bones": [
				{
					"name": "lab_miner",
					"pivot": [0, 0, 0]
				},
				{
					"name": "base",
					"parent": "lab_miner",
					"pivot": [0, 2.33333, 0],
					"cubes": [
						{"origin": [-6, 1, -7], "size": [1, 2, 2], "uv": [4, 29]},
						{"origin": [-6, 1, -3], "size": [1, 2, 2], "uv": [0, 27]},
						{"origin": [-6, 1, 1], "size": [1, 2, 2], "uv": [24, 27]},
						{"origin": [-6, 1, 5], "size": [1, 2, 2], "uv": [20, 29]},
						{"origin": [5, 1, -7], "size": [1, 2, 2], "uv": [6, 25]},
						{"origin": [5, 1, -3], "size": [1, 2, 2], "uv": [20, 25]},
						{"origin": [5, 1, 1], "size": [1, 2, 2], "uv": [26, 14]},
						{"origin": [5, 1, 5], "size": [1, 2, 2], "uv": [26, 18]}
					]
				},
				{
					"name": "body",
					"parent": "base",
					"pivot": [0, 0, 0],
					"cubes": [
						{"origin": [-5, 1, -6], "size": [10, 2, 12], "uv": [0, 0]},
						{"origin": [-4, 3, -5], "size": [8, 1, 10], "uv": [0, 14]},
						{"origin": [2, 4, -4], "size": [1, 1, 8], "uv": [38, 43]},
						{"origin": [-2, 4, -2], "size": [4, 1, 4], "uv": [29, 43]},
						{"origin": [-1, 5, -1], "size": [2, 2, 2], "inflate": -0.1, "uv": [0, 14]},
						{"origin": [-3, 4, -4], "size": [1, 1, 8], "uv": [38, 43]}
					]
				},
				{
					"name": "right_tred",
					"parent": "base",
					"pivot": [5.5, 2, 0]
				},
				{
					"name": "tred2",
					"parent": "right_tred",
					"pivot": [5.5, 2, 0],
					"cubes": [
						{"origin": [5, 1, -8], "size": [1, 2, 1], "uv": [34, 36]},
						{"origin": [5, 0, -7], "size": [1, 1, 14], "uv": [42, 13]},
						{"origin": [5, 3, -7], "size": [1, 1, 14], "uv": [0, 38]},
						{"origin": [5, 1, 7], "size": [1, 2, 1], "uv": [36, 6]}
					]
				},
				{
					"name": "tred4",
					"parent": "right_tred",
					"pivot": [5.5, 2, 0],
					"cubes": [
						{"origin": [5, 1, -8], "size": [1, 2, 1], "uv": [36, 3]},
						{"origin": [5, 0, -7], "size": [1, 1, 14], "uv": [34, 28]},
						{"origin": [5, 3, -7], "size": [1, 1, 14], "uv": [18, 27]},
						{"origin": [5, 1, 7], "size": [1, 2, 1], "uv": [34, 33]}
					]
				},
				{
					"name": "left_tred",
					"parent": "base",
					"pivot": [-5.5, 2, 0]
				},
				{
					"name": "tred00",
					"parent": "left_tred",
					"pivot": [-5.5, 2, 0],
					"cubes": [
						{"origin": [-6, 1, -8], "size": [1, 2, 1], "uv": [34, 36]},
						{"origin": [-6, 0, -7], "size": [1, 1, 14], "uv": [42, 13]},
						{"origin": [-6, 3, -7], "size": [1, 1, 14], "uv": [0, 38]},
						{"origin": [-6, 1, 7], "size": [1, 2, 1], "uv": [36, 6]}
					]
				},
				{
					"name": "tred01",
					"parent": "left_tred",
					"pivot": [-5.5, 2, 0],
					"cubes": [
						{"origin": [-6, 1, -8], "size": [1, 2, 1], "uv": [36, 3]},
						{"origin": [-6, 0, -7], "size": [1, 1, 14], "uv": [34, 28]},
						{"origin": [-6, 3, -7], "size": [1, 1, 14], "uv": [18, 27]},
						{"origin": [-6, 1, 7], "size": [1, 2, 1], "uv": [34, 33]}
					]
				},
				{
					"name": "head",
					"parent": "lab_miner",
					"pivot": [0, 6, 0],
					"cubes": [
						{"origin": [-2.5, 5, -6], "size": [5, 5, 12], "uv": [60, 9]},
						{"origin": [-2, 8, -6], "size": [4, 1, 12], "uv": [24, 14]},
						{"origin": [-1, 9, -4], "size": [2, 1, 9], "uv": [16, 42]},
						{"origin": [-2, 5, -6], "size": [4, 1, 12], "uv": [0, 25]},
						{"origin": [1, 6, -4], "size": [1, 2, 1], "uv": [34, 30]},
						{"origin": [1, 6, -0.5], "size": [1, 2, 1], "uv": [0, 34]},
						{"origin": [-2, 6, -0.5], "size": [1, 2, 1], "uv": [32, 7]},
						{"origin": [-2, 6, -4], "size": [1, 2, 1], "uv": [34, 27]},
						{"origin": [1, 6, 3], "size": [1, 2, 1], "uv": [28, 34]},
						{"origin": [-2, 6, 3], "size": [1, 2, 1], "uv": [24, 34]},
						{"origin": [-1, 6, -5], "size": [2, 2, 10], "uv": [32, 0]}
					]
				},
				{
					"name": "drill",
					"parent": "head",
					"pivot": [0, 7, -8.175],
					"cubes": [
						{"origin": [-2.5, 4.5, -8], "size": [5, 5, 1], "uv": [0, 0]},
						{"origin": [-1.5, 9.5, -8], "size": [3, 1, 1], "uv": [0, 25]},
						{"origin": [-1.5, 3.5, -8], "size": [3, 1, 1], "uv": [0, 22]},
						{"origin": [-3.5, 5.5, -8], "size": [1, 3, 1], "uv": [5, 33]},
						{"origin": [2.5, 5.5, -8], "size": [1, 3, 1], "uv": [32, 3]},
						{"origin": [-0.5, 8.5, -10], "size": [1, 1, 2], "uv": [24, 31]},
						{"origin": [-0.5, 8.5, -7], "size": [1, 1, 1], "uv": [26, 22]},
						{"origin": [-0.5, 4.5, -10], "size": [1, 1, 2], "uv": [0, 31]},
						{"origin": [-0.5, 4.5, -7], "size": [1, 1, 1], "uv": [8, 6]},
						{"origin": [-2.5, 6.5, -10], "size": [1, 1, 2], "uv": [30, 20]},
						{"origin": [-2.5, 6.5, -7], "size": [1, 1, 1], "uv": [28, 27]},
						{"origin": [1.5, 6.5, -10], "size": [1, 1, 2], "uv": [30, 16]},
						{"origin": [1.5, 6.5, -7], "size": [1, 1, 1], "uv": [6, 14]},
						{"origin": [-1.5, 5.5, -10], "size": [3, 3, 2], "uv": [0, 6]},
						{"origin": [-1.5, 5.5, -7], "size": [3, 3, 1], "uv": [0, 18]},
						{"origin": [-0.5, 5.5, -11], "size": [1, 3, 1], "uv": [20, 33]},
						{"origin": [-1.5, 6.5, -11], "size": [1, 1, 1], "uv": [28, 31]},
						{"origin": [-0.5, 6.5, -12], "size": [1, 1, 1], "uv": [8, 29]},
						{"origin": [0.5, 6.5, -11], "size": [1, 1, 1], "uv": [30, 14]},
						{"origin": [-0.5, 6.5, -6.5], "size": [1, 1, 2], "uv": [32, 0]}
					]
				}
			]
		}
	]
}