{
	"resource_pack_name": "lab",
	"texture_name": "atlas.items",
	"texture_data": {
		"lab:auto_miner.default": {
			"textures": "textures/lab/auto_miner/items/miner/default"
		},
		"lab:auto_miner.black": {
			"textures": "textures/lab/auto_miner/items/miner/black"
		},
		"lab:auto_miner.blue": {
			"textures": "textures/lab/auto_miner/items/miner/blue"
		},
		"lab:auto_miner.brown": {
			"textures": "textures/lab/auto_miner/items/miner/brown"
		},
		"lab:auto_miner.cyan": {
			"textures": "textures/lab/auto_miner/items/miner/cyan"
		},
		"lab:auto_miner.dark_green": {
			"textures": "textures/lab/auto_miner/items/miner/dark_green"
		},
		"lab:auto_miner.green": {
			"textures": "textures/lab/auto_miner/items/miner/green"
		},
		"lab:auto_miner.light_blue": {
			"textures": "textures/lab/auto_miner/items/miner/light_blue"
		},
		"lab:auto_miner.magenta": {
			"textures": "textures/lab/auto_miner/items/miner/magenta"
		},
		"lab:auto_miner.orange": {
			"textures": "textures/lab/auto_miner/items/miner/orange"
		},
		"lab:auto_miner.pink": {
			"textures": "textures/lab/auto_miner/items/miner/pink"
		},
		"lab:auto_miner.purple": {
			"textures": "textures/lab/auto_miner/items/miner/purple"
		},
		"lab:auto_miner.red": {
			"textures": "textures/lab/auto_miner/items/miner/red"
		},
		"lab:auto_miner.yellow": {
			"textures": "textures/lab/auto_miner/items/miner/yellow"
		},
		"lab:auto_miner.rainbow": {
			"textures": "textures/lab/auto_miner/items/miner/rainbow"
		},
		"lab:wagon": {
			"textures": "textures/lab/auto_miner/items/wagon_egg"
		},
		"lab:pump": {
			"textures": "textures/lab/auto_miner/items/pump_egg"
		},
		"lab:wrench": {
			"textures": "textures/lab/auto_miner/items/wrench"
		},
		"lab:starter": {
			"textures": "textures/lab/auto_miner/items/starter"
		},
		"lab:bolts": {
			"textures": "textures/lab/auto_miner/items/bolts"
		}
	}
}