{
	"format_version": "1.12",
	"minecraft:recipe_shaped": {
		"description": {
			"identifier": "lab:pump"
		},
		"tags": [
			"crafting_table"
		],
		"pattern": [
			"DID",
			"DHD",
			"DRD"
		],
		"key": {
			"I": {
				"item": "minecraft:iron_block"
			},
			"R": {
				"item": "minecraft:redstone_block"
			},
			"H": {
				"item": "minecraft:hopper"
			},
			"D": {
				"item": "minecraft:diamond"
			}
		},
		"result": {
			"item": "spawn_egg",
			"data": "query.get_actor_info_id('lab:pump')"
		}
	}
}