{
	"format_version": "1.10.0",
	"particle_effect": {
		"description": {
			"identifier": "loadisk:ender_burst",
			"basic_render_parameters": {
				"material": "particles_blend",
				"texture": "textures/particle/particles"
			}
		},
		"components": {
			"minecraft:emitter_initialization": {
				"creation_expression": "variable.size = 0.05;variable.radius = 0.9;"
			},
			"minecraft:emitter_local_space": {
				"position": true,
				"rotation": true,
				"velocity": true
			},
			"minecraft:emitter_rate_instant": {
				"num_particles": 10
			},
			"minecraft:emitter_lifetime_once": {
				"active_time": 1
			},
			"minecraft:emitter_shape_point": {
				"offset": ["variable.radius*-math.sin(variable.emitter_age)", "variable.radius*math.cos(variable.emitter_age)", 0]
			},
			"minecraft:particle_lifetime_expression": {
				"max_lifetime": 1
			},
			"minecraft:particle_initial_spin": {
				"rotation_rate": "math.random(1,500)"
			},
			"minecraft:particle_initial_speed": 3,
			"minecraft:particle_motion_dynamic": {
				"linear_drag_coefficient": 0.5,
				"rotation_drag_coefficient": "math.random(0.1,1) * math.sin(1)"
			},
			"minecraft:particle_appearance_billboard": {
				"size": ["variable.size*(1-variable.particle_age)", "variable.size*(1-variable.particle_age)"],
				"facing_camera_mode": "rotate_xyz",
				"uv": {
					"texture_width": 128,
					"texture_height": 128,
					"uv": [0, 0],
					"uv_size": [8, 8]
				}
			},
			"minecraft:particle_appearance_tinting": {
				"color": {
					"interpolant": "variable.particle_age ",
					"gradient": {
						"0.0": "#FFF900F6",
						"0.25": "#FFB01BAC",
						"0.5": "#FF3D0D4A",
						"0.76": "#FF22072A"
					}
				}
			}
		}
	}
}