{
	"format_version": "1.10.0",
	"particle_effect": {
		"description": {
			"identifier": "loadisk:rainbow_trail_point",
			"basic_render_parameters": {
				"material": "particles_blend",
				"texture": "textures/particle/particles"
			}
		},
		"components": {
			"minecraft:emitter_initialization": {
				"creation_expression": "variable.size=1;"
			},
			"minecraft:emitter_local_space": {
				"position": true,
				"rotation": true,
				"velocity": true
			},
			"minecraft:emitter_rate_steady": {
				"spawn_rate": 50,
				"max_particles": 1000
			},
			"minecraft:emitter_lifetime_once": {
				"active_time": 1
			},
			"minecraft:emitter_shape_point": {
				"direction": [0, -1, -1]
			},
			"minecraft:particle_lifetime_expression": {
				"max_lifetime": 0.9
			},
			"minecraft:particle_initial_speed": 3,
			"minecraft:particle_motion_dynamic": {},
			"minecraft:particle_appearance_billboard": {
				"size": ["variable.size*(1-variable.particle_age)", "variable.size*(1-variable.particle_age)"],
				"facing_camera_mode": "rotate_xyz",
				"uv": {
					"texture_width": 128,
					"texture_height": 128,
					"uv": [0, 0],
					"uv_size": [8, 8]
				}
			},
			"minecraft:particle_appearance_tinting": {
				"color": {
					"interpolant": "variable.particle_age",
					"gradient": {
						"0.0": "#FF00FFE6",
						"0.192": "#FFE100FF",
						"0.392": "#FFFFEF00",
						"0.6160000000000001": "#FF0070FF",
						"0.8": "#2400FF18"
					}
				}
			}
		}
	}
}