{
	"format_version": "1.10.0",
	"animation_controllers": {
		"controller.animation.lab.light_level.sensor": {
			"states": {
				"l_level00": {
					"transitions": [{"state_filter": "query.mark_variant != 0"}],
					"on_entry": ["/scoreboard players set @s check.l_level 0"]
				},
				"l_level01": {
					"transitions": [{"state_filter": "query.mark_variant != 1"}],
					"on_entry": ["/scoreboard players set @s check.l_level 1"]
				},
				"l_level02": {
					"transitions": [{"state_filter": "query.mark_variant != 2"}],
					"on_entry": ["/scoreboard players set @s check.l_level 2"]
				},
				"l_level03": {
					"transitions": [{"state_filter": "query.mark_variant != 3"}],
					"on_entry": ["/scoreboard players set @s check.l_level 3"]
				},
				"l_level04": {
					"transitions": [{"state_filter": "query.mark_variant != 4"}],
					"on_entry": ["/scoreboard players set @s check.l_level 4"]
				},
				"l_level05": {
					"transitions": [{"state_filter": "query.mark_variant != 5"}],
					"on_entry": ["/scoreboard players set @s check.l_level 5"]
				},
				"l_level06": {
					"transitions": [{"state_filter": "query.mark_variant != 6"}],
					"on_entry": ["/scoreboard players set @s check.l_level 6"]
				},
				"l_level07": {
					"transitions": [{"state_filter": "query.mark_variant != 7"}],
					"on_entry": ["/scoreboard players set @s check.l_level 7"]
				},
				"l_level08": {
					"transitions": [{"state_filter": "query.mark_variant != 8"}],
					"on_entry": ["/scoreboard players set @s check.l_level 8"]
				},
				"l_level09": {
					"transitions": [{"state_filter": "query.mark_variant != 9"}],
					"on_entry": ["/scoreboard players set @s check.l_level 9"]
				},
				"l_level10": {
					"transitions": [{"state_filter": "query.mark_variant != 10"}],
					"on_entry": ["/scoreboard players set @s check.l_level 10"]
				},
				"l_level11": {
					"transitions": [{"state_filter": "query.mark_variant != 11"}],
					"on_entry": ["/scoreboard players set @s check.l_level 11"]
				},
				"l_level12": {
					"transitions": [{"state_filter": "query.mark_variant != 12"}],
					"on_entry": ["/scoreboard players set @s check.l_level 12"]
				},
				"l_level13": {
					"transitions": [{"state_filter": "query.mark_variant != 13"}],
					"on_entry": ["/scoreboard players set @s check.l_level 13"]
				},
				"l_level14": {
					"transitions": [{"state_filter": "query.mark_variant != 14"}],
					"on_entry": ["/scoreboard players set @s check.l_level 14"]
				},
				"l_level15": {
					"transitions": [{"state_filter": "query.mark_variant != 15"}],
					"on_entry": ["/scoreboard players set @s check.l_level 15"]
				},
				"l_level16": {
					"transitions": [{"state_filter": "query.mark_variant != 16"}],
					"on_entry": ["/scoreboard players set @s check.l_level 16"]
				},
				"state_filter": {
					"transitions": [
						{"l_level00": "query.mark_variant == 0"},{"l_level01": "query.mark_variant == 1"},{"l_level02": "query.mark_variant == 2"},{"l_level03": "query.mark_variant == 3"},
						{"l_level04": "query.mark_variant == 4"},{"l_level05": "query.mark_variant == 5"},{"l_level06": "query.mark_variant == 6"},{"l_level07": "query.mark_variant == 7"},
						{"l_level08": "query.mark_variant == 8"},{"l_level09": "query.mark_variant == 9"},{"l_level10": "query.mark_variant == 10"},{"l_level11": "query.mark_variant == 11"},
						{"l_level12": "query.mark_variant == 12"},{"l_level13": "query.mark_variant == 13"},{"l_level14": "query.mark_variant == 14"},{"l_level15": "query.mark_variant == 15"},
						{"l_level16": "query.mark_variant == 16"}	
					]
				}
			}
		}
	}
}