{
  "format_version": "1.8.0",
  "minecraft:spawn_rules": {
    "description": {
      "identifier": "loadisk:ent",
      "population_control": "animal"
    },
    "conditions": [
      {
        "minecraft:spawns_on_surface": {},
        "minecraft:spawns_on_block_filter": "minecraft:grass",
        "minecraft:brightness_filter": {
          "min": 7,
          "max": 15,
          "adjust_for_weather": false
        },
        "minecraft:weight": {
          "default": 25
        },
        "minecraft:herd": {
          "min_size": 1,
          "max_size": 2,
          "event":"loadisk:mod.oak_event"
        },
    
        "minecraft:biome_filter": {
          "all_of": [
            {"test": "has_biome_tag", "operator":"==", "value": "forest"},
            {"test": "has_biome_tag", "operator":"!=", "value": "birch"}
          ]
        }
      },
      {
        "minecraft:spawns_on_surface": {},
        "minecraft:spawns_on_block_filter": "minecraft:grass",
        "minecraft:brightness_filter": {
          "min": 7,
          "max": 15,
          "adjust_for_weather": false
        },
        "minecraft:weight": {
          "default": 25
        },
        "minecraft:herd": {
          "min_size": 1,
          "max_size": 2,
          "event":"loadisk:mod.birch_event"
        },
    
        "minecraft:biome_filter": {
          "all_of": [
            {"test": "has_biome_tag", "operator":"==", "value": "forest"},
            {"test": "has_biome_tag", "operator":"==", "value": "birch"}
          ]
        }
      },
      {
        "minecraft:spawns_on_surface": {},
        "minecraft:spawns_on_block_filter": "minecraft:grass",
        "minecraft:brightness_filter": {
          "min": 7,
          "max": 15,
          "adjust_for_weather": false
        },
        "minecraft:weight": {
          "default": 25
        },
        "minecraft:herd": {
          "min_size": 1,
          "max_size": 2,
          "event":"loadisk:mod.jungle_event"
        },
    
        "minecraft:biome_filter": [
          {"test": "has_biome_tag", "operator":"==", "value": "jungle"}
        ]
      }
    ]
  }
}