{
  "format_version": "1.8.0",
  "minecraft:spawn_rules": {
    "description": {
      "identifier": "loadisk:hag",
      "population_control": "monster"
    },
    "conditions": [
      {
        "minecraft:spawns_on_surface": {},
        "minecraft:difficulty_filter": {"min": "easy","max": "hard"},
        "minecraft:weight": {"default": 20},
        "minecraft:herd": {"min_size": 1,"max_size": 3},
        "minecraft:biome_filter": {
          "any_of": [
            {
              "any_of": [
                {"test": "has_biome_tag","operator": "==","value": "swamp"},
                {"test": "has_biome_tag","operator": "==","value": "mangrove_swamp"}
              ]
            }
          ]
        }
      },
      {
        "minecraft:spawns_underground": {},
        "minecraft:brightness_filter": {"min": 0,"max": 7,"adjust_for_weather": true},
        "minecraft:difficulty_filter": {"min": "easy","max": "hard"},
        "minecraft:weight": {"default": 80},
        "minecraft:herd": {"min_size": 1,"max_size": 3},
        "minecraft:biome_filter": {
          "any_of": [
            {
              "any_of": [
                {"test": "has_biome_tag","operator": "==","value": "swamp"},
                {"test": "has_biome_tag","operator": "==","value": "mangrove_swamp"}
              ]
            }
          ]
        }
      }
    ]
  }
}