{
  "format_version": "1.8.0",
  "minecraft:spawn_rules": {
    "description": {
      "identifier": "loadisk:wild_cat",
      "population_control": "animal"
    },
    "conditions": [
      {
        "minecraft:spawns_on_surface": {},
        "minecraft:spawns_on_block_filter": "minecraft:grass",
        "minecraft:brightness_filter": {
          "min": 7,
          "max": 15,
          "adjust_for_weather": false
        },
        "minecraft:weight": {
          "default": 10
        },
        "minecraft:herd": [
          {"min_size":1, "max_size":2, "event":"loadisk:mod.lion_event"}
        ],
        "minecraft:biome_filter": {
          "test": "has_biome_tag", "operator":"==", "value": "savanna"
        }
      },
      {
        "minecraft:spawns_on_surface": {},
        "minecraft:spawns_on_block_filter": "minecraft:grass",
        "minecraft:brightness_filter": {
          "min": 7,
          "max": 15,
          "adjust_for_weather": false
        },
        "minecraft:weight": {
          "default": 10
        },
        "minecraft:herd": [
          {"min_size":1, "max_size":2, "event":"loadisk:mod.lionis_event"}
        ],
        "minecraft:biome_filter": {
          "test": "has_biome_tag", "operator":"==", "value": "savanna"
        }
      },
      {
        "minecraft:spawns_on_surface": {},
        "minecraft:spawns_on_block_filter": "minecraft:grass",
        "minecraft:brightness_filter": {
          "min": 7,
          "max": 15,
          "adjust_for_weather": false
        },
        "minecraft:weight": {
          "default": 10
        },
        "minecraft:herd": [
          {"min_size":1, "max_size":2, "event":"loadisk:mod.cheeta_event"}
        ],
        "minecraft:biome_filter": {
          "test": "has_biome_tag", "operator":"==", "value": "jungle"
        }
      },
      {
        "minecraft:spawns_on_surface": {},
        "minecraft:spawns_on_block_filter": "minecraft:grass",
        "minecraft:brightness_filter": {
          "min": 7,
          "max": 15,
          "adjust_for_weather": false
        },
        "minecraft:weight": {
          "default": 10
        },
        "minecraft:herd": [
          {"min_size":1, "max_size":2, "event":"loadisk:mod.panther_event"}
        ],
        "minecraft:biome_filter": {
          "test": "has_biome_tag", "operator":"==", "value": "jungle"
        }
      },
      {
        "minecraft:spawns_on_surface": {},
        "minecraft:spawns_on_block_filter": "minecraft:snow",
        "minecraft:brightness_filter": {
          "min": 7,
          "max": 15,
          "adjust_for_weather": false
        },
        "minecraft:weight": {
          "default": 10
        },
        "minecraft:herd": [
          {"min_size":1, "max_size":2, "event":"loadisk:mod.lepard_event"}
        ],
        "minecraft:biome_filter": [
          {"test": "has_biome_tag", "operator":"==", "value": "frozen"},
          {"test": "has_biome_tag", "operator":"==", "value": "ocean"},
          {"test": "has_biome_tag", "operator":"==", "value": "taiga"}
        ]
      }
    ]
  }
}