{
	"format_version": "1.10.0",
	"minecraft:client_entity": {
		"description": {
			"identifier": "lab:auto_miner.brown",
			"materials": {
				"default": "skeleton"
			},
			"textures": {
				"frame_default": "textures/lab/auto_miner/frame/default",
				"frame_black": "textures/lab/auto_miner/frame/black",
				"frame_blue": "textures/lab/auto_miner/frame/blue",
				"frame_brown": "textures/lab/auto_miner/frame/brown",
				"frame_cyan": "textures/lab/auto_miner/frame/cyan",
				"frame_dark_green": "textures/lab/auto_miner/frame/dark_green",
				"frame_green": "textures/lab/auto_miner/frame/green",
				"frame_light_blue": "textures/lab/auto_miner/frame/light_blue",
				"frame_magenta": "textures/lab/auto_miner/frame/magenta",
				"frame_orange": "textures/lab/auto_miner/frame/orange",
				"frame_pink": "textures/lab/auto_miner/frame/pink",
				"frame_purple": "textures/lab/auto_miner/frame/purple",
				"frame_red": "textures/lab/auto_miner/frame/red",
				"frame_yellow": "textures/lab/auto_miner/frame/yellow",
				"frame_rainbow": "textures/lab/auto_miner/frame/rainbow",
				"bit_iron": "textures/lab/auto_miner/drill_bits/iron",
				"bit_gold": "textures/lab/auto_miner/drill_bits/gold",
				"bit_diamond": "textures/lab/auto_miner/drill_bits/diamond",
				"bit_netherite": "textures/lab/auto_miner/drill_bits/netherite",
				"treads_deafult": "textures/lab/auto_miner/treads"
			},
			"geometry": {
				"default": "geometry.lab.auto_miner"
			},
			"scripts":{
				"animate": [
					"look_at_target","block_grid",
					{"walk": "query.ground_speed >= 0.0 && query.can_power_jump"},
					{"dig": "query.can_power_jump"} 
				]
			},
			"animations":{
				"walk": "animation.miner.walk",
				"dig": "animation.miner.dig",
				"look_at_target": "animation.miner.look_at_target",
				"block_grid": "animation.lab.roate_miner"
			},
			"render_controllers": [
				"controller.render.lab.auto_miner.frame",
				"controller.render.lab.auto_miner.bit",
				"controller.render.lab.auto_miner.treads"
			],			
			"spawn_egg": {
				"texture": "lab:auto_miner.brown"
			  }
			
		}
	}
}