{
	"format_version" : "1.8.0",
	"animations" : {
		"animation.lab.look_at_target" : {
			"loop" : true,
			"bones" : {
				"head" : {
					"relative_to" : {
						"rotation" : "entity"
					},
					"rotation" : [ 0.0, "query.target_y_rotation - this", 0.0 ]
				}
			}
		},
		"animation.lab.roate_block" : {
			"loop" : true,
			"bones" : {
				"lab_pump" : {
					"relative_to" : {
						"rotation" : "entity"
					},
					"rotation": [ 0, "-query.body_y_rotation + (Math.round(query.body_y_rotation / 90) * 90)", 0 ]
				}
			}
		},
		"animation.lab.roate_miner" : {
			"loop" : false,
			"bones" : {
				"lab_miner" : {
					"relative_to" : {
						"rotation" : "entity"
					},
					"rotation": [ 0, "-query.body_y_rotation + (Math.round(query.body_y_rotation / 90) * 90)", 0 ]
				}
			}
		}
	}
}
