{
    "format_version": "1.10.0",
    "animations": {
        "animation.moremobs.common.detect": {
            "animation_length": 1,"loop": false,
            "timeline": {
                "0.0": []
            }
        },
        "animation.moremobs.common.interact": {
            "animation_length": 1,"loop": false,
            "timeline": {
                "0.0": [
                    "/execute @s[type=loadisk:mushi] ~ ~ ~ function moremobs/diag.mushi"
                ]
            }
        }
    }
}