{
	"format_version" : "1.10.0",
	"animation_controllers" : {
		"controller.animation.loadisk.camel.baby" : {
			"initial_state" : "baby",
			"states" : {
				"baby" : {
					"animations" : [
						{
							"baby_transform" : "query.is_baby"
						}
					]
				}
			}
		},
		"controller.animation.loadisk.camel.move" : {
			"initial_state" : "default",
			"states" : {
				"default" : {
					"animations" : [
						{
							"idle" : "!q.is_moving"
						},
						{
							"setup.one_hump" : "q.is_sheared"
						},
						{
							"setup.two_hump" : "q.is_powered"
						},
						{
							"walk" : "query.modified_move_speed"
						},
						"look_at_target"
					]
				}
			}
		}
	}
}
