{
	"format_version": "1.10.0",
	"animation_controllers": {
		"controller.animation.loadisk.deer": {
			"initial_state": "default",
			"states": {
				"default": {
					"blend_transition": 0.2,
					"animations": ["idle"],
					"transitions": [{"move": "q.ground_speed > 0.2"},{"sit": "q.is_sitting"}]
				},
				"move": {
					"blend_transition": 0.2,
					"animations": ["move"],
					"transitions": [{"default": "q.ground_speed == 0"},{"sit": "q.is_sitting"}]
				},
				"sit": {
					"blend_transition": 0.2,
					"animations": ["sit","idle"],
					"transitions": [{"default": "!q.is_sitting"}]
				}
			}
		}
	}
}