{
	"format_version": "1.10.0",
	"animation_controllers": {
		"controller.animation.loadisk.ent": {
			"initial_state": "default",
			"states": {
				"default": {
					"blend_transition": 0.5,
					"animations": ["idle"],
					"transitions": [{"move": "q.ground_speed > 0.2"},{"attack": "q.is_delayed_attacking"},{"kick": "q.is_sheared"}]
				},
				"move": {
					"blend_transition": 0.5,
					"animations": ["move"],
					"transitions": [{"default": "q.ground_speed == 0"},{"attack": "q.is_delayed_attacking"},{"kick": "q.is_sheared"}]
				},
				"attack": {
					"blend_transition": 0.5,
					"animations": ["attack"],
					"transitions": [{"default": "!q.is_delayed_attacking"},{"kick": "q.is_sheared"}]
				},
				"kick": {
					"blend_transition": 0.5,
					"animations": ["kick"],
					"transitions": [{"default": "!q.is_sheared"}]
				}
			}
		}
	}
}