{
	"format_version" : "1.10.0",
	"animation_controllers" : {
		"controller.animation.loadisk.hag.root" : {
			"initial_state" : "third_person",
			"states" : {
				"third_person" : {
					"animations" : [
						"humanoid_base_pose",
						"move.arms",
						"move.legs",
						"holding",
						{"look_at_target" : "!query.is_sleeping && !query.is_emoting"},
						{"riding.arms" : "query.is_riding"},
						{"riding.legs" : "query.is_riding"},
						{"charging" : "query.is_charging"},
						{"sneaking" : "query.is_sneaking && !query.is_sleeping"},
						{"damage_nearby_mobs" : "variable.damage_nearby_mobs"},
						{"swimming" : "variable.swim_amount > 0.0"},
						{"swimming.legs" : "variable.swim_amount > 0.0"},
						{"use_item_progress": "( variable.use_item_interval_progress > 0.0 ) || ( variable.use_item_startup_progress > 0.0 ) && !variable.is_brandishing_spear && !variable.is_holding_spyglass && !variable.is_tooting_goat_horn && !query.is_item_name_any('slot.weapon.mainhand', 'minecraft:bow')"},
						{"sleeping" : "query.is_sleeping && query.is_alive"},
						{"attack.positions" : "variable.attack_time >= 0.0"},
						{"attack.rotations" : "variable.attack_time >= 0.0"},
						{"summon.c" : "q.has_target"},
						{"blast": "q.is_charged"}
					]
				}
			}
		},
		"controller.animation.loadisk.hag.summon": {
            "initial_state": "idle",
            "states": {
                "idle": {
                    "blend_transition": 0.3,
					"animations": ["star.idle"],
                    "transitions": [{"summon": "q.is_casting"}]
                },
                "summon": {
                    "blend_transition": 0.3,
                    "transitions": [{"idle": "!q.is_casting"}],
                    "animations": ["summon","star"]
                }
            }
        }
	}
}
