{
    "format_version": "1.10.0",
    "animation_controllers": {
        "controller.animation.loadisk.horse_particle_effect.c": {
            "initial_state": "default_state",
            "states": {
                "trail.rainbow": {
                    "animations": ["trail.rainbow"],
                    "transitions": [
                        {"default_state": "!q.is_moving"}
                    ]
                },
                "trail.ender": {
                    "animations": ["trail.ender"],
                    "transitions": [
                        {"default_state": "q.skin_id != 41"}
                    ]
                },
                "trail.void": {
                    "animations": ["trail.void"],
                    "transitions": [
                        {"default_state": "!q.is_moving"}
                    ]
                },
                "default_state": {
                    "transitions": [
                        {"trail.rainbow": "q.skin_id == 44 && q.is_moving"},
                        {"trail.ender": "q.skin_id == 41"},
                        {"trail.void": "q.skin_id == 45 && q.is_moving"}
                    ]
                }
            }
        },
        "controller.animation.loadisk.horse_flap.c": {
            "initial_state": "wing.idle",
            "states": {
                "wing.idle": {
                    "animations": [
                        {"wing.idle": "!q.is_saddled"},
                        {"wing.idle_saddled": "q.is_saddled"}
                    ],
                    "blend_transition": 0.2,
                    "transitions": [
                        {"wing.flap": "!q.is_on_ground"}
                    ]
                },
                "wing.flap": {
                    "animations": [
                        //{"wing.flap0": "!q.can_fly && q.vertical_speed < 4.5"},
                        "wing.flap1",
                        "flying"
                    ],
                    "blend_transition": 0.2,
                    "transitions": [
                        {"wing.idle": "q.is_on_ground"},
                        {"wing.flap2": "q.vertical_speed > 4.5"}
                    ]
                },
                "wing.flap2": {
                    "animations": [
                        "wing.flap2",
                        "flying"
                    ],
                    "blend_transition": 0.2,
                    "transitions": [
                        {"wing.idle": "q.is_on_ground"},
                        {"wing.flap": "q.vertical_speed < 4.5"}
                    ]
                }
            }
        }
    }
}