{
    "format_version": "1.10.0",
    "animation_controllers": {
        "controller.animation.loadisk.mushi.root": {
            "initial_state": "idle",
            "states": {
                "idle": {
                    "animations": ["idle"],
                    "blend_transition": 0.3,
                    "transitions": [
                        {"move": "q.ground_speed > 0.0 && !q.is_avoiding_mobs"},
                        {"run": "q.ground_speed > 0.0 && q.is_avoiding_mobs"},
                        {"attack": "q.is_delayed_attacking"},
                        {"ranged": "q.is_charged"}
                    ]
                },
                "move": {
                    "blend_transition": 0.3,
                    "transitions": [
                        {"idle": "q.ground_speed <= 0.0"},
                        {"attack": "q.is_delayed_attacking"},
                        {"ranged": "q.is_charged"},
                        {"run": "q.ground_speed > 0.0 && q.is_avoiding_mobs"}
                    ],
                    "animations": ["move"]
                },
                "run": {
                    "blend_transition": 0.3,
                    "transitions": [
                        {"idle": "q.ground_speed <= 0.0"},
                        {"attack": "q.is_delayed_attacking"},
                        {"ranged": "q.is_charged"},
                        {"move": "q.ground_speed > 0.0 && !q.is_avoiding_mobs"}
                    ],
                    "animations": ["run"]
                },
                "attack": {
                    "blend_transition": 0.3,
                    "transitions": [{"idle": "!q.is_delayed_attacking"}],
                    "animations": ["attack"]
                },
                "ranged": {
                    "blend_transition": 0.3,
                    "transitions": [{"idle": "!q.is_charged"}],
                    "animations": ["attack"]
                }
            }
        },
        "controller.animation.loadisk.mushi.action": {
            "initial_state": "idle",
            "states": {
                "idle": {
                    "blend_transition": 0.3,
                    "transitions": [{"action": "q.is_sheared"}]
                },
                "action": {
                    "blend_transition": 0.3,
                    "transitions": [{"idle.tran": "q.all_animations_finished"}],
                    "animations": ["action"]
                },
                "idle.tran": {
                    "blend_transition": 0.3,
                    "transitions": [{"idle": "!q.is_sheared"}],
                    "animations": ["idle"]
                }
            }
        }
    }
}