{
	"format_version": "1.10.0",
	"animation_controllers": {
		"controller.animation.loadisk.seagull": {
			"initial_state": "default",
			"states": {
				"default": {
					"blend_transition": 0.2,
					"animations": ["setup","ground.c"],
					"transitions": [{"flight": "!q.is_on_ground"}]
				},
				"flight": {
					"blend_transition": 0.2,
					"animations": ["setup.flight","flight.c"],
					"transitions": [{"default": "q.is_on_ground"}]
				}
			}
		},
		"controller.animation.loadisk.seagull.ground": {
			"initial_state": "default",
			"states": {
				"default": {
					"blend_transition": 0.2,
					"animations": ["idle"],
					"transitions": [{"sit": "q.is_sitting"},{"move": "q.ground_speed > 0.0"}]
				},
				"move": {
					"blend_transition": 0.2,
					"animations": ["move"],
					"transitions": [{"sit": "q.ground_speed == 0.0 && q.is_sitting"},{"move": "q.ground_speed == 0.0"}]
				},
				"sit": {
					"blend_transition": 0.2,
					"animations": ["sit","idle"],
					"transitions": [{"default": "!q.is_sitting"},{"move": "q.ground_speed > 0.0"}]
				}
			}
		},
		"controller.animation.loadisk.seagull.flight": {
			"initial_state": "default",
			"states": {
				"default": {
					"blend_transition": 0.1,
					"animations": ["glide"],
					"transitions": [{"move": "v.random == 0 || v.can_flap"}]
				},
				"move": {
					"blend_transition": 0.1,
					"animations": ["flap"],
					"transitions": [{"default": "v.random != 0 && !v.can_flap && q.all_animations_finished"}]
				}
			}
		}
	}
}