{
    "format_version": "1.10.0",
    "animation_controllers": {
        "controller.animation.loadisk.wyvern.root": {
            "initial_state": "idle",
            "states": {
                "idle": {
                    "blend_transition": 0.3,
                    "transitions": [{"move": "q.ground_speed > 0.0"}],
                    "animations": ["idle"]
                },
                "move": {
                    "blend_transition": 0.3,
                    "transitions": [{"idle": "q.ground_speed == 0.0"}],
                    "animations": ["move"]
                },
                "flight": {
                    "blend_transition": 0.3,
                    "transitions": [{"idle": "!q.can_fly"}],
                    "animations": ["glide"]
                }
            }
        }
    }
}