{
	"format_version": "1.10.0",
	"particle_effect": {
		"description": {
			"identifier": "lab:heart",
			"basic_render_parameters": {
				"material": "particles_alpha",
				"texture": "textures/particle/particles"
			}
		},
		"components": {
			"minecraft:emitter_rate_steady": {
				"spawn_rate": 40,
				"max_particles": 100
			},
			"minecraft:emitter_lifetime_once": {
				"active_time": 1
			},
			"minecraft:emitter_shape_point": {
				"direction": ["Math.random(-1, 1.0)", "Math.random(1, 1.0)", "Math.random(-1, 1.0)"]
			},
			"minecraft:particle_lifetime_expression": {
				"max_lifetime": "Math.random(0.0, 0.6)"
			},
			"minecraft:particle_initial_speed": "Math.random(10.0, 35.0)",
			"minecraft:particle_motion_dynamic": {
				"linear_drag_coefficient": 10
			},
			"minecraft:particle_appearance_billboard": {
				"size": ["(0.05 + variable.particle_random_2*0.05)", "(0.05 + variable.particle_random_2*0.05)"],
				"facing_camera_mode": "lookat_xyz",
				"uv": {
					"texture_width": 128,
					"texture_height": 128,
					"uv": [0, 40],
					"uv_size": [8, 8]
				}
			},
			"minecraft:particle_appearance_lighting": {},
			"minecraft:particle_appearance_tinting": {
				"color": [1, 1, 1, 1]
			}
		}
	}
}