{
	"format_version": "1.10.0",
	"particle_effect": {
		"description": {
			"identifier": "lab:revive",
			"basic_render_parameters": {
				"material": "particles_alpha",
				"texture": "textures/items/revive"
			}
		},
		"components": {
			"minecraft:emitter_rate_steady": {
				"spawn_rate": 20,
				"max_particles": 100
			},
			"minecraft:emitter_lifetime_looping": {
				"active_time": 0.5
			},
			"minecraft:emitter_shape_point": {},
			"minecraft:particle_lifetime_expression": {
				"max_lifetime": 3
			},
			"minecraft:particle_initial_spin": {
				"rotation": "Math.sin(math.random(1, 10) * 90)",
				"rotation_rate": 10
			},
			"minecraft:particle_initial_speed": 4,
			"minecraft:particle_motion_dynamic": {
				"linear_drag_coefficient": 1,
				"rotation_acceleration": 100
			},
			"minecraft:particle_appearance_billboard": {
				"size": [0.2, 0.2],
				"facing_camera_mode": "rotate_xyz",
				"uv": {
					"texture_width": 16,
					"texture_height": 16,
					"uv": [0, 0],
					"uv_size": [16, 16]
				}
			}
		}
	}
}