{
    "format_version": "1.8.0",
    "minecraft:spawn_rules": {
      "description": {
        "identifier": "loadisk:leech",
        "population_control": "water_animal"
      },
      "conditions": [
        {
          "minecraft:spawns_on_surface": {},
          "minecraft:spawns_underwater": {},
          "minecraft:distance_filter": {"min": 12,"max": 32},
          "minecraft:weight": {"default": 10},
          "minecraft:density_limit": {"surface":20},
          "minecraft:height_filter": {"min": 0,"max": 64},
          "minecraft:herd": {"min_size":4,"max_size":7},
          "minecraft:biome_filter": [{"test": "has_biome_tag","operator": "==","value": "river"}]
        },
        {
          "minecraft:spawns_on_surface": {},
          "minecraft:spawns_underwater": {},
          "minecraft:distance_filter": {"min": 12,"max": 32},
          "minecraft:weight": {"default": 75},
          "minecraft:density_limit": {"surface":20},
          "minecraft:height_filter": {"min": 0,"max": 64},
          "minecraft:herd": {"min_size":3,"max_size":6},
          "minecraft:biome_filter": {
            "any_of": [
              {
                "any_of": [
                  {"test": "has_biome_tag","operator": "==","value": "swamp"},
                  {"test": "has_biome_tag","operator": "==","value": "mangrove_swamp"}
                ]
              }
            ]
          }
        }
      ]
    }
  }
  