{
	"format_version": "1.8.0",
	"animations": {
		"animation.loadisk.camel.baby_transform": {
			"loop": true,
			"bones": {
				"body": {
					"position": [0, -6, 0],
					"scale": [0.91, 0.83, 0.9]
				},
				"head": {
					"position": [0, -4.348, 1.587],
					"scale": [1.2, 1.1, 1.1]
				},
				"leg0": {
					"position": [0, -6.36, 0],
					"scale": [0.91, 0.56, 0.91]
				},
				"leg1": {
					"position": [0, -6.36, 0],
					"scale": [0.91, 0.56, 0.91]
				},
				"leg2": {
					"position": [0, -6.36, 0],
					"scale": [0.91, 0.56, 0.91]
				},
				"leg3": {
					"position": [0, -6.36, 0],
					"scale": [0.91, 0.56, 0.91]
				},
				"neck": {
					"position": [0, -5, 3]
				}
			}
		},
		"animation.loadisk.camel.setup.two_hump": {
			"loop": true,
			"bones": {
				"body": {
					"rotation": ["90 - this", 0, 0],
					"position": [0, -1, 0],
					"scale": [1, 1, 1.1]
				},
				"chest1": {
					"position": [0, -1, 0]
				},
				"chest2": {
					"position": [0, -1, 0]
				},
				"leg0": {
					"position": [0, 4, 0],
					"scale": [1, 1.3, 1]
				},
				"leg1": {
					"position": [0, 4, 0],
					"scale": [1, 1.3, 1]
				},
				"leg2": {
					"position": [0, 4, 0],
					"scale": [1, 1.3, 1]
				},
				"leg3": {
					"position": [0, 4, 0],
					"scale": [1, 1.3, 1]
				},
				"Saddle": {
					"scale": [0.7825, 1.1, 1.1]
				},
				"Saddle2": {
					"scale": [0.7825, 1.1, 1.1]
				}
			}
		},
		"animation.loadisk.camel.setup.one_hump": {
			"loop": true,
			"bones": {
				"body": {
					"rotation": ["90 - this", 0, 0],
					"position": [0, -1, 0],
					"scale": [1, 1, 1.1]
				},
				"chest1": {
					"position": [0, -1, 0]
				},
				"chest2": {
					"position": [0, -1, 0]
				},
				"leg0": {
					"position": [0, 4, 0],
					"scale": [1, 1.3, 1]
				},
				"leg1": {
					"position": [0, 4, 0],
					"scale": [1, 1.3, 1]
				},
				"leg2": {
					"position": [0, 4, 0],
					"scale": [1, 1.3, 1]
				},
				"leg3": {
					"position": [0, 4, 0],
					"scale": [1, 1.3, 1]
				},
				"hump": {
					"position": [0, -6.5, 0],
					"scale": [1, 1.8, 1.1]
				},
				"hump2": {
					"scale": 0
				},
				"Saddle": {
					"position": [0, 0.475, 8.8],
					"scale": [0.7825, 1.1, 1.8]
				},
				"Saddle2": {
					"scale": 0
				}
			}
		},
		"animation.loadisk.camel.idle": {
			"loop": true,
			"animation_length": 4,
			"bones": {
				"neck": {
					"rotation": {
						"0.0": [0, 0, 0],
						"2.0": [2.5, 0, 0],
						"4.0": [0, 0, 0]
					},
					"position": {
						"0.0": [0, 0, 0],
						"1.0": [0, -0.5, 0],
						"2.0": [0, 0, 0],
						"3.0": [0, -0.5, 0],
						"4.0": [0, 0, 0]
					}
				},
				"chest1": {
					"position": {
						"0.0": [0, 0, 0],
						"1.0": [0, -0.5, 0],
						"2.0": [0, 0, 0],
						"3.0": [0, -0.5, 0],
						"4.0": [0, 0, 0]
					}
				},
				"chest2": {
					"position": {
						"0.0": [0, 0, 0],
						"1.0": [0, -0.5, 0],
						"2.0": [0, 0, 0],
						"3.0": [0, -0.5, 0],
						"4.0": [0, 0, 0]
					}
				},
				"body": {
					"position": {
						"0.0": [0, 0, 0],
						"1.0": [0, -0.5, 0],
						"2.0": [0, 0, 0],
						"3.0": [0, -0.5, 0],
						"4.0": [0, 0, 0]
					}
				},
				"Saddle": {
					"position": {
						"0.0": [0, 0, 0],
						"1.0": [0, -0.5, 0],
						"2.0": [0, 0, 0],
						"3.0": [0, -0.5, 0],
						"4.0": [0, 0, 0]
					}
				},
				"Saddle2": {
					"position": {
						"0.0": [0, 0, 0],
						"1.0": [0, -0.5, 0],
						"2.0": [0, 0, 0],
						"3.0": [0, -0.5, 0],
						"4.0": [0, 0, 0]
					}
				}
			}
		},
		"animation.loadisk.camel.sit": {
			"loop": true,
			"bones": {
				"chest1": {
					"position": [0, -1, 1]
				},
				"chest2": {
					"position": [0, -1, 1]
				},
				"body": {
					"rotation": [-15, 0, 0],
					"position": [0, -1, 1]
				},
				"Saddle": {
					"rotation": [-15, 0, 0],
					"position": [0, "!q.is_sheared ? -1 : -3", "!q.is_sheared ? 4 : 3"]
				},
				"Saddle2": {
					"rotation": [-15, 0, 0],
					"position": [0, -4, 3.5]
				}
			}
		}
	}
}