{
	"format_version": "1.8.0",
	"animations": {
		"animation.loadisk.deer.idle": {
			"loop": true,
			"animation_length": 2,
			"bones": {
				"body": {
					"position": {
						"0.0": [0, 0, 0],
						"1.0": [0, -0.1, 0],
						"2.0": [0, 0, 0]
					}
				},
				"neck": {
					"rotation": {
						"0.0": [0, 0, 0],
						"1.0": [1, 0, 0],
						"2.0": [0, 0, 0]
					}
				}
			}
		},
		"animation.loadisk.deer.graze": {
			"animation_length": 2,
			"bones": {
				"neck": {
					"rotation": {
						"0.0": [0, 0, 0],
						"0.25": [90, 0, 0],
						"0.8333": [85, 0, 0],
						"1.5": [90, 0, 0],
						"2.0": [0, 0, 0]
					},
					"position": {
						"0.0": [0, 0, 0],
						"0.25": [0, 0.275, 1.075],
						"1.5": [0, 0.275, 1.075],
						"2.0": [0, 0, 0]
					}
				},
				"head": {
					"rotation": {
						"0.0": [0, 0, 0],
						"0.25": [-42.5, 0, 0],
						"0.5": [-45, 0, 0],
						"0.8333": [-42.5, 0, 0],
						"1.25": [-45, 0, 0],
						"1.5": [-42.5, 0, 0],
						"2.0": [0, 0, 0]
					},
					"position": {
						"0.0": [0, 0, 0],
						"0.25": [0, -0.5, -2.55],
						"1.5": [0, -0.5, -2.55],
						"2.0": [0, 0, 0]
					}
				}
			}
		},
		"animation.loadisk.deer.move": {
			"loop": true,
			"anim_time_update": "query.modified_distance_moved",
			"bones": {
				"body": {
					"position": [0, "math.cos(query.anim_time * 38.17) *  0.05", 0]
				},
				"neck": {
					"rotation": ["math.cos(query.anim_time * 38.17) *  3.0", 0, 0]
				},
				"leg0": {
					"rotation": ["math.cos(query.anim_time * 38.17) *  40.0", 0, 0]
				},
				"leg1": {
					"rotation": ["math.cos(query.anim_time * 38.17) *  - 40.0", 0, 0]
				},
				"leg2": {
					"rotation": ["math.cos(query.anim_time * 38.17) *  - 40.0", 0, 0]
				},
				"leg3": {
					"rotation": ["math.cos(query.anim_time * 38.17) *  40.0", 0, 0]
				}
			}
		},
		"animation.loadisk.deer.escape": {
			"loop": true,
			"anim_time_update": "query.modified_distance_moved",
			"bones": {
				"body": {
					"position": [0, "math.cos(query.anim_time * 38.17) *  0.05", 0]
				},
				"neck": {
					"rotation": ["math.cos(query.anim_time * 38.17) *  - 12.0", 0, 0]
				},
				"leg0": {
					"rotation": ["math.cos(query.anim_time * 38.17) *  40.0", 0, 0]
				},
				"leg1": {
					"rotation": ["math.cos(query.anim_time * 38.17) *  40.0", 0, 0]
				},
				"leg2": {
					"rotation": ["math.cos(query.anim_time * 38.17) *  - 40.0", 0, 0]
				},
				"leg3": {
					"rotation": ["math.cos(query.anim_time * 38.17) *  - 40.0", 0, 0]
				},
				"root": {
					"rotation": ["math.cos(query.anim_time * 38.17) *  - 6.0", 0, 0]
				}
			}
		},
		"animation.loadisk.deer.look_at_target": {
			"loop": true,
			"bones": {
				"neck": {
					"rotation": ["q.target_x_rotation", "q.head_y_rotation(20)", 0]
				}
			}
		},
		"animation.loadisk.deer.tail": {
			"animation_length": 0.16667,
			"anim_time_update": "query.modified_distance_moved",
			"bones": {
				"tail": {
					"rotation": {
						"0.0": [0, 0, 0],
						"0.0833": [25, 0, 0],
						"0.1667": [0, 0, 0]
					}
				}
			}
		},
		"animation.loadisk.deer.baby_transform": {
			"loop": true,
			"bones": {
				"body": {
					"position": [0, "11 * ((0.0625 - query.model_scale) * 13.0)", 0]
				},
				"head": {
					"scale": "1.0 + 0.5 * (1.0 - (query.model_scale * 16.0))"
				},
				"antler": {
					"scale": "1.0 + 0.5 - (1.0 - (query.model_scale * 16.0))"
				},
				"leg0": {
					"position": [0, "11 * ((0.0625 - query.model_scale) * 13.0)", 0],
					"scale": [1, "1.0 + ((0.0625 - query.model_scale) * 16.0)", 1]
				},
				"leg1": {
					"position": [0, "11 * ((0.0625 - query.model_scale) * 13.0)", 0],
					"scale": [1, "1.0 + ((0.0625 - query.model_scale) * 16.0)", 1]
				},
				"leg2": {
					"position": [0, "11 * ((0.0625 - query.model_scale) * 13.0)", 0],
					"scale": [1, "1.0 + ((0.0625 - query.model_scale) * 16.0)", 1]
				},
				"leg3": {
					"position": [0, "11 * ((0.0625 - query.model_scale) * 13.0)", 0],
					"scale": [1, "1.0 + ((0.0625 - query.model_scale) * 16.0)", 1]
				}
			}
		},
		"animation.loadisk.deer.sit": {
			"loop": true,
			"bones": {
				"hip": {
					"rotation": [-8, 0, 0]
				}
			}
		},
		"animation.loadisk.deer.attack": {
			"loop": true,
			"bones": {
				"neck": {
					"rotation": ["-(math.sin((1 - math.pow((1 - variable.attack_time), 4)) * 180) * 1.2 + math.sin(variable.attack_time * 180)) * -60.0", 0, 0]
				}
			}
		}
	}
}