{
	"format_version": "1.8.0",
	"animations": {
		"animation.loadisk.ent.idle": {
			"loop": true,
			"animation_length": 1,
			"bones": {
				"left_hip": {
					"rotation": [0, 0, 0]
				},
				"left_arm": {
					"rotation": {
						"0.0": [0, 0, 5],
						"0.5": [0, 0, 6.5],
						"1.0": [0, 0, 5]
					}
				},
				"right_arm": {
					"rotation": {
						"0.0": [0, 0, -5],
						"0.5": [0, 0, -6.5],
						"1.0": [0, 0, -5]
					}
				},
				"body": {
					"scale": {
						"0.0": [1, 1, 1],
						"0.5": [1, 0.99, 1],
						"1.0": [1, 1, 1]
					}
				}
			}
		},
		"animation.loadisk.ent.move": {
			"loop": true,
			"animation_length": 2,
			"anim_time_update": "query.modified_distance_moved / 4",
			"bones": {
				"left_hip": {
					"rotation": {
						"0.0": [0, 0, 0],
						"0.5": [-30, 0, 0],
						"1.0": [0, 0, 0],
						"1.5": [25, 0, 0],
						"2.0": [0, 0, 0]
					}
				},
				"left_leg": {
					"rotation": {
						"0.0": [0, 0, 0],
						"0.5": [-12.5, 0, 0],
						"1.0": [0, 0, 0]
					}
				},
				"left_knee": {
					"rotation": {
						"0.25": [0, 0, 0],
						"0.75": [20, 0, 0],
						"1.25": [0, 0, 0]
					}
				},
				"left_foot": {
					"rotation": {
						"1.0": [0, 0, 0],
						"1.5": [30, 0, 0],
						"2.0": [0, 0, 0]
					}
				},
				"right_hip": {
					"rotation": {
						"0.0": [0, 0, 0],
						"0.5": [25, 0, 0],
						"1.0": [0, 0, 0],
						"1.5": [-30, 0, 0],
						"2.0": [0, 0, 0]
					}
				},
				"right_leg": {
					"rotation": {
						"0.0": [0, 0, 0],
						"0.5": [-12.5, 0, 0],
						"1.0": [0, 0, 0]
					}
				},
				"right_knee": {
					"rotation": {
						"0.25": [0, 0, 0],
						"0.75": [20, 0, 0],
						"1.25": [0, 0, 0]
					}
				},
				"right_foot": {
					"rotation": {
						"0.0": [0, 0, 0],
						"0.5": [30, 0, 0],
						"1.0": [0, 0, 0]
					}
				},
				"left_arm": {
					"rotation": {
						"0.0": [0, 0, 7.5],
						"0.5": [20, 0, 7.5],
						"1.0": [0, 0, 7.5],
						"1.5": [-20, 0, 7.5],
						"2.0": [0, 0, 7.5]
					}
				},
				"right_arm": {
					"rotation": {
						"0.0": [0, 0, -7.5],
						"0.5": [-20, 0, -7.5],
						"1.0": [0, 0, -7.5],
						"1.5": [20, 0, -7.5],
						"2.0": [0, 0, -7.5]
					}
				},
				"body": {
					"position": {
						"0.0": [0, -1, 0],
						"0.5": [0, 1, 0],
						"1.0": [0, -1, 0],
						"1.5": [0, 1, 0],
						"2.0": [0, -1, 0]
					}
				},
				"left_toes": {
					"rotation": {
						"0.5": [0, 0, 0],
						"1.0": [-12.5, 0, 0],
						"1.25": [-32.5, 0, 0],
						"1.5": [-15, 0, 0],
						"1.625": [-35, 0, 0],
						"2.0": [0, 0, 0]
					}
				},
				"right_toes": {
					"rotation": {
						"0.0": [0, 0, 0],
						"0.5": [-35, 0, 0],
						"0.75": [-15, 0, 0],
						"1.0": [-32.5, 0, 0],
						"1.125": [-12.5, 0, 0],
						"1.5": [0, 0, 0]
					}
				}
			}
		},
		"animation.loadisk.ent.attack": {
			"animation_length": 1,
			"bones": {
				"left_arm": {
					"rotation": {
						"0.0": [0, 0, 0],
						"0.375": [-158.13568, 23.11193, -36.63213],
						"0.5": [-158.13568, 23.11193, -36.63213],
						"0.75": [-50.87698, 32.14425, -31.7788],
						"1.0": [0, 0, 0]
					}
				},
				"right_arm": {
					"rotation": {
						"0.0": [0, 0, 0],
						"0.375": [-158.13568, -23.11193, 36.63213],
						"0.5": [-158.13568, -23.11193, 36.63213],
						"0.75": [-50.87698, -32.14425, 31.7788],
						"1.0": [0, 0, 0]
					}
				},
				"head": {
					"rotation": {
						"0.0": [0, 0, 0],
						"0.4583": [-22.5, 0, 0],
						"0.75": [15, 0, 0],
						"1.0": [0, 0, 0]
					}
				},
				"body": {
					"rotation": {
						"0.0": [0, 0, 0],
						"0.5": [-22.5, 0, 0],
						"0.75": [64.24781, -4.49224, -2.06182],
						"1.0": [0, 0, 0]
					}
				}
			}
		},
		"animation.loadisk.ent.kick": {
			"animation_length": 0.75,
			"bones": {
				"left_hip": {
					"rotation": {
						"0.0": [0, 0, 0],
						"0.25": [30, 0, 0],
						"0.5": [-75, 0, 0],
						"0.75": [0, 0, 0]
					}
				},
				"left_leg": {
					"rotation": {
						"0.0": [0, 0, 0],
						"0.25": [22.5, 0, 0],
						"0.5": [0, 0, 0],
						"0.75": [0, 0, 0]
					}
				},
				"left_knee": {
					"rotation": {
						"0.0": [0, 0, 0],
						"0.25": [27.5, 0, 0],
						"0.5": [0, 0, 0],
						"0.75": [0, 0, 0]
					}
				},
				"left_foot": {
					"rotation": {
						"0.0": [0, 0, 0],
						"0.25": [22.5, 0, 0],
						"0.5": [0, 0, 0],
						"0.75": [0, 0, 0]
					}
				},
				"left_arm": {
					"rotation": {
						"0.0": [0, 0, 0],
						"0.25": [30, 0, 0],
						"0.5": [0, 0, 0]
					}
				},
				"left_forearm": {
					"rotation": {
						"0.0": [0, 0, 0],
						"0.25": [-22.5, 0, 0],
						"0.5": [0, 0, 0]
					}
				},
				"left_hand": {
					"rotation": {
						"0.0": [0, 0, 0],
						"0.25": [-22.5, 0, 0],
						"0.5": [0, 0, 0]
					}
				},
				"right_arm": {
					"rotation": {
						"0.0": [0, 0, 0],
						"0.25": [30, 0, 0],
						"0.5": [0, 0, 0]
					}
				},
				"right_forearm": {
					"rotation": {
						"0.0": [0, 0, 0],
						"0.25": [-22.5, 0, 0],
						"0.5": [0, 0, 0]
					}
				},
				"right_hand": {
					"rotation": {
						"0.0": [0, 0, 0],
						"0.25": [-22.5, 0, 0],
						"0.5": [0, 0, 0]
					}
				},
				"head": {
					"rotation": {
						"0.0": [0, 0, 0],
						"0.25": [-12.5, 0, 0],
						"0.5": [15, 0, 0],
						"0.75": [0, 0, 0]
					}
				},
				"body": {
					"rotation": {
						"0.0": [0, 0, 0],
						"0.25": [20, 0, 0],
						"0.5": [-17.5, 0, 0],
						"0.75": [0, 0, 0]
					}
				}
			}
		}
	}
}