{
	"format_version": "1.8.0",
	"animations": {
		"animation.loadisk.fish.sway": {
			"loop": true,
			"animation_length": 1.92,
			"bones": {
				"left_fin": {
					"rotation": {
						"0.0": [0, 0, 0],
						"0.24": [0, -25, 0],
						"0.48": [0, 0, 0],
						"0.72": [0, -25, 0],
						"0.96": [0, 0, 0],
						"1.2": [0, -25, 0],
						"1.44": [0, 0, 0],
						"1.68": [0, -25, 0],
						"1.92": [0, 0, 0]
					}
				},
				"right_fin": {
					"rotation": {
						"0.0": [0, 0, 0],
						"0.24": [0, 25, 0],
						"0.48": [0, 0, 0],
						"0.72": [0, 25, 0],
						"0.96": [0, 0, 0],
						"1.2": [0, 25, 0],
						"1.44": [0, 0, 0],
						"1.68": [0, 25, 0],
						"1.92": [0, 0, 0]
					}
				},
				"head": {
					"rotation": {
						"0.0": [0, 0, 0],
						"0.48": [-0.5, 0, 0],
						"0.96": [0, 0, 0],
						"1.44": [0.5, 0, 0],
						"1.92": [0, 0, 0]
					}
				},
				"back": {
					"rotation": {
						"0.0": [0, 0, 0],
						"0.48": [0, 5, 0],
						"1.44": [0, -5, 0],
						"1.92": [0, 0, 0]
					},
					"position": [0, 0, 0.7]
				},
				"tail_fin": {
					"rotation": {
						"0.0": [0, 0, 0],
						"0.48": [0, 15, 0],
						"1.44": [0, -15, 0],
						"1.92": [0, 0, 0]
					}
				},
				"Body": {
					"rotation": {
						"0.0": [0, 0, 0],
						"0.48": [0, 2, 0],
						"1.44": [0, -2, 0],
						"1.92": [0, 0, 0]
					}
				}
			}
		},
		"animation.loadisk.fish.parania": {
			"loop": true,
			"animation_length": 1.92,
			"bones": {
				"left_fin": {
					"rotation": {
						"0.0": [0, 0, 0],
						"0.24": [0, -25, 0],
						"0.48": [0, 0, 0],
						"0.72": [0, -25, 0],
						"0.96": [0, 0, 0],
						"1.2": [0, -25, 0],
						"1.44": [0, 0, 0],
						"1.68": [0, -25, 0],
						"1.92": [0, 0, 0]
					}
				},
				"right_fin": {
					"rotation": {
						"0.0": [0, 0, 0],
						"0.24": [0, 25, 0],
						"0.48": [0, 0, 0],
						"0.72": [0, 25, 0],
						"0.96": [0, 0, 0],
						"1.2": [0, 25, 0],
						"1.44": [0, 0, 0],
						"1.68": [0, 25, 0],
						"1.92": [0, 0, 0]
					}
				},
				"head": {
					"rotation": {
						"0.0": [0, 0, 0],
						"0.48": [-0.5, 0, 0],
						"0.96": [0, 0, 0],
						"1.44": [0.5, 0, 0],
						"1.92": [0, 0, 0]
					}
				},
				"back": {
					"rotation": {
						"0.0": [0, 0, 0],
						"0.48": [0, 5, 0],
						"1.44": [0, -5, 0],
						"1.92": [0, 0, 0]
					},
					"position": [0, 0, 0.7]
				},
				"tail_fin": {
					"rotation": {
						"0.0": [0, 0, 0],
						"0.48": [0, 15, 0],
						"1.44": [0, -15, 0],
						"1.92": [0, 0, 0]
					}
				},
				"Body": {
					"rotation": {
						"0.0": [0, 0, 0],
						"0.48": [0, 2, 0],
						"1.44": [0, -2, 0],
						"1.92": [0, 0, 0]
					}
				}
			}
		},
		"animation.loadisk.fish.sway2": {
			"loop": true,
			"animation_length": 0.96,
			"bones": {
				"left_fin": {
					"rotation": {
						"0.0": [0, 0, 0],
						"0.12": [0, -25, 0],
						"0.24": [0, 0, 0],
						"0.36": [0, -25, 0],
						"0.48": [0, 0, 0],
						"0.6": [0, -25, 0],
						"0.72": [0, 0, 0],
						"0.84": [0, -25, 0],
						"0.96": [0, 0, 0]
					}
				},
				"right_fin": {
					"rotation": {
						"0.0": [0, 0, 0],
						"0.12": [0, 25, 0],
						"0.24": [0, 0, 0],
						"0.36": [0, 25, 0],
						"0.48": [0, 0, 0],
						"0.6": [0, 25, 0],
						"0.72": [0, 0, 0],
						"0.84": [0, 25, 0],
						"0.96": [0, 0, 0]
					}
				},
				"head": {
					"rotation": {
						"0.0": [0, 0, 0],
						"0.24": [-0.5, 0, 0],
						"0.48": [0, 0, 0],
						"0.72": [0.5, 0, 0],
						"0.96": [0, 0, 0]
					},
					"position": [0, 0, -0.9]
				},
				"back": {
					"rotation": {
						"0.0": [0, 0, 0],
						"0.24": [0, 5, 0],
						"0.48": [0, 0, 0],
						"0.72": [0, -5, 0],
						"0.96": [0, 0, 0]
					},
					"position": [0, 0, 0.7]
				},
				"tail_fin": {
					"rotation": {
						"0.0": [0, 0, 0],
						"0.24": [0, 15, 0],
						"0.48": [0, 0, 0],
						"0.72": [0, -15, 0],
						"0.96": [0, 0, 0]
					}
				},
				"Body": {
					"rotation": {
						"0.0": [0, 0, 0],
						"0.24": [0, 2, 0],
						"0.48": [0, 0, 0],
						"0.72": [0, -2, 0],
						"0.96": [0, 0, 0]
					}
				}
			}
		},
		"animation.loadisk.fish.sway3": {
			"loop": true,
			"animation_length": 0.32,
			"bones": {
				"left_fin": {
					"rotation": {
						"0.0": [0, 0, 0],
						"0.04": [0, -25, 0],
						"0.08": [0, 0, 0],
						"0.12": [0, -25, 0],
						"0.16": [0, 0, 0],
						"0.2": [0, -25, 0],
						"0.24": [0, 0, 0],
						"0.28": [0, -25, 0],
						"0.32": [0, 0, 0]
					}
				},
				"right_fin": {
					"rotation": {
						"0.0": [0, 0, 0],
						"0.04": [0, 25, 0],
						"0.08": [0, 0, 0],
						"0.12": [0, 25, 0],
						"0.16": [0, 0, 0],
						"0.2": [0, 25, 0],
						"0.24": [0, 0, 0],
						"0.28": [0, 25, 0],
						"0.32": [0, 0, 0]
					}
				},
				"head": {
					"rotation": {
						"0.0": [0, 0, 0],
						"0.08": [-0.5, 0, 0],
						"0.16": [0, 0, 0],
						"0.24": [0.5, 0, 0],
						"0.32": [0, 0, 0]
					},
					"position": [0, 0, -0.9]
				},
				"back": {
					"rotation": {
						"0.0": [0, 0, 0],
						"0.08": [0, 5, 0],
						"0.16": [0, 0, 0],
						"0.24": [0, -5, 0],
						"0.32": [0, 0, 0]
					},
					"position": [0, 0, 0.7]
				},
				"tail_fin": {
					"rotation": {
						"0.0": [0, 0, 0],
						"0.08": [0, 15, 0],
						"0.16": [0, 0, 0],
						"0.24": [0, -15, 0],
						"0.32": [0, 0, 0]
					}
				},
				"Body": {
					"rotation": {
						"0.0": [0, 0, 0],
						"0.08": [0, 2, 0],
						"0.16": [0, 0, 0],
						"0.24": [0, -2, 0],
						"0.32": [0, 0, 0]
					}
				}
			}
		},
		"animation.loadisk.fish.flop": {
			"loop": true,
			"animation_length": 0.48,
			"bones": {
				"loadisk_fish": {
					"rotation": {
						"0.0": [0, 0, -90],
						"0.04": [0, -12.5, -90],
						"0.12": [0, 10, -90],
						"0.2": [0, 0, -90]
					},
					"position": {
						"0.04": [0, 0, 0],
						"0.12": [0, 9, 0],
						"0.2": [0, 0, 0]
					},
					"scale": {
						"0.04": [1, 1, 1],
						"0.12": [1.1, 1.1, 1.1],
						"0.2": [1, 1, 1]
					}
				},
				"head": {
					"rotation": {
						"0.04": [0, 0, 0],
						"0.08": [0, -15, 0],
						"0.12": [0, 0, 0],
						"0.16": [0, 15, 0],
						"0.2": [0, 0, 0]
					},
					"scale": {
						"0.0": [1, 1, 1],
						"0.04": [0.9, 0.9, 0.9],
						"0.08": [0.9, 0.9, 0.9],
						"0.12": [1, 1, 1],
						"0.16": [0.9, 0.9, 0.9],
						"0.2": [1, 1, 1]
					}
				},
				"Body": {
					"scale": {
						"0.0": [1, 1, 1],
						"0.08": [1.009, 1.009, 1.009],
						"0.16": [1, 1, 1],
						"0.24": [1.009, 1.009, 1.009],
						"0.32": [1, 1, 1],
						"0.4": [1.009, 1.009, 1.009],
						"0.48": [1, 1, 1]
					}
				},
				"tail_fin": {
					"rotation": {
						"0.0": [0, 0, 0],
						"0.04": [0, 15, 0],
						"0.08": [0, 0, 0],
						"0.12": [0, -15, 0],
						"0.16": [0, 0, 0],
						"0.2": [0, 15, 0],
						"0.24": [0, 0, 0],
						"0.28": [0, -15, 0],
						"0.32": [0, 0, 0],
						"0.36": [0, 15, 0],
						"0.4": [0, 0, 0],
						"0.44": [0, -15, 0],
						"0.48": [0, 0, 0]
					}
				},
				"right_fin": {
					"rotation": {
						"0.0": [0, 0, 0],
						"0.08": [0, 45, 0],
						"0.16": [0, 0, 0],
						"0.24": [0, 45, 0],
						"0.32": [0, 0, 0],
						"0.4": [0, 45, 0]
					}
				}
			}
		},
		"animation.loadisk.fish.attack": {
			"loop": true,
			"bones": {
				"jaw": {
					"rotation": [0, 0, "-(math.sin((1 - math.pow((1 - variable.attack_time), 4)) * 180) * 1.2 + math.sin(variable.attack_time * 180)) * -30"]
				}
			}
		}
	}
}