{
	"format_version": "1.8.0",
	"animations": {
		"animation.hag.celebrate": {
			"loop": true,
			"animation_length": 1,
			"bones": {
				"Head": {
					"rotation": {
						"0.0": [-40, 0, 0],
						"0.5": [-45, 0, 0],
						"1.0": [-40, 0, 0]
					}
				},
				"Body": {
					"scale": {
						"0.0": [1, 1, 1],
						"0.5": [1.01, 1.01, 1.01],
						"1.0": [1, 1, 1]
					}
				},
				"RightArm": {
					"rotation": {
						"0.0": {
							"post": [-180, 0, -20],
							"lerp_mode": "catmullrom"
						},
						"0.5": {
							"post": [-180, 0, -32.5],
							"lerp_mode": "catmullrom"
						},
						"1.0": [-180, 0, -20]
					}
				},
				"LeftArm": {
					"rotation": {
						"0.0": {
							"post": [-180, 0, 20],
							"lerp_mode": "catmullrom"
						},
						"0.5": {
							"post": [-180, 0, 32.5],
							"lerp_mode": "catmullrom"
						},
						"1.0": [-180, 0, 20]
					}
				}
			}
		},
		"animation.hag.idle": {
			"loop": true,
			"animation_length": 2,
			"bones": {
				"LeftWing": {
					"rotation": {
						"0.0": {
							"post": [0, 0, 0],
							"lerp_mode": "catmullrom"
						},
						"1.0": {
							"post": [0, -5, 5],
							"lerp_mode": "catmullrom"
						},
						"2.0": [0, 0, 0]
					}
				},
				"RightWing": {
					"rotation": {
						"0.0": {
							"post": [0, 0, 0],
							"lerp_mode": "catmullrom"
						},
						"1.0": {
							"post": [0, 5, -5],
							"lerp_mode": "catmullrom"
						},
						"2.0": [0, 0, 0]
					}
				}
			}
		},
		"animation.hag.blast": {
			"loop": true,
			"animation_length": 1,
			"bones": {
				"Head": {
					"rotation": {
						"0.0417": [0, 0, 0],
						"0.25": [-17.5, 0, 0],
						"0.4583": [15, 0, 0],
						"0.6667": [0, 0, 0]
					}
				},
				"Body": {
					"rotation": {
						"0.0": [0, 0, 0],
						"0.1667": [-12.5, 0, 0],
						"0.375": [12.5, 0, 0],
						"0.625": [0, 0, 0]
					}
				},
				"RightArm": {
					"rotation": {
						"0.0": [0, 0, 0],
						"0.1667": [-210, 0, 0],
						"0.375": [15, 0, 0],
						"0.875": [0, 0, 0]
					}
				}
			}
		}
	}
}