{
	"format_version": "1.8.0",
	"animations": {
		"animation.loadisk.horse.trail.rainbow": {
			"loop": true,
			"animation_length": 1,
			"particle_effects": {
				"0.0": {
					"effect": "rainbow",
					"locator": "rainbow"
				}
			}
		},
		"animation.loadisk.horse.trail.ender": {
			"loop": true,
			"animation_length": 1,
			"particle_effects": {
				"0.0": {
					"effect": "ender",
					"locator": "body"
				}
			}
		},
		"animation.loadisk.horse.trail.shadow": {
			"loop": true,
			"animation_length": 1,
			"particle_effects": {
				"0.0": {
					"effect": "shadow_cloud",
					"locator": "ground"
				}
			}
		},
		"animation.loadisk.horse.sit": {
			"loop": true,
			"bones": {
				"Tail": {
					"position": [0, -4, 0]
				},
				"Neck": {
					"position": [0, -2, 0]
				},
				"BagL": {
					"position": [0, -3, 0]
				},
				"BagR": {
					"position": [0, -3, 0]
				},
				"Saddle": {
					"rotation": [-10, 0, 0],
					"position": [0, -2.3, 0]
				},
				"hip": {
					"rotation": [-10, 0, 0],
					"scale": 1.01
				}
			}
		},
		"animation.loadisk.horse.flap3": {
			"loop": true,
			"bones": {
				"left_wing": {
					"rotation": [0, 0, "math.cos(query.life_time * -360.0 + 180.0) * -90.0"]
				},
				"right_wing": {
					"rotation": [0, 0, "math.cos(query.life_time * -360.0 + 180.0) * 90.0"]
				}
			}
		},
		"animation.loadisk.horse.wing.idle": {
			"loop": true,
			"bones": {
				"left_wing": {
					"rotation": [5.34402, "-64.8833 + math.cos(query.life_time * -90 + 90) * -1.5", 84.10166]
				},
				"right_wing": {
					"rotation": [5.34402, "64.8833 + math.cos(query.life_time * -90 + 90) * 1.0", -84.1017]
				}
			}
		},
		"animation.loadisk.horse.wing.idle_saddled": {
			"loop": true,
			"bones": {
				"left_wing": {
					"rotation": [42.18626, "-55.2246 + math.cos(query.life_time * -90 + 90) * -1.5", 42.18626]
				},
				"right_wing": {
					"rotation": [42.18626, "55.2246 + math.cos(query.life_time * -90 + 90) * -1.5", -42.18626]
				}
			}
		},
		"animation.loadisk.horse.flap0": {
			"loop": true,
			"bones": {
				"left_wing": {
					"rotation": [0, 0, "math.cos(query.life_time *  -360.0 + 180.0) * -1.0"]
				},
				"right_wing": {
					"rotation": [0, 0, "math.cos(query.life_time * -360.0 + 180.0) * 1.0"]
				}
			}
		},
		"animation.loadisk.horse.flap1": {
			"loop": true,
			"bones": {
				"left_wing": {
					"rotation": [0, 0, "math.cos(query.life_time *  -360.0 + 180.0) * -9.0"]
				},
				"right_wing": {
					"rotation": [0, 0, "math.cos(query.life_time * -360.0 + 180.0) * 9.0"]
				}
			}
		},
		"animation.loadisk.horse.flap2": {
			"loop": true,
			"bones": {
				"left_wing": {
					"rotation": [0, 0, "math.cos(query.life_time * -360.0 + 180.0) * -45.0"]
				},
				"right_wing": {
					"rotation": [0, 0, "math.cos(query.life_time * -360.0 + 180.0) * 45.0"]
				}
			}
		},
		"animation.loadisk.horse.flying": {
			"loop": true,
			"bones": {
				"Body": {
					"rotation": ["query.head_x_rotation(0) * 1.2", 0, "-query.yaw_speed / 4.4"]
				}
			}
		},
		"animation.loadisk.horse.bloat": {
			"animation_length": 0.16667,
			"bones": {
				"Body": {
					"scale": {
						"0.0": {
							"post": [1, 1, 1],
							"lerp_mode": "catmullrom"
						},
						"0.0833": {
							"post": [1.1, 1.1, 1.1],
							"lerp_mode": "catmullrom"
						},
						"0.1667": {
							"post": [1, 1, 1],
							"lerp_mode": "catmullrom"
						}
					}
				}
			}
		},
		"animation.loadisk.hide.wings": {
			"loop": true,
			"bones": {
				"wings": {
					"scale": 0
				}
			}
		}
	}
}