{
	"format_version": "1.8.0",
	"animations": {
		"animation.loadisk.leech.swim": {
			"anim_time_update": "query.modified_distance_moved / 4",
			"loop": true,
			"bones": {
				"body0": {
					"rotation": [0, "math.sin(query.life_time * 360) * 5", 0]
				},
				"body1": {
					"rotation": [0, "math.sin(query.life_time * 360) * 5", 0]
				},
				"tail0": {
					"rotation": [0, "math.sin(query.life_time * 360) * 5", 0]
				},
				"tail1": {
					"rotation": [0, "math.sin(query.life_time * 360) * 5", 0]
				},
				"tail2": {
					"rotation": [0, "math.sin(query.life_time * 360) * 5", 0]
				},
				"tail3": {
					"rotation": [0, "math.sin(query.life_time * 360) * 5", 0]
				},
				"tail4": {
					"rotation": [0, "math.sin(query.life_time * 360) * 5", 0]
				},
				"tail5": {
					"rotation": [0, "math.sin(query.life_time * 360) * 5", 0]
				},
				"jawLower": {
					"rotation": ["math.abs(math.sin(query.life_time * 50* math.pi)) * 1", 0, 0]
				},
				"jawUpper": {
					"rotation": ["-math.abs(math.sin(query.life_time * 50* math.pi)) * 1", 0, 0]
				}
			}
		},
		"animation.loadisk.leech.attack": {
			"animation_length": 0.25,
			"bones": {
				"body1": {
					"position": [0, 0, "v.attack > 0.0 ? -math.abs(math.sin(query.life_time * 230 * math.pi)) * 0.5 : 0;"]
				},
				"tail0": {
					"position": [0, 0, "v.attack > 0.0 ? -math.abs(math.sin(query.life_time * 230 * math.pi)) * 0.5 : 0;"]
				},
				"tail1": {
					"position": [0, 0, "v.attack > 0.0 ? -math.abs(math.sin(query.life_time * 230 * math.pi)) * 0.5 : 0;"]
				},
				"tail2": {
					"position": [0, 0, "v.attack > 0.0 ? -math.abs(math.sin(query.life_time * 230 * math.pi)) * 0.5 : 0;"]
				},
				"tail3": {
					"position": [0, 0, "v.attack > 0.0 ? -math.abs(math.sin(query.life_time * 230 * math.pi)) * 0.5 : 0;"]
				},
				"tail4": {
					"position": [0, 0, "v.attack > 0.0 ? -math.abs(math.sin(query.life_time * 230 * math.pi)) * 0.5 : 0;"]
				},
				"tail5": {
					"position": [0, 0, "v.attack > 0.0 ? -math.abs(math.sin(query.life_time * 230 * math.pi)) * 0.5 : 0;"]
				},
				"jawLower": {
					"rotation": ["v.attack > 0.0 ? math.abs(math.sin(query.life_time * 230 * math.pi)) * 25 : 0;", 0, 0]
				},
				"jawUpper": {
					"rotation": ["v.attack > 0.0 ? -math.abs(math.sin(query.life_time * 230 * math.pi)) * 25 : 0;", 0, 0]
				},
				"head": {
					"position": [0, 0, "v.attack > 0.0 ? -math.abs(math.sin(query.life_time * 230 * math.pi)) * 1.5 : 0;"]
				}
			}
		}
	}
}