{
	"format_version": "1.8.0",
	"animations": {
		"animation.loadisk.mushi.idle": {
			"loop": true,
			"animation_length": 2,
			"bones": {
				"root": {
					"scale": {
						"0.0": {
							"post": [1, 1, 1],
							"lerp_mode": "catmullrom"
						},
						"0.5": {
							"post": [1, 1.05, 1],
							"lerp_mode": "catmullrom"
						},
						"1.0": {
							"post": [1, 0.99, 1],
							"lerp_mode": "catmullrom"
						},
						"1.5": {
							"post": [1, 1.05, 1],
							"lerp_mode": "catmullrom"
						},
						"2.0": [1, 1, 1]
					}
				},
				"rightArm": {
					"rotation": {
						"0.0": {
							"post": [0, 0, 0],
							"lerp_mode": "catmullrom"
						},
						"1.0": {
							"post": [0, 0, 12.5],
							"lerp_mode": "catmullrom"
						},
						"2.0": [0, 0, 0]
					}
				},
				"leftArm": {
					"rotation": {
						"0.0": {
							"post": [0, 0, 0],
							"lerp_mode": "catmullrom"
						},
						"1.0": {
							"post": [0, 0, -12.5],
							"lerp_mode": "catmullrom"
						},
						"2.0": [0, 0, 0]
					}
				}
			}
		},
		"animation.loadisk.mushi.action": {
			"loop": "hold_on_last_frame",
			"animation_length": 1.5,
			"bones": {
				"root": {
					"rotation": {
						"0.0": [0, 0, 0],
						"0.25": {
							"pre": [0, 0, -15],
							"post": [0, 0, -15],
							"lerp_mode": "catmullrom"
						},
						"1.25": {
							"post": [0, 0, -15],
							"lerp_mode": "catmullrom"
						},
						"1.5": [0, 0, 0]
					},
					"position": {
						"0.0": [0, 0, 0],
						"0.125": {
							"pre": [0, 8, 0],
							"post": [0, 8, 0],
							"lerp_mode": "catmullrom"
						},
						"0.25": {
							"post": [0, 1, 0],
							"lerp_mode": "catmullrom"
						},
						"1.25": {
							"post": [0, 1, 0],
							"lerp_mode": "catmullrom"
						},
						"1.375": {
							"post": [0, 8, 0],
							"lerp_mode": "catmullrom"
						},
						"1.5": [0, 0, 0]
					},
					"scale": {
						"0.0": [1, 1, 1],
						"0.125": {
							"pre": [1.05, 1.05, 1.05],
							"post": [1.05, 1.05, 1.05],
							"lerp_mode": "catmullrom"
						},
						"0.25": {
							"post": [1, 1, 1],
							"lerp_mode": "catmullrom"
						},
						"1.25": {
							"post": [1, 1, 1],
							"lerp_mode": "catmullrom"
						},
						"1.375": {
							"post": [1.05, 1.05, 1.05],
							"lerp_mode": "catmullrom"
						},
						"1.5": [1, 1, 1]
					}
				},
				"leftLeg": {
					"rotation": {
						"0.0": [0, 0, 0],
						"0.25": {
							"pre": [0, 0, 15],
							"post": [0, 0, 15],
							"lerp_mode": "catmullrom"
						},
						"1.25": {
							"post": [0, 0, 15],
							"lerp_mode": "catmullrom"
						},
						"1.5": [0, 0, 0]
					}
				},
				"rightArm": {
					"rotation": {
						"0.25": {
							"pre": [0, 0, 0],
							"post": [0, 0, 0],
							"lerp_mode": "catmullrom"
						},
						"0.3333": {
							"post": [0, 0, -25],
							"lerp_mode": "catmullrom"
						},
						"0.5": {
							"post": [0, 0, 25],
							"lerp_mode": "catmullrom"
						},
						"0.625": {
							"post": [0, 0, 0],
							"lerp_mode": "catmullrom"
						},
						"0.7083": {
							"post": [0, 0, -25],
							"lerp_mode": "catmullrom"
						},
						"0.875": {
							"post": [0, 0, 25],
							"lerp_mode": "catmullrom"
						},
						"1.0": {
							"post": [0, 0, 0],
							"lerp_mode": "catmullrom"
						},
						"1.0833": {
							"post": [0, 0, -25],
							"lerp_mode": "catmullrom"
						},
						"1.25": {
							"post": [0, 0, 25],
							"lerp_mode": "catmullrom"
						},
						"1.5": [0, 0, 0]
					}
				}
			}
		},
		"animation.loadisk.mushi.move": {
			"loop": true,
			"animation_length": 1,
			"anim_time_update": "q.modified_distance_moved / 4",
			"bones": {
				"root": {
					"rotation": [-12.5, 0, 0],
					"position": {
						"0.125": {
							"pre": [0, 0, 0],
							"post": [0, 0, 0],
							"lerp_mode": "catmullrom"
						},
						"0.25": {
							"post": [0, 1, 0],
							"lerp_mode": "catmullrom"
						},
						"0.375": {
							"post": [0, 0, 0],
							"lerp_mode": "catmullrom"
						},
						"0.625": {
							"post": [0, 0, 0],
							"lerp_mode": "catmullrom"
						},
						"0.75": {
							"post": [0, 1, 0],
							"lerp_mode": "catmullrom"
						},
						"0.875": [0, 0, 0]
					}
				},
				"rightLeg": {
					"rotation": {
						"0.0": [0, 0, 0],
						"0.25": {
							"pre": [-20, 0, 0],
							"post": [-20, 0, 0],
							"lerp_mode": "catmullrom"
						},
						"0.5": {
							"post": [0, 0, 0],
							"lerp_mode": "catmullrom"
						},
						"0.75": {
							"post": [20, 0, 0],
							"lerp_mode": "catmullrom"
						},
						"1.0": [0, 0, 0]
					}
				},
				"leftLeg": {
					"rotation": {
						"0.0": [0, 0, 0],
						"0.25": {
							"pre": [20, 0, 0],
							"post": [20, 0, 0],
							"lerp_mode": "catmullrom"
						},
						"0.5": {
							"post": [0, 0, 0],
							"lerp_mode": "catmullrom"
						},
						"0.75": {
							"post": [-20, 0, 0],
							"lerp_mode": "catmullrom"
						},
						"1.0": [0, 0, 0]
					}
				},
				"rightArm": {
					"rotation": {
						"0.0": [0, 0, 0],
						"0.25": {
							"pre": [0, 0, -12.5],
							"post": [0, 0, -12.5],
							"lerp_mode": "catmullrom"
						},
						"0.5": {
							"post": [0, 0, 0],
							"lerp_mode": "catmullrom"
						},
						"0.75": {
							"post": [0, 0, 12.5],
							"lerp_mode": "catmullrom"
						},
						"1.0": [0, 0, 0]
					}
				},
				"leftArm": {
					"rotation": {
						"0.0": [0, 0, 0],
						"0.25": {
							"pre": [0, 0, 12.5],
							"post": [0, 0, 12.5],
							"lerp_mode": "catmullrom"
						},
						"0.5": {
							"post": [0, 0, 0],
							"lerp_mode": "catmullrom"
						},
						"0.75": {
							"post": [0, 0, -12.5],
							"lerp_mode": "catmullrom"
						},
						"1.0": [0, 0, 0]
					}
				}
			}
		},
		"animation.loadisk.mushi.run": {
			"loop": true,
			"animation_length": 1,
			"anim_time_update": "q.modified_distance_moved / 4",
			"bones": {
				"root": {
					"rotation": {
						"0.0": [-12.5, 0, 0],
						"0.25": [-12.60443, -7.32123, 1.63219],
						"0.5": [-12.5, 0, 0],
						"0.75": [-12.60443, 7.32123, -1.63219],
						"1.0": [-12.5, 0, 0]
					},
					"position": {
						"0.125": {
							"pre": [0, 0, 0],
							"post": [0, 0, 0],
							"lerp_mode": "catmullrom"
						},
						"0.25": {
							"post": [0, 1, 0],
							"lerp_mode": "catmullrom"
						},
						"0.375": {
							"post": [0, 0, 0],
							"lerp_mode": "catmullrom"
						},
						"0.625": {
							"post": [0, 0, 0],
							"lerp_mode": "catmullrom"
						},
						"0.75": {
							"post": [0, 1, 0],
							"lerp_mode": "catmullrom"
						},
						"0.875": [0, 0, 0]
					}
				},
				"rightLeg": {
					"rotation": {
						"0.0": [0, 0, 0],
						"0.25": {
							"pre": [-20, 0, 0],
							"post": [-20, 0, 0],
							"lerp_mode": "catmullrom"
						},
						"0.5": {
							"post": [0, 0, 0],
							"lerp_mode": "catmullrom"
						},
						"0.75": {
							"post": [20, 0, 0],
							"lerp_mode": "catmullrom"
						},
						"1.0": [0, 0, 0]
					}
				},
				"leftLeg": {
					"rotation": {
						"0.0": [0, 0, 0],
						"0.25": {
							"pre": [20, 0, 0],
							"post": [20, 0, 0],
							"lerp_mode": "catmullrom"
						},
						"0.5": {
							"post": [0, 0, 0],
							"lerp_mode": "catmullrom"
						},
						"0.75": {
							"post": [-20, 0, 0],
							"lerp_mode": "catmullrom"
						},
						"1.0": [0, 0, 0]
					}
				},
				"rightArm": {
					"rotation": {
						"0.0": [0, 0, 0],
						"0.25": {
							"pre": [0, 0, -12.5],
							"post": [0, 0, -12.5],
							"lerp_mode": "catmullrom"
						},
						"0.5": {
							"post": [0, 0, 0],
							"lerp_mode": "catmullrom"
						},
						"0.75": {
							"post": [0, 0, 12.5],
							"lerp_mode": "catmullrom"
						},
						"1.0": [0, 0, 0]
					}
				},
				"leftArm": {
					"rotation": {
						"0.0": [0, 0, 0],
						"0.25": {
							"pre": [0, 0, 12.5],
							"post": [0, 0, 12.5],
							"lerp_mode": "catmullrom"
						},
						"0.5": {
							"post": [0, 0, 0],
							"lerp_mode": "catmullrom"
						},
						"0.75": {
							"post": [0, 0, -12.5],
							"lerp_mode": "catmullrom"
						},
						"1.0": [0, 0, 0]
					}
				}
			}
		},
		"animation.loadisk.mushi.baby": {
			"loop": true,
			"bones": {
				"top": {
					"position": [0, -1, 0],
					"scale": 1.4
				}
			}
		},
		"animation.loadisk.mushi.attack": {
			"loop": true,
			"animation_length": 0.5,
			"bones": {
				"root": {
					"rotation": {
						"0.0": {
							"post": [0, 0, 0],
							"lerp_mode": "catmullrom"
						},
						"0.2083": {
							"post": [-10, 17.5, 0],
							"lerp_mode": "catmullrom"
						},
						"0.375": {
							"post": [7.5, -32.5, 0],
							"lerp_mode": "catmullrom"
						},
						"0.5": [0, 0, 0]
					}
				},
				"leftArm": {
					"rotation": {
						"0.0": {
							"post": [0, 0, 0],
							"lerp_mode": "catmullrom"
						},
						"0.2083": {
							"post": [8.0634, 21.07593, 21.50238],
							"lerp_mode": "catmullrom"
						},
						"0.375": {
							"post": [24.81581, -43.71099, -8.18],
							"lerp_mode": "catmullrom"
						},
						"0.5": [0, 0, 0]
					}
				},
				"rightArm": {
					"rotation": {
						"0.0": {
							"post": [0, 0, 0],
							"lerp_mode": "catmullrom"
						},
						"0.2083": {
							"post": [0, 0, 22.5],
							"lerp_mode": "catmullrom"
						},
						"0.375": {
							"post": [0, -12.5, 2.5],
							"lerp_mode": "catmullrom"
						},
						"0.5": [0, 0, 0]
					}
				},
				"leftLeg": {
					"rotation": {
						"0.0": {
							"post": [0, 0, 0],
							"lerp_mode": "catmullrom"
						},
						"0.2083": {
							"post": [7.5, 0, 10],
							"lerp_mode": "catmullrom"
						},
						"0.375": {
							"post": [-17.5, 0, 0],
							"lerp_mode": "catmullrom"
						},
						"0.5": [0, 0, 0]
					}
				}
			}
		}
	}
}