{
	"format_version": "1.8.0",
	"animations": {
		"animation.loadisk.star": {
			"animation_length": 1,
			"bones": {
				"star0": {
					"rotation": [0, 0, "query.life_time * 360 * 2"],
					"position": [0, 16, 1],
					"scale": {
						"0.5": [0, 0, 0],
						"0.625": [1, 1, 1],
						"0.8333": [3, 3, 3],
						"0.9167": [5, 5, 5],
						"1.0": [0, 0, 0]
					}
				},
				"star1": {
					"rotation": [0, "query.life_time * 360 * 2", "query.life_time * 360 * 0.05"],
					"position": {
						"0.0": [0, 0, 0],
						"0.125": [-16, 16, 0]
					},
					"scale": {
						"0.0": [0, 0, 0],
						"0.125": [1, 1, 1],
						"0.625": [1, 1, 1],
						"0.7917": [0, 0, 0]
					}
				},
				"star3": {
					"rotation": [0, "query.life_time * 360 * 2", 0],
					"position": {
						"0.25": [0, 0, 0],
						"0.375": [0, 32, 0]
					},
					"scale": {
						"0.25": [0, 0, 0],
						"0.375": [1, 1, 1],
						"0.625": [1, 1, 1],
						"0.7917": [0, 0, 0]
					}
				},
				"star2": {
					"rotation": [0, "query.life_time * 360 * -2", "query.life_time * 360 * -0.05"],
					"position": {
						"0.125": [0, 0, 0],
						"0.25": [16, 16, 0]
					},
					"scale": {
						"0.125": [0, 0, 0],
						"0.25": [1, 1, 1],
						"0.625": [1, 1, 1],
						"0.7917": [0, 0, 0]
					}
				}
			}
		},
		"animation.loadisk.star.idle": {
			"loop": true,
			"bones": {
				"star_root": {
					"scale": [0, 0, 0]
				}
			}
		}
	}
}