{
	"format_version": "1.8.0",
	"animations": {
		"animation.loadisk.wild_cat.move": {
			"loop": true,
			"anim_time_update": "query.modified_distance_moved",
			"bones": {
				"root": {
					"position": [0, "-0.2 + math.cos(query.anim_time * 38) *  0.2", 0]
				},
				"leg3": {
					"rotation": ["math.cos(query.anim_time * 38.17) *  20", 0, 0]
				},
				"leg2": {
					"rotation": ["math.cos(query.anim_time * 38.17) *  -20", 0, 0]
				},
				"leg4": {
					"rotation": ["math.cos(query.anim_time * 38.17) *  20", 0, 0]
				},
				"leg1": {
					"rotation": ["math.cos(query.anim_time * 38.17) *  -20", 0, 0]
				},
				"tail": {
					"rotation": ["math.cos(query.anim_time * 38) *  -10", 0, 0]
				},
				"tail2": {
					"rotation": ["math.cos(query.anim_time * 38) *  -15", 0, 0]
				},
				"tail3": {
					"rotation": ["math.cos(query.anim_time * 38) *  20", 0, 0]
				}
			}
		},
		"animation.loadisk.wild_cat.chase": {
			"loop": true,
			"anim_time_update": "query.modified_distance_moved",
			"bones": {
				"root": {
					"position": [0, "-1 + math.cos(query.anim_time * 38) *  1", 0]
				},
				"leg3": {
					"rotation": ["math.cos(query.anim_time * 38) *  -40.0", 0, 0]
				},
				"knee3": {
					"rotation": ["-12-math.cos(50-query.anim_time*38)*40", 0, 0]
				},
				"leg2": {
					"rotation": ["math.cos(query.anim_time * 38) *  -40.0", 0, 0]
				},
				"knee2": {
					"rotation": ["-12-math.cos(50-query.anim_time*38)*40", 0, 0]
				},
				"leg4": {
					"rotation": ["-1+math.cos(query.anim_time * 38) *  40.0", 12.70001, "-20+math.cos(query.anim_time * 38) *  25.0"]
				},
				"knee4": {
					"rotation": ["math.cos(query.anim_time * 38) *  40.0", 0, 0]
				},
				"leg1": {
					"rotation": ["-1+math.cos(query.anim_time * 38) *  40.0", -12.7, "20+math.cos(query.anim_time * 38) * -25.0"]
				},
				"knee1": {
					"rotation": ["math.cos(query.anim_time * 38) *  40.0", 0, 0]
				},
				"tail": {
					"rotation": ["math.cos(query.anim_time * 38) *  -15", 0, 0]
				},
				"tail2": {
					"rotation": ["math.cos(query.anim_time * 38) *  -20", 0, 0]
				},
				"tail3": {
					"rotation": ["math.cos(query.anim_time * 38) *  25", 0, 0]
				},
				"head": {
					"rotation": ["math.cos(query.anim_time * 38) *  5", 0, 0]
				},
				"torso": {
					"rotation": ["5 + math.cos(query.anim_time * 38) *  -15", 0, 0]
				},
				"ear2": {
					"rotation": [-22.5, 0, 0],
					"position": [0, -0.15, 0]
				},
				"ear1": {
					"rotation": [-22.5, 0, 0],
					"position": [0, -0.15, 0]
				}
			}
		},
		"animation.loadisk.wild_cat.sit": {
			"animation_length": 9.58333,
			"bones": {
				"root": {
					"rotation": [-7.5, 0, 0],
					"position": [0, -0.8, 0]
				},
				"body": {
					"rotation": [-82.5, 0, 0],
					"position": [0, -1, 1]
				},
				"leg1": {
					"rotation": [0, 0, 20]
				},
				"leg4": {
					"rotation": [0, 0, -20]
				},
				"tail": {
					"rotation": [90, 0, 0]
				},
				"torso": {
					"rotation": [62.5, 0, 0],
					"position": [0, 0.65, -0.35]
				},
				"head": {
					"rotation": [15, 0, 0],
					"position": [0, -1, 0]
				},
				"leg2": {
					"rotation": [2.5, 0, 0]
				},
				"leg3": {
					"rotation": [2.5, 0, 0]
				}
			}
		},
		"animation.loadisk.wild_cat.stay": {
			"loop": true,
			"bones": {
				"waist": {
					"rotation": [-15, 0, 0]
				},
				"leg1": {
					"rotation": [20, 0, 0],
					"position": [0, 1.1, -1.65]
				},
				"leg4": {
					"rotation": [20, 0, 0],
					"position": [0, 1.1, -1.65]
				},
				"tail": {
					"rotation": [-12.5, 0, 0]
				},
				"tail2": {
					"rotation": [-20, 0, 0]
				},
				"tail3": {
					"rotation": [20, 0, 0]
				}
			}
		},
		"animation.loadisk.wild_cat.idle": {
			"loop": true,
			"bones": {
				"body": {
					"position": [0, "math.cos(query.anim_time * 38.17) *  -0.1", 0]
				},
				"waist": {
					"scale": "0.98 + math.cos(query.anim_time * 38.17) *  -0.005"
				},
				"leg1": {
					"position": [0, "math.cos(query.anim_time * 38.17) *  0.1", 0]
				},
				"leg4": {
					"position": [0, "math.cos(query.anim_time * 38.17) *  0.1", 0]
				},
				"tail": {
					"rotation": ["math.cos(query.anim_time * 38.17) *  5", 0, 0]
				},
				"tail2": {
					"rotation": ["math.cos(query.anim_time * 38.17) *  5", 0, 0]
				},
				"tail3": {
					"rotation": ["math.cos(query.anim_time * 38.17) *  -5", 0, 0]
				},
				"torso": {
					"scale": "1 + math.cos(query.anim_time * 38.17) *  0.005"
				},
				"head": {
					"position": [0, "math.cos(query.anim_time * 38.17) *  -0.1", 0]
				},
				"leg2": {
					"position": [0, "math.cos(query.anim_time * 38.17) *  0.1", 0]
				},
				"leg3": {
					"position": [0, "math.cos(query.anim_time * 38.17) *  0.1", 0]
				}
			}
		},
		"animation.loadisk.wild_cat.attack": {
			"anim_time_update": "query.modified_distance_moved",
			"loop": true,
			"bones": {
				"head": {
					"rotation": ["-(math.sin((1 - math.pow((1 - variable.attack_time), 4)) * 180) * 1.2 + math.sin(variable.attack_time * 180)) * -60.0", 0, 0]
				}
			}
		},
		"animation.loadisk.wild_cat.baby_transform": {
			"loop": true,
			"bones": {
				"tail": {
					"scale": "0.5 + 0.5 * (1.0 - (query.model_scale * 16.0))"
				},
				"head": {
					"scale": "1.0 + 0.5 * (1.0 - (query.model_scale * 16.0))"
				}
			}
		}
	}
}