{
	"format_version": "1.8.0",
	"animations": {
		"animation.loadisk.wyvern.idle": {
			"loop": true,
			"bones": {
				"root": {
					"position": [0, 0, -3]
				},
				"body": {
					"position": [0, -1.125, 0]
				},
				"left_hip": {
					"rotation": [27.5, 0, 0]
				},
				"left_leg": {
					"rotation": [-25, 0, 0]
				},
				"right_hip": {
					"rotation": [27.5, 0, 0]
				},
				"right_leg": {
					"rotation": [-25, 0, 0]
				},
				"tail": {
					"rotation": [" math.sin(query.life_time*120)*10", 0, 0]
				},
				"tail2": {
					"rotation": ["20 + math.sin(query.life_time*130  )*6", 0, 0]
				},
				"tail3": {
					"rotation": ["12.5 + math.sin(query.life_time*140)*8", 0, 0]
				},
				"tail4": {
					"rotation": ["17.5 + math.sin(query.life_time*160)*10", 0, 0]
				},
				"chest": {
					"rotation": [-7.5, 0, 0]
				},
				"neck": {
					"rotation": ["math.sin(query.life_time*120)*3", 0, 0]
				},
				"neck2": {
					"rotation": ["30 + math.sin(query.life_time*160)*1.5", 0, 0]
				},
				"left_shoulder": {
					"rotation": [-14.61927, "-50.7199 + math.sin(query.life_time*120)*-3", -61.96952]
				},
				"left_arm": {
					"rotation": ["math.sin(query.life_time*120)*4.5", "2.5 + math.cos(query.life_time*120)*-3", 0]
				},
				"l_forearm": {
					"rotation": [-0.5, -27.5, 0]
				},
				"right_shoulder": {
					"rotation": [-14.61927, "50.7199 + math.sin(query.life_time*120)*3", 61.96952]
				},
				"right_arm": {
					"rotation": [" math.sin(query.life_time*120)*4.5", "2.5 + math.cos(query.life_time*120)*3", 0]
				},
				"r_forearm": {
					"rotation": [0.5, 27.5, 0]
				},
				"waist": {
					"rotation": ["-20 + math.sin(query.life_time*100)*-4.5", 0, 0],
					"position": [0, "math.sin(query.life_time*100)*0.5", 0]
				},
				"jaw": {
					"rotation": ["10 + math.sin(query.life_time*160 )*3", 0, 0]
				},
				"l_eyebrow1": {
					"position": [0, "math.sin(query.life_time*30)*-0.3", 0]
				},
				"r_eyebrow1": {
					"position": [0, "math.sin(query.life_time*30)*-0.3", 0]
				}
			}
		},
		"animation.loadisk.wyvern.glide": {
			"loop": true,
			"animation_length": 2,
			"bones": {
				"tail": {
					"rotation": ["math.sin(query.life_time * 180)", 0, 0]
				},
				"head": {
					"rotation": ["math.sin(query.life_time * -180)", 0, 0]
				},
				"left_shoulder": {
					"rotation": [0, 0, "math.sin(query.life_time * 180) "]
				},
				"l_forearm": {
					"rotation": [0, 0, "math.sin(query.life_time * 180) * 2"]
				},
				"right_shoulder": {
					"rotation": [0, 0, "math.sin(query.life_time * -180)"]
				},
				"r_forearm": {
					"rotation": [0, 0, "math.sin(query.life_time * -180) * 2"]
				},
				"left_hip": {
					"rotation": ["math.sin(query.life_time * -180)", 0, 0]
				},
				"left_thigh": {
					"rotation": [107.5, 0, 0]
				},
				"left_leg": {
					"rotation": [15, 0, 0]
				},
				"right_hip": {
					"rotation": ["math.sin(query.life_time * -180)", 0, 0]
				},
				"right_thigh": {
					"rotation": [107.5, 0, 0]
				},
				"right_leg": {
					"rotation": [15, 0, 0]
				}
			}
		},
		"animation.loadisk.wyvern.flap": {
			"loop": true,
			"animation_length": 2,
			"bones": {
				"tail": {
					"rotation": ["math.sin(query.life_time * 360) * 5", 0, 0]
				},
				"tail2": {
					"rotation": ["math.sin(query.life_time * 360) * 10", 0, 0]
				},
				"neck": {
					"rotation": ["math.sin(query.life_time * -360) * 3 ", 0, 0]
				},
				"l_eyebrow1": {
					"position": [0, "math.sin(query.life_time * 360) / 4 ", 0]
				},
				"r_eyebrow1": {
					"position": [0, "math.sin(query.life_time * 360) / 4 ", 0]
				},
				"left_shoulder": {
					"rotation": ["math.cos(query.life_time * 360) * 25", 0, "math.sin(query.life_time * -360) * 40"]
				},
				"left_arm": {
					"rotation": [0, 0, "math.sin(query.life_time * -360) "]
				},
				"l_forearm": {
					"rotation": [0, 0, "math.sin(query.life_time * -360) * 10"]
				},
				"right_shoulder": {
					"rotation": ["math.cos(query.life_time * 360) * 25", 0, "math.sin(query.life_time * 360) * 40"]
				},
				"right_arm": {
					"rotation": [0, 0, "math.sin(query.life_time * 360) "]
				},
				"r_forearm": {
					"rotation": [0, 0, "math.sin(query.life_time * 360) * 10"]
				}
			}
		},
		"animation.loadisk.wyvern.base_pose": {
			"loop": true,
			"bones": {
				"root": {
					"position": [0, 0, -3],
					"scale": 1
				},
				"body": {
					"position": [0, -1.125, 0]
				},
				"left_hip": {
					"rotation": [27.5, 0, 0]
				},
				"left_leg": {
					"rotation": [-25, 0, 0]
				},
				"right_hip": {
					"rotation": [27.5, 0, 0]
				},
				"right_leg": {
					"rotation": [-25, 0, 0]
				},
				"tail": {
					"rotation": [12.5, 0, 0]
				},
				"tail2": {
					"rotation": [20, 0, 0]
				},
				"tail3": {
					"rotation": [12.5, 0, 0]
				},
				"tail4": {
					"rotation": [17.5, 0, 0]
				},
				"chest": {
					"rotation": [-7.5, 0, 0]
				},
				"neck": {
					"rotation": [0, 0, 0]
				},
				"neck2": {
					"rotation": [30, 0, 0]
				},
				"left_shoulder": {
					"rotation": [-5.85542, -66.83052, -70.96734]
				},
				"left_arm": {
					"rotation": [0, 2.5, 0]
				},
				"l_forearm": {
					"rotation": [-0.5, -27.5, 0]
				},
				"right_shoulder": {
					"rotation": [-5.85543, 66.83052, 61.62552]
				},
				"right_arm": {
					"rotation": [0, 2.5, 0]
				},
				"r_forearm": {
					"rotation": [0.5, 27.5, 0]
				},
				"waist": {
					"rotation": [-12.5, 0, 0]
				}
			}
		},
		"animation.loadisk.wyvern.move": {
			"loop": true,
			"bones": {
				"root": {
					"position": [0, 0, -3]
				},
				"body": {
					"position": [0, -1.125, 0]
				},
				"left_hip": {
					"rotation": ["27.5 + (variable.tcos0 * -1.4)", 0, 0]
				},
				"left_leg": {
					"rotation": ["-25 + (variable.tcos0 * -0.5)", 0, 0]
				},
				"right_hip": {
					"rotation": ["27.5 + (variable.tcos0 * 1.4)", 0, 0]
				},
				"right_leg": {
					"rotation": ["-25 + (variable.tcos0 * -0.5)", 0, 0]
				},
				"tail": {
					"rotation": [12.5, 0, 0]
				},
				"tail2": {
					"rotation": [20, 0, 0]
				},
				"tail3": {
					"rotation": [12.5, 0, 0]
				},
				"tail4": {
					"rotation": [17.5, 0, 0]
				},
				"chest": {
					"rotation": [-7.5, 0, 0]
				},
				"neck": {
					"rotation": [0, 0, 0]
				},
				"neck2": {
					"rotation": [30, 0, 0]
				},
				"left_shoulder": {
					"rotation": [-5.85542, "-66.8305 + (variable.tcos0 * 0.5)", -70.96734]
				},
				"left_arm": {
					"rotation": [0, 2.5, 0]
				},
				"l_forearm": {
					"rotation": [-0.5, -27.5, 0]
				},
				"right_shoulder": {
					"rotation": [-5.85543, "66.8305 + (variable.tcos0 * -0.5)", 61.62552]
				},
				"right_arm": {
					"rotation": [0, 2.5, 0]
				},
				"r_forearm": {
					"rotation": [0.5, 27.5, 0]
				},
				"waist": {
					"rotation": [-12.5, 0, 0]
				},
				"left_thigh": {
					"rotation": [0, 0, 0]
				},
				"head": {
					"rotation": ["variable.tcos0 * 0.5", 0, 0]
				}
			}
		}
	}
}