{
	"format_version": "1.8.0",
	"animations": {
		"animation.miner.walk": {
			"loop": true,
			"animation_length": 0.081,
			"bones": {
				"head": {
					"position": {
						"0.0": [0, 0, 0],
						"0.04": [0, 0.1, 0],
						"0.08": [0, 0, 0]
					}
				},
				"left_tread1": {
					"scale": {
						"0.0": [1, 1, 1],
						"0.08": [0.9, 0.9, 0.9]
					}
				},
				"right_tread1": {
					"scale": {
						"0.0": [1, 1, 1],
						"0.08": [0.9, 0.9, 0.9]
					}
				},
				"right_tread2": {
					"scale": {
						"0.0": [0.9, 0.9, 0.9],
						"0.08": [1, 1, 1]
					}
				},
				"left_tread2": {
					"scale": {
						"0.0": [0.9, 0.9, 0.9],
						"0.08": [1, 1, 1]
					}
				},
				"chassis": {
					"position": {
						"0.0": [0, 0, 0],
						"0.04": [0, 0.1, 0],
						"0.08": [0, 0, 0]
					}
				}
			}
		},
		"animation.miner.idle": {
			"loop": true,
			"animation_length": 0.72,
			"bones": {
				"head": {
					"rotation": {
						"0.0": [17.5, 0, 0],
						"0.36": [17.7, 0, 0],
						"0.72": [17.5, 0, 0]
					}
				},
				"tred4": {
					"scale": 0
				},
				"tred01": {
					"scale": 0
				},
				"drill": {
					"rotation": {
						"0.0": [17.5, 0, 0],
						"0.36": [18, 0, 0],
						"0.72": [17.5, 0, 0]
					}
				},
				"right_tread2": {
					"scale": 1
				}
			}
		},
		"animation.miner.dig": {
			"loop": true,
			"animation_length": 0.081,
			"bones": {
				"head": {
					"position": {
						"0.0": [0, 0, 0],
						"0.04": [0, 0.1, 0],
						"0.08": [0, 0, 0]
					}
				},
				"tred2": {
					"scale": {
						"0.0": [1, 1, 1],
						"0.08": [0.9, 0.9, 0.9]
					}
				},
				"tred4": {
					"scale": {
						"0.0": [0.9, 0.9, 0.9],
						"0.08": [1, 1, 1]
					}
				},
				"tred00": {
					"scale": {
						"0.0": [1, 1, 1],
						"0.08": [0.9, 0.9, 0.9]
					}
				},
				"tred01": {
					"scale": {
						"0.0": [0.9, 0.9, 0.9],
						"0.08": [1, 1, 1]
					}
				},
				"body": {
					"position": {
						"0.0": [0, 0, 0],
						"0.04": [0, 0.1, 0],
						"0.08": [0, 0, 0]
					}
				},
				"left_tread1": {
					"scale": {
						"0.0": [1, 1, 1],
						"0.08": [0.9, 0.9, 0.9]
					}
				},
				"drill": {
					"position": {
						"0.0": [0, 0, 0],
						"0.04": [0, 0.1, 0],
						"0.08": [0, 0, 0]
					}
				},
				"right_tread1": {
					"scale": {
						"0.0": [1, 1, 1],
						"0.08": [0.9, 0.9, 0.9]
					}
				},
				"right_tread2": {
					"scale": {
						"0.0": [0.9, 0.9, 0.9],
						"0.08": [1, 1, 1]
					}
				},
				"left_tread2": {
					"scale": {
						"0.0": [0.9, 0.9, 0.9],
						"0.08": [1, 1, 1]
					}
				},
				"tip": {
					"rotation": {
						"0.0": [0, 0, 360],
						"0.08": [0, 0, 0]
					}
				},
				"chassis": {
					"position": {
						"0.0": [0, 0, 0],
						"0.04": [0, 0.1, 0],
						"0.08": [0, 0, 0]
					}
				}
			}
		},
		"animation.wagon.no_drill": {
			"loop": true,
			"animation_length": 0.046,
			"bones": {
				"tip": {
					"scale": 0
				}
			}
		},
		"animation.wagon.scale": {
			"loop": true,
			"bones": {
				"lab_miner": {
					"scale": 2
				}
			}
		},
		"animation.miner.look_at_target": {
			"loop": true,
			"animation_length": 0.0075,
			"bones": {
				"lab_miner": {
					"rotation": [0, "query.target_y_rotation - this", 0]
				}
			}
		},
		"animation.miner.lever_on": {
			"loop": true,
			"animation_length": 0.0042,
			"bones": {
				"drill": {
					"rotation": [-47.5, 0, 0]
				}
			}
		},
		"animation.miner.lever_off": {
			"loop": true,
			"animation_length": 0.0042,
			"bones": {
				"head": {
					"rotation": [47.5, 0, 0]
				},
				"drill": {
					"rotation": [47.5, 0, 0]
				}
			}
		}
	}
}