{
	"format_version": "1.8.0",
	"animations": {
		"animation.pump.squeez": {
			"loop": true,
			"animation_length": 1.04,
			"bones": {
				"ring00": {
					"position": {
						"0.0": [0, 0, 0],
						"0.52": [0, -1, 0],
						"1.04": [0, 0, 0]
					}
				},
				"ring02": {
					"position": {
						"0.0": [0, 0, 0],
						"0.52": [0, 1, 0],
						"1.04": [0, 0, 0]
					}
				},
				"box": {
					"scale": {
						"0.0": [1, 1, 1],
						"0.52": [1, 0.8, 1],
						"1.04": [1, 1, 1]
					}
				}
			}
		}
	}
}