{
	"format_version": "1.12",
	"minecraft:recipe_shapeless": {
		"description": {
			"identifier": "lab:auto_miner.rainbow" 
		},
		"tags": [
			"crafting_table"
		],
		"ingredients": [
			{
				"item": "minecraft:blue_dye"
			},
			{
				"item": "minecraft:cyan_dye"
			},
			{
				"item": "minecraft:red_dye"
			},
			{
				"item": "minecraft:lime_dye"
			},
			{
				"item": "minecraft:orange_dye"
			},
			{
				"item": "minecraft:magenta_dye"
			},
			{
				"item": "minecraft:yellow_dye"
			},
			{
				"item": "minecraft:purple_dye"
			},
			{
				"item": "spawn_egg",
				"data": "query.get_actor_info_id('lab:auto_miner')"
			}
		],
		"result": {
			"item": "spawn_egg",
			"data": "query.get_actor_info_id('lab:auto_miner.rainbow')"
		}
	}
}