{
    "format_version": "1.8.0",
    "animations": {
      "animation.lab.pump_recall": {
        "loop": true,
        "animation_length": 0.6,
        "timeline": {
          "0.0": [
            "/playsound beacon.deactivate @a[r=6] ~ ~ ~ 1 1 1", 
            "/particle minecraft:large_explosion ~ ~1.5 ~",
            "/particle minecraft:large_explosion ~ ~-0.5 ~",
            "/tellraw @a {\"rawtext\":[{\"selector\":\"@p[r=3,c=1]\"},{\"translate\" : \"pump.recall\"}]}",
            "/event entity @e[family=lab.auto_miner] lab:off_event",
            "/tp @e[family=lab.auto_miner] @s",
            "/event entity @e[type=lab:pump] lab:stop_pumping_event"
          ],
          "0.3": [
            "/say ran",
            "/kill @e[family=lab.auto_miner,r=2]",
            "@s lab:stop_recall_event"
          ]
        }
      }
    }
  }