{
  "format_version": "1.8.0",
  "animations": {
    "animation.lab.rotate0": {
      "loop": false,
      "animation_length": 0.5,
      "timeline": {
        "0.0": [
          "/tp @s ~ ~ ~ facing ~ ~ ~1"
        ]
      }
    },
    "animation.lab.rotate1": {
      "loop": false,
      "animation_length": 0.5,
      "timeline": {
        "0.0": [
          "/tp @s ~ ~ ~ facing ~1 ~ ~"
        ]
      }
    },
    "animation.lab.rotate2": {
      "loop": false,
      "animation_length": 0.5,
      "timeline": {
        "0.0": [
          "/tp @s ~ ~ ~ facing ~ ~ ~-1"
        ]
      }
    },
    "animation.lab.rotate3": {
      "loop": false,
      "animation_length": 0.5,
      "timeline": {
        "0.0": [
          "/tp @s ~ ~ ~ facing ~-1 ~ ~"
        ]
      }
    }
  }
}