{
    "format_version": "1.10.0",
    "animation_controllers": {
		"controller.animation.lab.player.items": {
			"initial_state" : "state_filter",
			"states": {
				"swing_item": {
					"transitions": [{"state_filter": "variable.attack_time == 0.0 || q.get_equipped_item_name != 'name'"}],
					"on_entry": ["/say triggered by swing_item"]
				},
				"use_bag": {
					"transitions": [{"state_filter": "!q.is_using_item || q.get_equipped_item_name != 'bag'"}],
					"on_entry": [
						"/replaceitem entity @s slot.weapon.mainhand 0 air",
						"/playsound random.pop @s",
						"/particle lab:bag ~ ~ ~",
						"/playsound random.levelup @s",
						"/clear @s barrier 0 1"
					]
				},
				"use_heart_jar": {
					"transitions": [{"state_filter": "!q.is_using_item || q.get_equipped_item_name != 'heart_jar'"}],
					"on_entry": [
						"/scoreboard players add @s score.life 1",
						"/replaceitem entity @s slot.weapon.mainhand 0 lab:empty_jar",
						"/particle lab:heart ~ ~ ~",
						"/playsound random.pop @s",
						"/playsound random.levelup @s",
						"/playsound random.glass @s"
					]
				},
				"use_revive": {
					"transitions": [{"state_filter": "!q.is_using_item || q.get_equipped_item_name != 'revive'"}],
					"on_entry": [
						"/summon lightning_bolt ~ ~5 ~",
						"/replaceitem entity @s slot.weapon.mainhand 0 air",
						"/playsound random.pop @s",
						"/particle lab:revive ~ ~ ~",
						"/execute @a ~ ~ ~ particle lab:cyan_heart ~ ~ ~",
						"/tag @a [scores={score.life=..0}] remove dead",
						"/execute @s ~ ~ ~ tp @a [scores={score.life=..0}] ~ ~40 ~ facing ~ ~-1 ~",
						"/effect @a [scores={score.life=..0}] resistance 5 200 true",
						"/scoreboard players add @a [scores={score.life=..0}] score.life 1",
						"/playsound random.glass @s",
						"/playsound random.totem @a"
					]
				},
				"use_water_bottle": {
					"transitions": [{"state_filter": "!q.is_using_item || q.get_equipped_item_name != 'potion'"}],
					"animations": ["drink"]
				},
				"state_filter": {
					"transitions": [
						{"swing_item": "q.death_ticks == 0 && variable.attack_time > 0.0 && q.get_equipped_item_name == 'name'"},
						{"use_bag": "q.death_ticks == 0 && q.is_using_item && q.get_equipped_item_name == 'bag'"},
						{"use_heart_jar": "q.death_ticks == 0 && q.is_using_item && q.get_equipped_item_name == 'heart_jar'"},
						{"use_revive": "q.death_ticks == 0 && q.is_using_item && q.get_equipped_item_name == 'revive'"},
						{"use_water_bottle": "q.death_ticks == 0 && q.is_using_item && q.get_equipped_item_name == 'potion'"}
					]
				}
			}
		}
    }
}