{
  "format_version": "1.17.10",
  "minecraft:entity": {
    "description": {
      "identifier": "loadisk:piranha",
      "runtime_identifier":"minecraft:cod",
      "is_spawnable": true,
      "is_summonable": true,
      "is_experimental": false
    },
    "component_groups":{
      "loadisk:despawn":{"minecraft:instant_despawn":{}}
    },
    "components": {
      "minecraft:is_hidden_when_invisible": {
      },
      "minecraft:experience_reward": {
        "on_death": "query.last_hit_by_player ? 3 : 0"
      },
      "minecraft:nameable": {
      },

      "minecraft:type_family": {
        "family": [ "piranha"]
      },
      "minecraft:collision_box": {
        "width": 0.5,
        "height": 0.5
      },
      "minecraft:breathable": {
        "total_supply": 15,
        "suffocate_time": 0,
        "breathes_air": false,
        "breathes_water": true
      },
      "minecraft:movement": {
        "value": 0.40
      },
      "minecraft:underwater_movement": {
        "value": 0.40
      },
      "minecraft:navigation.generic": { // Allows the mob to go through water
        "is_amphibious": false,
        "can_path_over_water": false,
        "can_swim": true,
        "can_walk": false,
        "can_breach": false,
        "can_sink": false
      },
      "minecraft:movement.sway": {
        "sway_amplitude": 0.0
      },
      "minecraft:physics": {
        "has_gravity": false
      },
      "minecraft:health": {
        "value": 6,
        "max": 6
      },
      "minecraft:hurt_on_condition": {
        "damage_conditions": [
          {
            "filters": { "test": "in_lava", "subject": "self", "operator": "==", "value": true },
            "cause": "lava",
            "damage_per_tick": 4
          }
        ]
      },
      "minecraft:attack": {"damage": 1},
      "minecraft:despawn": {"despawn_from_distance": {}},
      "minecraft:behavior.float": {"priority": 0},
      "minecraft:behavior.melee_attack": {"priority": 3,"track_target": true},
      "minecraft:behavior.nearest_attackable_target": {
        "priority": 1,
        "must_see": true,
        "within_radius": 16.0,
        "entity_types": [
          {
            "filters": {
              "any_of": [
                {
                  "test": "is_family",
                  "subject": "other",
                  "value": "fish"
                }
              ]
            },
            "max_dist": 16
          },
          {
            "filters": {
              "any_of": [
                {
                  "test": "is_family",
                  "subject": "other",
                  "value": "player"
                }
              ]
            },
            "max_dist": 16
          },
          {
            "filters": {
              "any_of": [
                {
                  "test": "is_family",
                  "subject": "other",
                  "value": "player"
                }
              ]
            },
            "max_dist": 16
          },
          {
            "filters": {
              "any_of": [
                {
                  "test": "is_family",
                  "subject": "other",
                  "value": "squid"
                }
              ]
            },
            "max_dist": 16
          },
          {
            "filters": {
              "any_of": [
                {
                  "test": "is_family",
                  "subject": "other",
                  "value": "drowned"
                }
              ]
            },
            "max_dist": 16
          }
        ]
      },
      "minecraft:behavior.random_stroll": {
        "priority": 6,
        "speed_multiplier": 1
      },
      "minecraft:pushable": {
        "is_pushable": true,
        "is_pushable_by_piston": true
      },
      "minecraft:conditional_bandwidth_optimization": {
      },
      "minecraft:block_climber": {
      },
      "minecraft:interact": {
        "interactions": [
          {
            "on_interact": {
              "filters": {
                "all_of": [
                  { "test": "is_family", "subject" : "other", "value" :  "player"},
                  { "test": "has_equipment", "domain": "hand", "subject": "other", "value": "bucket:0"}
                ]
              },
							"event": "loadisk:pick_up_event",
							"target": "self"
            },
            "use_item": true,
            "add_items": {
              "table": "loot_tables/fish/piranha.json"
            },
            "play_sounds": "milk"
          }
        ]
      }
    },
    "events":{
      "loadisk:pick_up_event": {"add": {"component_groups": ["loadisk:despawn"]}}
    }
  }
}
