{
  "format_version": "1.10.0",
  "minecraft:client_entity": {
    "description": {
      "identifier": "loadisk:leech",
      "materials": { "default": "salmon" },
      "textures": {
        "default": "textures/entity/fish/leech"
      },
      "geometry": {
        "default": "geometry.loadisk.leech"
      },
      "scripts": {
        "pre_animation": [
          "v.attack = q.is_delayed_attacking;",
          "variable.ZRot = !query.is_in_water ? Math.cos((query.time_stamp + query.frame_alpha) * 14.32) * 90 : 0.0;"
        ],
        "animate": ["general","attack"]
      },
      "animations": {
        "flop": "animation.loadisk.fish.flop",
        "swim": "animation.loadisk.leech.swim",
        "attack": "animation.loadisk.leech.attack",
        "general": "controller.animation.loadisk.fish.general"
      },
      "render_controllers": [ "controller.render.salmon" ],
      "spawn_egg": {"texture": "loadisk:leech_spawn_egg"}
    }
  }
}