{
  "format_version": "1.8.0",
  "minecraft:client_entity": {
    "description": {
      "identifier": "loadisk:bass",
      "materials": { "default": "salmon" },
      "textures": {
        "skin00": "textures/entity/fish/bass/blue",
        "skin01": "textures/entity/fish/bass/cyan",
        "skin02": "textures/entity/fish/bass/green",
        "skin03": "textures/entity/fish/bass/red"
      },
      "geometry": {
        "default": "geometry.loadisk.bass"
      },
      "scripts": {
        "pre_animation": [
          "variable.ZRot = !query.is_in_water ? Math.cos((query.time_stamp + query.frame_alpha) * 14.32) * 90 : 0.0;"
        ]
      },
      "animations": {
        "flop": "animation.loadisk.fish.flop",
        "swim": "animation.loadisk.fish.sway"
      },
      "animation_controllers": [
        {
          "general": "controller.animation.loadisk.fish.general"
        }
      ],
      "render_controllers": [ "controller.render.loadisk.4_texture" ],
      "spawn_egg": {"texture": "loadisk:bass_spawn_egg"}
    }
  }
}