{
	"format_version": "1.12.0",
	"minecraft:geometry": [
		{
			"description": {
				"identifier": "geometry.lab.marker",
				"texture_width": 16,
				"texture_height": 16,
				"visible_bounds_width": 2,
				"visible_bounds_height": 2.5,
				"visible_bounds_offset": [0, 0.75, 0]
			},
			"bones": [
				{
					"name": "lab_marker",
					"pivot": [0, 3, 0]
				},
				{
					"name": "cube",
					"parent": "lab_marker",
					"pivot": [0, 5.5, 0],
					"cubes": [
						{"origin": [-1.5, 4, -1.5], "size": [3, 3, 3], "uv": [0, 7]}
					]
				},
				{
					"name": "head",
					"parent": "lab_marker",
					"pivot": [0, 10.5, 0],
					"cubes": [
						{"origin": [-3.5, 7, 0], "size": [7, 7, 0], "pivot": [0, 0, 0], "rotation": [0, -90, 0], "uv": [0, 0]}
					]
				}
			]
		}
	]
}