{
	"format_version": "1.12.0",
	"minecraft:geometry": [
		{
			"description": {
				"identifier": "geometry.lab.auto_miner",
				"texture_width": 128,
				"texture_height": 128,
				"visible_bounds_width": 4,
				"visible_bounds_height": 3.5,
				"visible_bounds_offset": [0, 1.25, 0]
			},
			"bones": [
				{
					"name": "lab_miner",
					"pivot": [0, 0, 1]
				},
				{
					"name": "base",
					"parent": "lab_miner",
					"pivot": [0, 0, 1]
				},
				{
					"name": "chassis",
					"parent": "base",
					"pivot": [0, 0, -1],
					"cubes": [
						{"origin": [-2, 0, -4], "size": [4, 5, 9], "uv": [75, 3]},
						{"origin": [-2, 0, -7], "size": [4, 4, 3], "uv": [75, 29]},
						{"origin": [-4, 1, 4], "size": [8, 6, 4], "inflate": 0.01, "uv": [75, 18]}
					]
				},
				{
					"name": "treads",
					"parent": "lab_miner",
					"pivot": [0, 0, 1],
					"cubes": [
						{"origin": [-7, 1, -2.5], "size": [14, 2, 2], "uv": [96, 110]},
						{"origin": [-7, 1, 1], "size": [14, 2, 2], "uv": [96, 110]},
						{"origin": [-7, 1, 4], "size": [14, 2, 2], "uv": [96, 110]},
						{"origin": [-7, 1, -6], "size": [14, 2, 2], "uv": [96, 110]}
					]
				},
				{
					"name": "right_tread1",
					"parent": "treads",
					"pivot": [-4.5, 2, 0],
					"cubes": [
						{"origin": [-6, 1, -7], "size": [3, 2, 1], "uv": [98, 96]},
						{"origin": [-6, 0, -6], "size": [3, 1, 12], "uv": [67, 96]},
						{"origin": [-6, 3, -6], "size": [3, 1, 12], "uv": [98, 96]},
						{"origin": [-6, 1, 6], "size": [3, 2, 1], "uv": [98, 100]}
					]
				},
				{
					"name": "right_tread2",
					"parent": "treads",
					"pivot": [-4.5, 2, 0],
					"cubes": [
						{"origin": [-6, 1, -7], "size": [3, 2, 1], "uv": [98, 115]},
						{"origin": [-6, 0, -6], "size": [3, 1, 12], "uv": [67, 115]},
						{"origin": [-6, 3, -6], "size": [3, 1, 12], "uv": [98, 115]},
						{"origin": [-6, 1, 6], "size": [3, 2, 1], "uv": [98, 119]}
					]
				},
				{
					"name": "left_tread1",
					"parent": "treads",
					"pivot": [4.5, 2, 0],
					"cubes": [
						{"origin": [3, 1, -7], "size": [3, 2, 1], "uv": [98, 96]},
						{"origin": [3, 0, -6], "size": [3, 1, 12], "uv": [67, 96]},
						{"origin": [3, 3, -6], "size": [3, 1, 12], "uv": [98, 96]},
						{"origin": [3, 1, 6], "size": [3, 2, 1], "uv": [98, 100]}
					]
				},
				{
					"name": "left_tread2",
					"parent": "treads",
					"pivot": [4.5, 2, 0],
					"cubes": [
						{"origin": [3, 1, -7], "size": [3, 2, 1], "uv": [98, 115]},
						{"origin": [3, 0, -6], "size": [3, 1, 12], "uv": [67, 115]},
						{"origin": [3, 3, -6], "size": [3, 1, 12], "uv": [98, 115]},
						{"origin": [3, 1, 6], "size": [3, 2, 1], "uv": [98, 119]}
					]
				},
				{
					"name": "head",
					"parent": "lab_miner",
					"pivot": [0, 5, 0],
					"cubes": [
						{"origin": [-3, 8, -5], "size": [6, 1, 10], "uv": [75, 49]},
						{"origin": [-2, 6, 2], "size": [4, 2, 1], "uv": [93, 8]},
						{"origin": [-2, 6, -0.5], "size": [4, 2, 1], "uv": [93, 8]},
						{"origin": [-2, 6, -3], "size": [4, 2, 1], "uv": [93, 8]},
						{"origin": [-1, 6, -4], "size": [2, 2, 8], "uv": [104, 6]},
						{"origin": [-3, 5, -5], "size": [6, 1, 10], "uv": [75, 37]}
					]
				},
				{
					"name": "tip",
					"parent": "head",
					"pivot": [0, 7, -6.5],
					"cubes": [
						{"origin": [-0.5, 6.5, -13], "size": [1, 1, 16], "uv": [0, 0]},
						{"origin": [-1.5, 8.5, -8], "size": [3, 1, 2], "uv": [0, 0]},
						{"origin": [-1.5, 4.5, -8], "size": [3, 1, 2], "uv": [0, 4]},
						{"origin": [-1.5, 5.5, -9], "size": [3, 3, 2], "uv": [0, 8]},
						{"origin": [-1.25, 5.75, -10], "size": [2.5, 2.5, 1], "uv": [26, 1]},
						{"origin": [-1, 6, -11], "size": [2, 2, 1], "uv": [26, 1]},
						{"origin": [-1, 6, -11], "size": [2, 2, 1], "uv": [26, 1]},
						{"origin": [-0.75, 6.25, -12], "size": [1.5, 1.5, 1], "uv": [26, 5]},
						{"origin": [-2.5, 5.5, -8], "size": [1, 3, 2], "uv": [19, 0]},
						{"origin": [1.5, 5.5, -8], "size": [1, 3, 2], "uv": [19, 6]}
					]
				}
			]
		}
	]
}