{
	"format_version": "1.10.0",
	"minecraft:client_entity": {
		"description": {
			"identifier": "lab:pump",
			"materials": {
				"default": "skeleton"
			},
			"textures": {
				"default": "textures/lab/auto_miner/pump",
				"blackstone": "textures/lab/auto_miner/blocks/blackstone",
				"clay": "textures/lab/auto_miner/blocks/clay",
				"dirt": "textures/lab/auto_miner/blocks/dirt",
				"gravel": "textures/lab/auto_miner/blocks/gravel",
				"oak": "textures/lab/auto_miner/blocks/oak",
				"sandstone": "textures/lab/auto_miner/blocks/sandstone",
				"stone": "textures/lab/auto_miner/blocks/stone",
				"netherrack": "textures/lab/auto_miner/blocks/netherrack",
				"diamond": "textures/lab/auto_miner/blocks/diamond"
			},
			"geometry": {
				"default": "geometry.lab.pump",
				"icon": "geometry.lab.marker"
			},
			"scripts":{
				"animate": [
					"rotate",
					"pump.c"
				]
			},
			"animations":{
				"squeez": "animation.pump.squeez",
				"rotate": "animation.lab.roate_block",
				"pump.c": "controller.animation.lab.pump"
			},
			"render_controllers": [
				"controller.render.lab.pump",
				{"controller.render.lab.marker":"q.variant > 0"}
			],			
			"spawn_egg": {
				"texture": "lab:pump"
			  }
			
		}
	}
}